{"type":"FeatureCollection","features":[{"type":"Feature","properties":{},"geometry":{"type":"MultiPolygon","coordinates":[[[[30.448556,50.499572],[30.448507,50.499522],[30.448452,50.499475],[30.448393,50.49943],[30.44833,50.499387],[30.448262,50.499347],[30.448191,50.49931],[30.448115,50.499276],[30.448037,50.499245],[30.447955,50.499218],[30.447871,50.499194],[30.447784,50.499173],[30.447696,50.499157],[30.447606,50.499144],[30.447515,50.499134],[30.447423,50.499129],[30.447331,50.499127],[30.447239,50.49913],[30.447147,50.499136],[30.447056,50.499146],[30.446966,50.49916],[30.446878,50.499177],[30.446792,50.499198],[30.446708,50.499223],[30.446627,50.499251],[30.446549,50.499282],[30.446475,50.499317],[30.446404,50.499354],[30.446337,50.499395],[30.446274,50.499438],[30.446216,50.499483],[30.446163,50.499531],[30.446115,50.499582],[30.446072,50.499634],[30.446034,50.499687],[30.446002,50.499743],[30.445976,50.499799],[30.445955,50.499856],[30.445941,50.499914],[30.445932,50.499973],[30.44593,50.500032],[30.445934,50.500091],[30.445943,50.500149],[30.445959,50.500207],[30.44598,50.500264],[30.446008,50.50032],[30.446041,50.500375],[30.446079,50.500429],[30.446123,50.500481],[30.446172,50.50053],[30.446226,50.500578],[30.446285,50.500623],[30.446349,50.500666],[30.446417,50.500706],[30.446488,50.500743],[30.446563,50.500777],[30.446642,50.500808],[30.446724,50.500835],[30.446808,50.500859],[30.446894,50.500879],[30.446983,50.500896],[30.447073,50.500909],[30.447164,50.500918],[30.447256,50.500924],[30.447348,50.500925],[30.44744,50.500923],[30.447532,50.500917],[30.447623,50.500907],[30.447712,50.500893],[30.447801,50.500876],[30.447887,50.500855],[30.44797,50.50083],[30.448051,50.500802],[30.44813,50.500771],[30.448204,50.500736],[30.448275,50.500699],[30.448342,50.500658],[30.448405,50.500615],[30.448463,50.500569],[30.448516,50.500521],[30.448564,50.500471],[30.448607,50.500419],[30.448645,50.500365],[30.448677,50.50031],[30.448703,50.500254],[30.448723,50.500196],[30.448738,50.500138],[30.448746,50.50008],[30.448749,50.500021],[30.448745,50.499962],[30.448736,50.499904],[30.44872,50.499846],[30.448699,50.499789],[30.448671,50.499732],[30.448638,50.499677],[30.4486,50.499624],[30.448556,50.499572]]],[[[30.455891,50.500986],[30.455837,50.500938],[30.455778,50.500893],[30.455715,50.50085],[30.455647,50.500811],[30.455575,50.500773],[30.4555,50.50074],[30.455421,50.500709],[30.45534,50.500681],[30.455255,50.500657],[30.455169,50.500637],[30.45508,50.50062],[30.454991,50.500607],[30.454899,50.500598],[30.454808,50.500593],[30.454715,50.500591],[30.454623,50.500593],[30.454531,50.500599],[30.454441,50.500609],[30.454351,50.500623],[30.454263,50.500641],[30.454177,50.500662],[30.454093,50.500686],[30.454012,50.500714],[30.453934,50.500746],[30.453859,50.50078],[30.453788,50.500818],[30.453721,50.500858],[30.453659,50.500901],[30.453601,50.500947],[30.45358,50.500966],[30.453499,50.500971],[30.453408,50.500981],[30.453318,50.500995],[30.45323,50.501013],[30.453144,50.501034],[30.45306,50.501058],[30.452979,50.501086],[30.452901,50.501118],[30.452826,50.501152],[30.452755,50.50119],[30.452688,50.50123],[30.452626,50.501273],[30.452568,50.501319],[30.452514,50.501367],[30.452466,50.501417],[30.452423,50.501469],[30.452386,50.501523],[30.452354,50.501578],[30.452327,50.501635],[30.45232,50.501656],[30.452299,50.501654],[30.452208,50.501649],[30.452115,50.501647],[30.452023,50.501649],[30.451932,50.501655],[30.451841,50.501665],[30.451751,50.501679],[30.451663,50.501697],[30.451577,50.501718],[30.451504,50.501739],[30.451498,50.501702],[30.451482,50.501644],[30.451461,50.501587],[30.451433,50.50153],[30.4514,50.501475],[30.451362,50.501422],[30.451318,50.50137],[30.451269,50.501321],[30.451214,50.501273],[30.451155,50.501228],[30.451092,50.501185],[30.451024,50.501145],[30.450953,50.501108],[30.450877,50.501074],[30.450799,50.501043],[30.450717,50.501016],[30.450633,50.500992],[30.450546,50.500972],[30.450458,50.500955],[30.450368,50.500942],[30.450277,50.500933],[30.450185,50.500927],[30.450093,50.500926],[30.450001,50.500928],[30.449909,50.500934],[30.449818,50.500944],[30.449728,50.500958],[30.44964,50.500975],[30.449554,50.500996],[30.44947,50.501021],[30.449389,50.501049],[30.449311,50.50108],[30.449237,50.501115],[30.449166,50.501152],[30.449099,50.501193],[30.449036,50.501236],[30.448978,50.501282],[30.448925,50.50133],[30.448877,50.50138],[30.448834,50.501432],[30.448796,50.501486],[30.448764,50.501541],[30.448738,50.501597],[30.448717,50.501654],[30.448703,50.501713],[30.448694,50.501771],[30.448692,50.50183],[30.448696,50.501889],[30.448705,50.501947],[30.448721,50.502005],[30.448742,50.502062],[30.44877,50.502119],[30.448803,50.502174],[30.448841,50.502227],[30.448885,50.502279],[30.448934,50.502328],[30.448988,50.502376],[30.449047,50.502421],[30.449111,50.502464],[30.449179,50.502504],[30.44925,50.502541],[30.449325,50.502575],[30.449404,50.502606],[30.449486,50.502633],[30.44957,50.502657],[30.449656,50.502677],[30.449745,50.502694],[30.449835,50.502707],[30.449926,50.502716],[30.450018,50.502722],[30.45011,50.502723],[30.450202,50.502721],[30.450294,50.502715],[30.450385,50.502705],[30.450474,50.502691],[30.450563,50.502674],[30.450649,50.502653],[30.450722,50.502632],[30.450728,50.502669],[30.450743,50.502727],[30.450765,50.502784],[30.450792,50.50284],[30.450825,50.502895],[30.450864,50.502948],[30.450908,50.503],[30.450957,50.50305],[30.451011,50.503098],[30.45107,50.503143],[30.451133,50.503186],[30.451201,50.503225],[30.451273,50.503263],[30.451287,50.503269],[30.45121,50.503295],[30.451132,50.503327],[30.451057,50.503361],[30.450986,50.503399],[30.450919,50.503439],[30.450857,50.503482],[30.450855,50.503484],[30.450819,50.503448],[30.450765,50.5034],[30.450706,50.503355],[30.450643,50.503312],[30.450575,50.503272],[30.450503,50.503235],[30.450428,50.503201],[30.450349,50.503171],[30.450268,50.503143],[30.450184,50.503119],[30.450097,50.503099],[30.450009,50.503082],[30.449919,50.503069],[30.449828,50.50306],[30.449736,50.503054],[30.449644,50.503053],[30.449551,50.503055],[30.44946,50.503061],[30.449369,50.503071],[30.449279,50.503085],[30.449191,50.503102],[30.449105,50.503123],[30.449021,50.503148],[30.44894,50.503176],[30.448862,50.503207],[30.448787,50.503242],[30.448716,50.50328],[30.448649,50.50332],[30.44864,50.503327],[30.44864,50.503327],[30.448635,50.503329],[30.448612,50.503341],[30.448628,50.503307],[30.448648,50.50325],[30.448663,50.503192],[30.448671,50.503133],[30.448674,50.503075],[30.44867,50.503016],[30.44866,50.502957],[30.448645,50.502899],[30.448623,50.502842],[30.448596,50.502786],[30.448563,50.502731],[30.448524,50.502678],[30.44848,50.502626],[30.448431,50.502576],[30.448377,50.502528],[30.448318,50.502483],[30.448255,50.502441],[30.448187,50.502401],[30.448115,50.502364],[30.44804,50.50233],[30.447961,50.502299],[30.44788,50.502271],[30.447796,50.502247],[30.447709,50.502227],[30.447621,50.50221],[30.447531,50.502197],[30.44744,50.502188],[30.447348,50.502183],[30.447256,50.502181],[30.447163,50.502183],[30.447072,50.502189],[30.446981,50.502199],[30.446891,50.502213],[30.446803,50.502231],[30.446717,50.502252],[30.446633,50.502276],[30.446552,50.502304],[30.446474,50.502336],[30.446399,50.50237],[30.446328,50.502408],[30.446261,50.502448],[30.446199,50.502491],[30.446141,50.502537],[30.446087,50.502585],[30.446039,50.502635],[30.445996,50.502687],[30.445959,50.502741],[30.445927,50.502796],[30.4459,50.502853],[30.44588,50.50291],[30.445865,50.502968],[30.445857,50.503027],[30.445855,50.503085],[30.445858,50.503144],[30.445868,50.503203],[30.445883,50.503261],[30.445905,50.503318],[30.445932,50.503374],[30.445965,50.503429],[30.446004,50.503482],[30.446048,50.503534],[30.446097,50.503584],[30.446151,50.503632],[30.44621,50.503677],[30.446273,50.503719],[30.446341,50.503759],[30.446413,50.503796],[30.446488,50.50383],[30.446567,50.503861],[30.446648,50.503889],[30.446732,50.503913],[30.446819,50.503933],[30.446907,50.50395],[30.446997,50.503963],[30.447088,50.503972],[30.44718,50.503977],[30.447272,50.503979],[30.447365,50.503977],[30.447456,50.503971],[30.447547,50.503961],[30.447637,50.503947],[30.447725,50.503929],[30.447811,50.503908],[30.447895,50.503884],[30.447976,50.503856],[30.448054,50.503824],[30.448129,50.50379],[30.448167,50.50377],[30.448151,50.503804],[30.448131,50.503861],[30.448116,50.503919],[30.448108,50.503978],[30.448105,50.504036],[30.448109,50.504095],[30.448119,50.504154],[30.448134,50.504212],[30.448156,50.504269],[30.448183,50.504325],[30.448216,50.50438],[30.448255,50.504433],[30.448299,50.504485],[30.448348,50.504535],[30.448402,50.504583],[30.448461,50.504628],[30.448524,50.50467],[30.448592,50.50471],[30.448664,50.504747],[30.448739,50.504781],[30.448818,50.504812],[30.448899,50.50484],[30.448983,50.504864],[30.44907,50.504884],[30.449158,50.504901],[30.449248,50.504914],[30.449339,50.504923],[30.449431,50.504928],[30.449524,50.50493],[30.449616,50.504928],[30.449707,50.504922],[30.449798,50.504912],[30.449888,50.504898],[30.449976,50.50488],[30.450062,50.504859],[30.450146,50.504835],[30.450227,50.504807],[30.450305,50.504775],[30.45038,50.504741],[30.450451,50.504703],[30.450518,50.504663],[30.450528,50.504656],[30.450588,50.504624],[30.450655,50.504584],[30.450717,50.50454],[30.450719,50.504539],[30.450755,50.504575],[30.450809,50.504623],[30.450868,50.504668],[30.450931,50.504711],[30.450999,50.50475],[30.451071,50.504788],[30.451146,50.504821],[30.451225,50.504852],[30.451306,50.50488],[30.451391,50.504904],[30.451477,50.504924],[30.451565,50.504941],[30.451655,50.504954],[30.451747,50.504963],[30.451838,50.504968],[30.451931,50.50497],[30.452023,50.504968],[30.452114,50.504962],[30.452205,50.504952],[30.452295,50.504938],[30.452383,50.50492],[30.452469,50.504899],[30.452553,50.504875],[30.452634,50.504847],[30.452712,50.504815],[30.452787,50.504781],[30.452858,50.504743],[30.452925,50.504703],[30.452987,50.50466],[30.453045,50.504614],[30.453099,50.504566],[30.453147,50.504516],[30.45319,50.504464],[30.453228,50.50441],[30.453259,50.504355],[30.453286,50.504298],[30.453306,50.504241],[30.453321,50.504183],[30.453329,50.504124],[30.453332,50.504066],[30.453328,50.504007],[30.453318,50.503948],[30.453303,50.50389],[30.453281,50.503833],[30.453254,50.503777],[30.453221,50.503722],[30.453182,50.503668],[30.453138,50.503617],[30.453089,50.503567],[30.453035,50.503519],[30.452976,50.503474],[30.452913,50.503431],[30.452845,50.503392],[30.452773,50.503354],[30.45276,50.503348],[30.452836,50.503322],[30.452914,50.50329],[30.452989,50.503256],[30.45306,50.503218],[30.453127,50.503178],[30.453189,50.503135],[30.453247,50.503089],[30.453301,50.503041],[30.453349,50.502991],[30.453392,50.502939],[30.453429,50.502885],[30.453461,50.50283],[30.453488,50.502773],[30.453495,50.502752],[30.453516,50.502754],[30.453607,50.502759],[30.4537,50.502761],[30.453792,50.502759],[30.453884,50.502753],[30.453974,50.502743],[30.454064,50.502729],[30.454152,50.502711],[30.454238,50.50269],[30.454322,50.502666],[30.454403,50.502638],[30.454481,50.502606],[30.454556,50.502572],[30.454627,50.502534],[30.454694,50.502494],[30.454756,50.502451],[30.454814,50.502405],[30.454835,50.502386],[30.454917,50.502381],[30.455007,50.502371],[30.455097,50.502357],[30.455185,50.502339],[30.455271,50.502318],[30.455355,50.502294],[30.455436,50.502266],[30.455514,50.502234],[30.455589,50.5022],[30.45566,50.502162],[30.455727,50.502122],[30.455789,50.502079],[30.45583,50.502047],[30.455825,50.50208],[30.455823,50.502139],[30.455826,50.502197],[30.455836,50.502256],[30.455851,50.502314],[30.455873,50.502371],[30.4559,50.502427],[30.455933,50.502482],[30.455972,50.502536],[30.456016,50.502587],[30.456065,50.502637],[30.456119,50.502685],[30.456178,50.50273],[30.456241,50.502773],[30.456309,50.502813],[30.456381,50.50285],[30.456456,50.502884],[30.456535,50.502914],[30.456616,50.502942],[30.456701,50.502966],[30.456787,50.502986],[30.456876,50.503003],[30.456966,50.503016],[30.456981,50.503017],[30.456972,50.503044],[30.456957,50.503102],[30.45695,50.503153],[30.456927,50.503163],[30.456856,50.503201],[30.456789,50.503241],[30.456727,50.503284],[30.456668,50.50333],[30.456615,50.503378],[30.456567,50.503428],[30.456524,50.50348],[30.456486,50.503534],[30.456455,50.503589],[30.456428,50.503646],[30.456408,50.503703],[30.456393,50.503761],[30.456385,50.50382],[30.456382,50.503879],[30.456386,50.503937],[30.456396,50.503996],[30.456411,50.504054],[30.456433,50.504111],[30.45646,50.504167],[30.456493,50.504222],[30.456532,50.504276],[30.456576,50.504327],[30.456625,50.504377],[30.456679,50.504425],[30.456738,50.50447],[30.456801,50.504513],[30.456869,50.504553],[30.456941,50.50459],[30.457016,50.504624],[30.457095,50.504654],[30.457176,50.504682],[30.457261,50.504706],[30.457347,50.504726],[30.457436,50.504743],[30.457526,50.504756],[30.457617,50.504765],[30.457708,50.50477],[30.457801,50.504772],[30.457893,50.50477],[30.457985,50.504764],[30.458076,50.504754],[30.458165,50.50474],[30.458253,50.504722],[30.458339,50.504701],[30.458423,50.504677],[30.458504,50.504649],[30.458582,50.504617],[30.458657,50.504583],[30.458728,50.504545],[30.458795,50.504505],[30.458857,50.504462],[30.458916,50.504416],[30.458969,50.504368],[30.459017,50.504318],[30.45906,50.504266],[30.459098,50.504212],[30.45913,50.504157],[30.459156,50.5041],[30.459176,50.504043],[30.459191,50.503985],[30.459198,50.503934],[30.459221,50.503924],[30.459292,50.503886],[30.459359,50.503846],[30.459421,50.503803],[30.45948,50.503757],[30.459533,50.503709],[30.459581,50.503659],[30.459624,50.503607],[30.459662,50.503553],[30.459694,50.503498],[30.45972,50.503441],[30.45974,50.503384],[30.459755,50.503326],[30.459763,50.503267],[30.459766,50.503208],[30.459762,50.50315],[30.459752,50.503091],[30.459737,50.503033],[30.459715,50.502976],[30.459688,50.50292],[30.459655,50.502865],[30.459616,50.502811],[30.459572,50.50276],[30.459563,50.50275],[30.459582,50.502728],[30.45962,50.502674],[30.459651,50.502619],[30.459678,50.502562],[30.459679,50.502559],[30.459708,50.50256],[30.4598,50.502558],[30.459892,50.502552],[30.459983,50.502542],[30.460072,50.502528],[30.46016,50.50251],[30.460246,50.502489],[30.46033,50.502465],[30.460411,50.502437],[30.460489,50.502405],[30.460564,50.502371],[30.460635,50.502333],[30.460702,50.502293],[30.460764,50.50225],[30.460823,50.502204],[30.460876,50.502156],[30.460924,50.502106],[30.460967,50.502054],[30.461005,50.502],[30.461036,50.501945],[30.461063,50.501888],[30.461083,50.501831],[30.461098,50.501773],[30.461106,50.501714],[30.461108,50.501655],[30.461105,50.501597],[30.461095,50.501538],[30.461093,50.501531],[30.461099,50.501524],[30.461137,50.50147],[30.461168,50.501415],[30.461195,50.501358],[30.461215,50.501301],[30.46123,50.501243],[30.461238,50.501184],[30.46124,50.501125],[30.461237,50.501067],[30.461227,50.501008],[30.461212,50.50095],[30.461198,50.500913],[30.461198,50.500913],[30.46129,50.500918],[30.461382,50.50092],[30.461474,50.500918],[30.461566,50.500912],[30.461657,50.500902],[30.461746,50.500888],[30.461834,50.50087],[30.46192,50.500849],[30.462004,50.500825],[30.462085,50.500797],[30.462163,50.500765],[30.462238,50.500731],[30.462309,50.500693],[30.462376,50.500653],[30.462438,50.50061],[30.462497,50.500564],[30.46255,50.500516],[30.462598,50.500466],[30.462641,50.500414],[30.462678,50.50036],[30.46271,50.500305],[30.462737,50.500248],[30.462757,50.500191],[30.462771,50.500133],[30.46278,50.500074],[30.462782,50.500015],[30.462779,50.499957],[30.462769,50.499898],[30.462754,50.49984],[30.462732,50.499783],[30.462705,50.499727],[30.462672,50.499672],[30.462633,50.499618],[30.462589,50.499567],[30.46254,50.499517],[30.462486,50.499469],[30.462427,50.499424],[30.462363,50.499381],[30.462296,50.499341],[30.462224,50.499304],[30.462149,50.49927],[30.46207,50.49924],[30.461989,50.499212],[30.461904,50.499188],[30.461818,50.499168],[30.461729,50.499151],[30.461639,50.499138],[30.461548,50.499129],[30.461456,50.499124],[30.461364,50.499122],[30.461272,50.499124],[30.46118,50.49913],[30.461089,50.49914],[30.461,50.499154],[30.460912,50.499172],[30.460826,50.499193],[30.460742,50.499217],[30.460661,50.499245],[30.460583,50.499277],[30.460508,50.499311],[30.460437,50.499349],[30.46037,50.499389],[30.460308,50.499432],[30.46025,50.499478],[30.460196,50.499526],[30.460148,50.499576],[30.460105,50.499628],[30.460068,50.499682],[30.460036,50.499737],[30.460009,50.499794],[30.459989,50.499851],[30.459975,50.499909],[30.459966,50.499968],[30.459964,50.500027],[30.459967,50.500085],[30.459977,50.500144],[30.459992,50.500202],[30.460006,50.500239],[30.460006,50.500239],[30.459914,50.500234],[30.459822,50.500232],[30.45973,50.500234],[30.459652,50.50024],[30.459604,50.500221],[30.459523,50.500193],[30.459438,50.500169],[30.459352,50.500149],[30.459263,50.500132],[30.459173,50.500119],[30.459082,50.50011],[30.45899,50.500105],[30.458898,50.500103],[30.458806,50.500105],[30.458714,50.500111],[30.458624,50.500121],[30.458534,50.500135],[30.458446,50.500153],[30.45836,50.500174],[30.458276,50.500198],[30.458195,50.500226],[30.458117,50.500258],[30.458042,50.500292],[30.457971,50.50033],[30.457904,50.50037],[30.457842,50.500413],[30.457784,50.500459],[30.45773,50.500507],[30.457682,50.500557],[30.457639,50.500609],[30.457602,50.500663],[30.45757,50.500718],[30.457543,50.500775],[30.457523,50.500832],[30.457508,50.50089],[30.4575,50.500949],[30.457498,50.501008],[30.457501,50.501066],[30.457511,50.501125],[30.457526,50.501183],[30.457548,50.50124],[30.457557,50.501259],[30.457498,50.50125],[30.457407,50.501241],[30.457316,50.501236],[30.457223,50.501234],[30.457131,50.501236],[30.457039,50.501242],[30.456949,50.501252],[30.456859,50.501266],[30.456771,50.501284],[30.456685,50.501305],[30.456601,50.501329],[30.45652,50.501357],[30.456442,50.501389],[30.456367,50.501423],[30.456296,50.501461],[30.456229,50.501501],[30.456167,50.501544],[30.456126,50.501576],[30.456131,50.501543],[30.456133,50.501484],[30.45613,50.501426],[30.45612,50.501367],[30.456105,50.501309],[30.456083,50.501252],[30.456056,50.501196],[30.456023,50.501141],[30.455984,50.501087],[30.45594,50.501036],[30.455891,50.500986]]],[[[30.455746,50.504459],[30.455692,50.504411],[30.455633,50.504366],[30.45557,50.504323],[30.455502,50.504284],[30.45543,50.504246],[30.455355,50.504213],[30.455276,50.504182],[30.455195,50.504154],[30.45511,50.50413],[30.455024,50.50411],[30.454935,50.504093],[30.454846,50.50408],[30.454754,50.504071],[30.454663,50.504066],[30.45457,50.504064],[30.454478,50.504066],[30.454386,50.504072],[30.454296,50.504082],[30.454206,50.504096],[30.454118,50.504114],[30.454032,50.504135],[30.453948,50.504159],[30.453867,50.504187],[30.453789,50.504219],[30.453714,50.504253],[30.453643,50.504291],[30.453576,50.504331],[30.453514,50.504374],[30.453455,50.50442],[30.453402,50.504468],[30.453354,50.504518],[30.453311,50.50457],[30.453273,50.504624],[30.453241,50.504679],[30.453215,50.504736],[30.453195,50.504793],[30.45318,50.504851],[30.453172,50.50491],[30.453169,50.504968],[30.453173,50.505027],[30.453183,50.505086],[30.453198,50.505144],[30.45322,50.505201],[30.453247,50.505257],[30.45328,50.505312],[30.453319,50.505366],[30.453363,50.505417],[30.453412,50.505467],[30.453466,50.505515],[30.453525,50.50556],[30.453588,50.505603],[30.453656,50.505642],[30.453728,50.50568],[30.453803,50.505713],[30.453882,50.505744],[30.453963,50.505772],[30.454048,50.505796],[30.454134,50.505816],[30.454223,50.505833],[30.454312,50.505846],[30.454404,50.505855],[30.454495,50.50586],[30.454588,50.505862],[30.45468,50.50586],[30.454772,50.505854],[30.454862,50.505844],[30.454952,50.50583],[30.45504,50.505812],[30.455126,50.505791],[30.45521,50.505767],[30.455291,50.505739],[30.455369,50.505707],[30.455444,50.505673],[30.455515,50.505635],[30.455582,50.505595],[30.455644,50.505552],[30.455703,50.505506],[30.455756,50.505458],[30.455804,50.505408],[30.455847,50.505356],[30.455885,50.505302],[30.455917,50.505247],[30.455943,50.50519],[30.455963,50.505133],[30.455978,50.505075],[30.455986,50.505016],[30.455989,50.504957],[30.455985,50.504899],[30.455975,50.50484],[30.45596,50.504782],[30.455938,50.504725],[30.455911,50.504669],[30.455878,50.504614],[30.455839,50.50456],[30.455795,50.504509],[30.455746,50.504459]]],[[[30.453245,50.506266],[30.453191,50.506218],[30.453132,50.506173],[30.453069,50.50613],[30.453001,50.506091],[30.452929,50.506053],[30.452854,50.50602],[30.452775,50.505989],[30.452694,50.505961],[30.45261,50.505937],[30.452523,50.505917],[30.452435,50.5059],[30.452345,50.505887],[30.452253,50.505878],[30.452162,50.505873],[30.452069,50.505871],[30.451977,50.505873],[30.451886,50.505879],[30.451795,50.505889],[30.451705,50.505903],[30.451617,50.505921],[30.451531,50.505942],[30.451447,50.505966],[30.451366,50.505994],[30.451288,50.506026],[30.451213,50.50606],[30.451142,50.506098],[30.451075,50.506138],[30.451013,50.506181],[30.450954,50.506227],[30.450901,50.506275],[30.450853,50.506325],[30.45081,50.506377],[30.450772,50.506431],[30.45074,50.506486],[30.450714,50.506543],[30.450713,50.506545],[30.450696,50.506526],[30.450647,50.506476],[30.450593,50.506428],[30.450534,50.506383],[30.450471,50.506341],[30.450403,50.506301],[30.450331,50.506264],[30.450256,50.50623],[30.450177,50.506199],[30.450096,50.506171],[30.450012,50.506147],[30.449925,50.506127],[30.449837,50.50611],[30.449747,50.506097],[30.449656,50.506088],[30.449564,50.506083],[30.449471,50.506081],[30.449379,50.506083],[30.449288,50.506089],[30.449197,50.506099],[30.449107,50.506113],[30.449019,50.506131],[30.448933,50.506152],[30.448849,50.506176],[30.448768,50.506204],[30.44869,50.506236],[30.448615,50.50627],[30.448544,50.506308],[30.448477,50.506348],[30.448415,50.506391],[30.448357,50.506437],[30.448303,50.506485],[30.448255,50.506535],[30.448212,50.506587],[30.448174,50.506641],[30.448142,50.506696],[30.448116,50.506753],[30.448096,50.50681],[30.448081,50.506868],[30.448073,50.506927],[30.44807,50.506985],[30.448074,50.507044],[30.448084,50.507103],[30.448099,50.507161],[30.448121,50.507218],[30.448148,50.507274],[30.448181,50.507329],[30.44822,50.507382],[30.448264,50.507434],[30.448313,50.507484],[30.448367,50.507532],[30.448426,50.507577],[30.448489,50.507619],[30.448557,50.507659],[30.448629,50.507696],[30.448704,50.50773],[30.448783,50.507761],[30.448864,50.507789],[30.448948,50.507813],[30.449035,50.507833],[30.449123,50.50785],[30.449213,50.507863],[30.449304,50.507872],[30.449396,50.507877],[30.449489,50.507879],[30.449581,50.507877],[30.449672,50.507871],[30.449763,50.507861],[30.449853,50.507847],[30.449941,50.507829],[30.450027,50.507808],[30.450111,50.507784],[30.450192,50.507756],[30.45027,50.507724],[30.450345,50.50769],[30.450416,50.507652],[30.450483,50.507612],[30.450545,50.507569],[30.450604,50.507523],[30.450657,50.507475],[30.450705,50.507425],[30.450748,50.507373],[30.450786,50.507319],[30.450818,50.507264],[30.450844,50.507207],[30.450845,50.507205],[30.450862,50.507224],[30.450911,50.507274],[30.450965,50.507322],[30.451024,50.507367],[30.451087,50.50741],[30.451155,50.507449],[30.451227,50.507487],[30.451302,50.50752],[30.451381,50.507551],[30.451462,50.507579],[30.451546,50.507603],[30.451633,50.507623],[30.451721,50.50764],[30.451811,50.507653],[30.451903,50.507662],[30.451994,50.507667],[30.452087,50.507669],[30.452179,50.507667],[30.452271,50.507661],[30.452361,50.507651],[30.452451,50.507637],[30.452494,50.507628],[30.452492,50.507663],[30.452496,50.507722],[30.452506,50.507781],[30.452521,50.507839],[30.452543,50.507896],[30.45257,50.507952],[30.452603,50.508007],[30.452642,50.508061],[30.452686,50.508112],[30.452735,50.508162],[30.452789,50.50821],[30.452848,50.508255],[30.452911,50.508298],[30.452979,50.508337],[30.453051,50.508375],[30.453126,50.508408],[30.453205,50.508439],[30.453286,50.508467],[30.453371,50.508491],[30.453457,50.508511],[30.453545,50.508528],[30.453635,50.508541],[30.453727,50.50855],[30.453818,50.508555],[30.453911,50.508557],[30.454003,50.508555],[30.454095,50.508549],[30.454185,50.508539],[30.45421,50.508535],[30.454248,50.508588],[30.454292,50.508639],[30.454341,50.508689],[30.454395,50.508737],[30.454454,50.508782],[30.454517,50.508825],[30.454585,50.508864],[30.454657,50.508902],[30.454732,50.508935],[30.454811,50.508966],[30.454892,50.508994],[30.454977,50.509018],[30.455063,50.509038],[30.455152,50.509055],[30.455241,50.509068],[30.455333,50.509077],[30.455424,50.509082],[30.455517,50.509084],[30.455609,50.509082],[30.455701,50.509076],[30.455792,50.509066],[30.455881,50.509052],[30.455969,50.509034],[30.456055,50.509013],[30.456139,50.508989],[30.45622,50.508961],[30.456298,50.508929],[30.456373,50.508895],[30.456413,50.508873],[30.456461,50.508902],[30.456533,50.508939],[30.456608,50.508973],[30.456687,50.509003],[30.456768,50.509031],[30.456853,50.509055],[30.456939,50.509075],[30.457028,50.509092],[30.457118,50.509105],[30.457209,50.509114],[30.4573,50.509119],[30.457393,50.509121],[30.457485,50.509119],[30.457577,50.509113],[30.457668,50.509103],[30.457757,50.509089],[30.457845,50.509071],[30.457931,50.50905],[30.458015,50.509026],[30.458096,50.508998],[30.458174,50.508966],[30.458249,50.508932],[30.45832,50.508894],[30.458387,50.508854],[30.45845,50.508811],[30.458508,50.508765],[30.458561,50.508717],[30.458609,50.508667],[30.458652,50.508615],[30.45869,50.508561],[30.458722,50.508506],[30.458748,50.508449],[30.458768,50.508392],[30.458783,50.508334],[30.458791,50.508275],[30.458794,50.508216],[30.45879,50.508158],[30.45878,50.508099],[30.458765,50.508041],[30.458743,50.507984],[30.458716,50.507928],[30.458683,50.507873],[30.458654,50.507833],[30.458701,50.507784],[30.458744,50.507732],[30.458782,50.507678],[30.458814,50.507623],[30.45884,50.507566],[30.45886,50.507509],[30.458875,50.507451],[30.458883,50.507392],[30.458886,50.507333],[30.458882,50.507275],[30.458872,50.507216],[30.458857,50.507158],[30.458835,50.507101],[30.458808,50.507045],[30.458775,50.50699],[30.458736,50.506936],[30.458692,50.506885],[30.458643,50.506835],[30.458589,50.506787],[30.45853,50.506742],[30.458467,50.506699],[30.458399,50.506659],[30.458327,50.506622],[30.458252,50.506588],[30.458173,50.506558],[30.458092,50.50653],[30.458007,50.506506],[30.457921,50.506486],[30.457832,50.506469],[30.457742,50.506456],[30.457651,50.506447],[30.45756,50.506442],[30.457467,50.50644],[30.457375,50.506442],[30.457283,50.506448],[30.457192,50.506458],[30.457103,50.506472],[30.457015,50.50649],[30.456929,50.506511],[30.456845,50.506535],[30.456764,50.506563],[30.456686,50.506595],[30.456611,50.506629],[30.45654,50.506667],[30.456473,50.506707],[30.45641,50.50675],[30.456352,50.506796],[30.456299,50.506844],[30.456251,50.506894],[30.456208,50.506946],[30.45617,50.507],[30.456138,50.507055],[30.456112,50.507112],[30.456092,50.507169],[30.456077,50.507227],[30.456069,50.507286],[30.456066,50.507345],[30.456067,50.50736],[30.456039,50.507352],[30.455953,50.507332],[30.455864,50.507315],[30.455775,50.507302],[30.455683,50.507293],[30.455592,50.507288],[30.455499,50.507286],[30.455407,50.507288],[30.455315,50.507294],[30.455225,50.507304],[30.4552,50.507308],[30.455162,50.507255],[30.455118,50.507204],[30.455069,50.507154],[30.455015,50.507106],[30.454956,50.507061],[30.454893,50.507018],[30.454825,50.506979],[30.454753,50.506941],[30.454678,50.506908],[30.454599,50.506877],[30.454518,50.506849],[30.454433,50.506825],[30.454347,50.506805],[30.454259,50.506788],[30.454169,50.506775],[30.454077,50.506766],[30.453986,50.506761],[30.453893,50.506759],[30.453801,50.506761],[30.453709,50.506767],[30.453619,50.506777],[30.453529,50.506791],[30.453486,50.5068],[30.453488,50.506765],[30.453484,50.506706],[30.453474,50.506647],[30.453459,50.506589],[30.453437,50.506532],[30.45341,50.506476],[30.453377,50.506421],[30.453338,50.506367],[30.453294,50.506316],[30.453245,50.506266]]],[[[30.450267,50.508506],[30.450213,50.508458],[30.450154,50.508413],[30.450091,50.508371],[30.450023,50.508331],[30.449951,50.508294],[30.449876,50.50826],[30.449797,50.508229],[30.449716,50.508201],[30.449632,50.508177],[30.449545,50.508157],[30.449457,50.50814],[30.449367,50.508127],[30.449276,50.508118],[30.449184,50.508113],[30.449091,50.508111],[30.448999,50.508113],[30.448908,50.508119],[30.448817,50.508129],[30.448727,50.508143],[30.448639,50.508161],[30.448553,50.508182],[30.448469,50.508206],[30.448388,50.508234],[30.44831,50.508266],[30.448235,50.5083],[30.448164,50.508338],[30.448097,50.508378],[30.448035,50.508421],[30.447976,50.508467],[30.447923,50.508515],[30.447875,50.508565],[30.447832,50.508617],[30.447794,50.508671],[30.447762,50.508726],[30.447736,50.508783],[30.447716,50.50884],[30.447701,50.508898],[30.447693,50.508957],[30.44769,50.509015],[30.447694,50.509074],[30.447704,50.509133],[30.447719,50.509191],[30.447741,50.509248],[30.447768,50.509304],[30.447801,50.509359],[30.447839,50.509412],[30.447883,50.509464],[30.447933,50.509514],[30.447987,50.509562],[30.448046,50.509607],[30.448109,50.509649],[30.448177,50.509689],[30.448249,50.509726],[30.448324,50.50976],[30.448403,50.509791],[30.448484,50.509819],[30.448568,50.509843],[30.448655,50.509863],[30.448743,50.50988],[30.448833,50.509893],[30.448924,50.509902],[30.449016,50.509907],[30.449109,50.509909],[30.449201,50.509907],[30.449292,50.509901],[30.449383,50.509891],[30.449473,50.509877],[30.449561,50.509859],[30.449647,50.509838],[30.449731,50.509814],[30.449812,50.509786],[30.44989,50.509754],[30.449965,50.50972],[30.450036,50.509682],[30.450103,50.509642],[30.450165,50.509599],[30.450224,50.509553],[30.450277,50.509505],[30.450325,50.509455],[30.450368,50.509403],[30.450406,50.509349],[30.450438,50.509294],[30.450464,50.509237],[30.450484,50.50918],[30.450499,50.509122],[30.450507,50.509063],[30.45051,50.509005],[30.450506,50.508946],[30.450497,50.508887],[30.450481,50.508829],[30.450459,50.508772],[30.450432,50.508716],[30.450399,50.508661],[30.450361,50.508608],[30.450317,50.508556],[30.450267,50.508506]]],[[[30.452215,50.511769],[30.452161,50.511721],[30.452102,50.511676],[30.452039,50.511633],[30.451971,50.511594],[30.451899,50.511556],[30.451824,50.511523],[30.451745,50.511492],[30.451664,50.511464],[30.45158,50.51144],[30.451493,50.51142],[30.451405,50.511403],[30.451315,50.51139],[30.451224,50.511381],[30.451132,50.511376],[30.451039,50.511374],[30.450947,50.511376],[30.450856,50.511382],[30.450765,50.511392],[30.450675,50.511406],[30.450587,50.511424],[30.450501,50.511445],[30.450417,50.511469],[30.450336,50.511497],[30.450258,50.511529],[30.450183,50.511563],[30.450112,50.511601],[30.450045,50.511641],[30.449982,50.511684],[30.449924,50.51173],[30.449871,50.511778],[30.449823,50.511828],[30.44978,50.51188],[30.449742,50.511934],[30.44971,50.511989],[30.449684,50.512046],[30.449664,50.512103],[30.449649,50.512161],[30.449641,50.51222],[30.449638,50.512278],[30.449642,50.512337],[30.449651,50.512396],[30.449667,50.512454],[30.449688,50.512511],[30.449716,50.512567],[30.449749,50.512622],[30.449787,50.512675],[30.449831,50.512727],[30.449881,50.512777],[30.449935,50.512825],[30.449994,50.51287],[30.450057,50.512913],[30.450125,50.512952],[30.450197,50.512989],[30.450272,50.513023],[30.450351,50.513054],[30.450432,50.513082],[30.450516,50.513106],[30.450603,50.513126],[30.450691,50.513143],[30.450712,50.513146],[30.450647,50.513139],[30.450555,50.513134],[30.450462,50.513132],[30.45037,50.513134],[30.450279,50.51314],[30.450188,50.51315],[30.450098,50.513164],[30.45001,50.513182],[30.449924,50.513203],[30.44984,50.513227],[30.449759,50.513255],[30.449681,50.513287],[30.449606,50.513321],[30.449535,50.513359],[30.449468,50.513399],[30.449405,50.513442],[30.449347,50.513488],[30.449294,50.513536],[30.449246,50.513586],[30.449203,50.513638],[30.449165,50.513692],[30.449133,50.513747],[30.449107,50.513804],[30.449087,50.513861],[30.449072,50.513919],[30.449064,50.513978],[30.449061,50.514036],[30.449065,50.514095],[30.449074,50.514154],[30.44909,50.514212],[30.449111,50.514269],[30.449139,50.514325],[30.449172,50.51438],[30.44921,50.514433],[30.449254,50.514485],[30.449304,50.514535],[30.449358,50.514583],[30.449417,50.514628],[30.44948,50.51467],[30.449548,50.51471],[30.44962,50.514747],[30.449637,50.514756],[30.449563,50.514786],[30.449488,50.51482],[30.449417,50.514858],[30.44935,50.514898],[30.449287,50.514941],[30.449229,50.514987],[30.449176,50.515035],[30.449128,50.515085],[30.449085,50.515137],[30.449047,50.515191],[30.449015,50.515246],[30.448989,50.515303],[30.448969,50.51536],[30.448954,50.515418],[30.448946,50.515477],[30.448943,50.515535],[30.448947,50.515594],[30.448956,50.515653],[30.448972,50.515711],[30.448993,50.515768],[30.449021,50.515824],[30.449034,50.515846],[30.449007,50.515849],[30.448917,50.515863],[30.448829,50.515881],[30.448743,50.515902],[30.448659,50.515926],[30.448578,50.515954],[30.4485,50.515986],[30.448425,50.51602],[30.448354,50.516058],[30.448287,50.516098],[30.448224,50.516141],[30.448166,50.516187],[30.448113,50.516235],[30.448065,50.516285],[30.448022,50.516337],[30.447984,50.516391],[30.447952,50.516446],[30.447926,50.516503],[30.447906,50.51656],[30.447891,50.516618],[30.447883,50.516677],[30.44788,50.516735],[30.447884,50.516794],[30.447893,50.516853],[30.447909,50.516911],[30.44793,50.516968],[30.447958,50.517024],[30.447991,50.517079],[30.448029,50.517132],[30.448073,50.517184],[30.448122,50.517234],[30.448177,50.517282],[30.448236,50.517327],[30.448299,50.517369],[30.448367,50.517409],[30.448438,50.517446],[30.448514,50.51748],[30.448592,50.517511],[30.448674,50.517539],[30.448758,50.517563],[30.448845,50.517583],[30.448933,50.5176],[30.449023,50.517613],[30.449114,50.517622],[30.449206,50.517627],[30.449299,50.517629],[30.449391,50.517627],[30.449482,50.517621],[30.449573,50.517611],[30.449648,50.517599],[30.449634,50.517614],[30.449591,50.517666],[30.449554,50.517719],[30.449522,50.517775],[30.449496,50.517831],[30.449475,50.517888],[30.449461,50.517946],[30.449452,50.518005],[30.44945,50.518064],[30.449453,50.518123],[30.449463,50.518181],[30.449479,50.518239],[30.449496,50.518286],[30.449493,50.518287],[30.449405,50.518304],[30.449319,50.518325],[30.449299,50.518331],[30.449244,50.51832],[30.449154,50.518307],[30.449063,50.518298],[30.448971,50.518293],[30.448878,50.518291],[30.448786,50.518293],[30.448695,50.518299],[30.448604,50.518309],[30.448514,50.518323],[30.448426,50.518341],[30.44834,50.518362],[30.448256,50.518386],[30.448175,50.518414],[30.448097,50.518446],[30.448022,50.51848],[30.447951,50.518518],[30.447884,50.518558],[30.447821,50.518601],[30.447763,50.518647],[30.44771,50.518695],[30.447662,50.518745],[30.447619,50.518797],[30.447581,50.518851],[30.447549,50.518906],[30.447523,50.518963],[30.447502,50.51902],[30.447488,50.519078],[30.447479,50.519137],[30.447477,50.519195],[30.447481,50.519254],[30.44749,50.519313],[30.447506,50.519371],[30.447527,50.519428],[30.447555,50.519484],[30.447588,50.519539],[30.447626,50.519592],[30.44767,50.519644],[30.447719,50.519694],[30.447774,50.519742],[30.447833,50.519787],[30.447896,50.519829],[30.447964,50.519869],[30.448035,50.519906],[30.448111,50.51994],[30.448189,50.519971],[30.448271,50.519999],[30.448355,50.520023],[30.448442,50.520043],[30.44853,50.52006],[30.44862,50.520073],[30.448711,50.520082],[30.448803,50.520087],[30.448896,50.520089],[30.448988,50.520087],[30.449035,50.520083],[30.449028,50.520103],[30.449014,50.520162],[30.449005,50.52022],[30.449003,50.520279],[30.449006,50.520338],[30.449016,50.520396],[30.449032,50.520454],[30.449053,50.520511],[30.44908,50.520568],[30.449113,50.520623],[30.449152,50.520676],[30.449196,50.520728],[30.449245,50.520777],[30.449299,50.520825],[30.449358,50.52087],[30.449422,50.520913],[30.44949,50.520953],[30.449561,50.52099],[30.449637,50.521024],[30.449715,50.521055],[30.449797,50.521082],[30.449881,50.521106],[30.449968,50.521126],[30.450056,50.521143],[30.450146,50.521156],[30.450237,50.521165],[30.450329,50.521171],[30.450421,50.521172],[30.450514,50.52117],[30.450605,50.521164],[30.450696,50.521154],[30.450786,50.52114],[30.450874,50.521123],[30.45096,50.521102],[30.451044,50.521077],[30.451072,50.521068],[30.451071,50.521075],[30.451069,50.521133],[30.451073,50.521192],[30.451082,50.521251],[30.451098,50.521309],[30.451119,50.521366],[30.451147,50.521422],[30.45118,50.521477],[30.451218,50.52153],[30.451262,50.521582],[30.451276,50.521597],[30.451291,50.52165],[30.451312,50.521707],[30.45134,50.521763],[30.451373,50.521818],[30.451411,50.521871],[30.451455,50.521923],[30.451488,50.521957],[30.451495,50.521981],[30.451516,50.522038],[30.451544,50.522094],[30.451577,50.522149],[30.451615,50.522203],[30.451659,50.522254],[30.451708,50.522304],[30.451763,50.522352],[30.451822,50.522397],[30.451885,50.52244],[30.451953,50.522479],[30.452024,50.522517],[30.4521,50.52255],[30.452178,50.522581],[30.45226,50.522609],[30.452344,50.522633],[30.452431,50.522653],[30.452519,50.52267],[30.452609,50.522683],[30.4527,50.522692],[30.452792,50.522697],[30.452885,50.522699],[30.452977,50.522697],[30.453069,50.522691],[30.45316,50.522681],[30.453249,50.522667],[30.453337,50.522649],[30.453424,50.522628],[30.453507,50.522604],[30.453569,50.522582],[30.453567,50.522592],[30.453558,50.522651],[30.453556,50.52271],[30.45356,50.522768],[30.453569,50.522827],[30.453585,50.522885],[30.453606,50.522942],[30.453634,50.522998],[30.453667,50.523053],[30.453705,50.523107],[30.453749,50.523158],[30.453798,50.523208],[30.453853,50.523256],[30.453912,50.523301],[30.453975,50.523344],[30.454007,50.523363],[30.453979,50.523388],[30.45393,50.523438],[30.453887,50.52349],[30.45385,50.523544],[30.453818,50.523599],[30.453792,50.523656],[30.453771,50.523713],[30.453757,50.523771],[30.453748,50.52383],[30.453746,50.523889],[30.453749,50.523947],[30.453759,50.524006],[30.453775,50.524064],[30.453796,50.524121],[30.453823,50.524177],[30.453857,50.524232],[30.453895,50.524286],[30.453939,50.524337],[30.453988,50.524387],[30.454043,50.524435],[30.454102,50.52448],[30.454113,50.524487],[30.45409,50.52451],[30.454047,50.524562],[30.45401,50.524616],[30.453978,50.524671],[30.453952,50.524728],[30.453931,50.524785],[30.453917,50.524843],[30.453908,50.524902],[30.453906,50.524961],[30.453909,50.525019],[30.453919,50.525078],[30.453935,50.525136],[30.453956,50.525193],[30.453983,50.525249],[30.453995,50.525268],[30.453963,50.525267],[30.453871,50.525269],[30.453779,50.525275],[30.453688,50.525285],[30.453599,50.525299],[30.453511,50.525317],[30.453424,50.525338],[30.453341,50.525362],[30.453259,50.52539],[30.453181,50.525422],[30.453107,50.525456],[30.453036,50.525494],[30.452969,50.525534],[30.452906,50.525577],[30.452848,50.525623],[30.452795,50.525671],[30.452746,50.525721],[30.452703,50.525773],[30.452666,50.525827],[30.452634,50.525882],[30.452608,50.525939],[30.452587,50.525996],[30.452573,50.526054],[30.452564,50.526113],[30.452562,50.526171],[30.452565,50.52623],[30.452575,50.526289],[30.452591,50.526347],[30.452612,50.526404],[30.452639,50.52646],[30.452672,50.526515],[30.452711,50.526569],[30.452755,50.52662],[30.452804,50.52667],[30.452858,50.526718],[30.452917,50.526763],[30.452981,50.526806],[30.453049,50.526845],[30.45312,50.526883],[30.453196,50.526916],[30.453274,50.526947],[30.453356,50.526975],[30.45344,50.526999],[30.453527,50.527019],[30.453615,50.527036],[30.453705,50.527049],[30.453796,50.527058],[30.453888,50.527063],[30.453981,50.527065],[30.454073,50.527063],[30.454165,50.527057],[30.454256,50.527047],[30.454345,50.527033],[30.454433,50.527015],[30.45452,50.526994],[30.454603,50.52697],[30.454685,50.526942],[30.454763,50.52691],[30.454837,50.526876],[30.454908,50.526838],[30.454975,50.526798],[30.455038,50.526755],[30.455096,50.526709],[30.455149,50.526661],[30.455198,50.526611],[30.455241,50.526559],[30.455278,50.526505],[30.45531,50.52645],[30.455336,50.526393],[30.455357,50.526336],[30.455371,50.526278],[30.45538,50.526219],[30.455382,50.52616],[30.455379,50.526102],[30.455369,50.526043],[30.455353,50.525985],[30.455332,50.525928],[30.455305,50.525872],[30.455293,50.525853],[30.455325,50.525854],[30.455417,50.525852],[30.455509,50.525846],[30.4556,50.525836],[30.455689,50.525822],[30.455777,50.525804],[30.455864,50.525783],[30.455947,50.525759],[30.456029,50.525731],[30.456107,50.525699],[30.456181,50.525665],[30.456252,50.525627],[30.456319,50.525587],[30.456382,50.525544],[30.45644,50.525498],[30.456493,50.52545],[30.456542,50.5254],[30.456585,50.525348],[30.456622,50.525294],[30.456654,50.525239],[30.45668,50.525182],[30.456701,50.525125],[30.456715,50.525067],[30.456724,50.525008],[30.456726,50.524949],[30.456723,50.524891],[30.456713,50.524832],[30.456697,50.524774],[30.456676,50.524717],[30.456649,50.524661],[30.456615,50.524606],[30.456577,50.524552],[30.456533,50.524501],[30.456484,50.524451],[30.456429,50.524403],[30.45637,50.524358],[30.456359,50.524351],[30.456382,50.524328],[30.456425,50.524276],[30.456462,50.524222],[30.456494,50.524167],[30.45652,50.52411],[30.456541,50.524053],[30.456555,50.523995],[30.456564,50.523936],[30.456566,50.523877],[30.456563,50.523819],[30.456553,50.52376],[30.456537,50.523702],[30.456516,50.523645],[30.456488,50.523589],[30.456455,50.523534],[30.456417,50.52348],[30.456373,50.523429],[30.456324,50.523379],[30.456269,50.523331],[30.45621,50.523286],[30.456147,50.523243],[30.456115,50.523224],[30.456143,50.523199],[30.456192,50.523149],[30.456235,50.523097],[30.456272,50.523043],[30.456304,50.522988],[30.45633,50.522931],[30.456351,50.522874],[30.456365,50.522816],[30.456374,50.522757],[30.456376,50.522698],[30.456373,50.52264],[30.456363,50.522581],[30.456347,50.522523],[30.456326,50.522466],[30.456298,50.52241],[30.456265,50.522355],[30.456227,50.522301],[30.456183,50.52225],[30.456134,50.5222],[30.456079,50.522152],[30.45602,50.522107],[30.455957,50.522064],[30.455889,50.522025],[30.455818,50.521987],[30.455742,50.521954],[30.455664,50.521923],[30.455582,50.521895],[30.455498,50.521871],[30.455411,50.521851],[30.455323,50.521834],[30.455233,50.521821],[30.455141,50.521812],[30.45505,50.521807],[30.454957,50.521805],[30.454865,50.521807],[30.454773,50.521813],[30.454682,50.521823],[30.454593,50.521837],[30.454505,50.521855],[30.454418,50.521876],[30.454335,50.5219],[30.454273,50.521922],[30.454275,50.521912],[30.454284,50.521853],[30.454286,50.521795],[30.454282,50.521736],[30.454273,50.521677],[30.454257,50.521619],[30.454236,50.521562],[30.454208,50.521506],[30.454175,50.521451],[30.454137,50.521397],[30.454093,50.521346],[30.45406,50.521312],[30.454053,50.521288],[30.454032,50.521231],[30.454004,50.521175],[30.453971,50.52112],[30.453933,50.521066],[30.453889,50.521015],[30.453875,50.521],[30.45386,50.520947],[30.453839,50.52089],[30.453811,50.520834],[30.453778,50.520779],[30.453753,50.520744],[30.453801,50.520701],[30.453849,50.520651],[30.453892,50.520599],[30.45393,50.520545],[30.453962,50.52049],[30.453988,50.520433],[30.454009,50.520376],[30.454023,50.520318],[30.454032,50.520259],[30.454034,50.520201],[30.45403,50.520142],[30.454021,50.520083],[30.454005,50.520025],[30.453984,50.519968],[30.453966,50.519931],[30.454019,50.519909],[30.454093,50.519875],[30.454164,50.519837],[30.454231,50.519797],[30.454294,50.519754],[30.454352,50.519708],[30.454405,50.51966],[30.454453,50.51961],[30.454496,50.519558],[30.454534,50.519504],[30.454566,50.519449],[30.454592,50.519392],[30.454613,50.519335],[30.454627,50.519277],[30.454636,50.519218],[30.454638,50.51916],[30.454634,50.519101],[30.454625,50.519042],[30.454609,50.518984],[30.454588,50.518927],[30.45456,50.518871],[30.454547,50.518848],[30.454609,50.518811],[30.454672,50.518768],[30.45473,50.518722],[30.454783,50.518674],[30.454831,50.518624],[30.454874,50.518572],[30.454912,50.518518],[30.454944,50.518463],[30.45497,50.518406],[30.454991,50.518349],[30.455005,50.518291],[30.455013,50.518232],[30.455016,50.518173],[30.455012,50.518115],[30.455003,50.518056],[30.454987,50.517998],[30.454966,50.517941],[30.454938,50.517885],[30.454905,50.51783],[30.454867,50.517776],[30.454823,50.517725],[30.454774,50.517675],[30.454719,50.517627],[30.45466,50.517582],[30.454597,50.517539],[30.454529,50.5175],[30.454457,50.517462],[30.454382,50.517429],[30.454304,50.517398],[30.454222,50.51737],[30.454138,50.517346],[30.454051,50.517326],[30.453988,50.517314],[30.454056,50.517304],[30.454145,50.517286],[30.454231,50.517265],[30.454314,50.517241],[30.454396,50.517213],[30.454474,50.517181],[30.454548,50.517147],[30.454619,50.517109],[30.454686,50.517069],[30.454749,50.517025],[30.454807,50.51698],[30.45486,50.516932],[30.454908,50.516882],[30.454951,50.51683],[30.454989,50.516776],[30.455021,50.516721],[30.455047,50.516664],[30.455068,50.516607],[30.455082,50.516549],[30.455091,50.51649],[30.455093,50.516431],[30.455089,50.516373],[30.45508,50.516314],[30.455064,50.516256],[30.455043,50.516199],[30.455015,50.516143],[30.454982,50.516088],[30.454944,50.516034],[30.4549,50.515983],[30.454851,50.515933],[30.454796,50.515885],[30.454737,50.51584],[30.45473,50.515835],[30.45473,50.515827],[30.454727,50.515768],[30.454717,50.515709],[30.454702,50.515651],[30.45468,50.515594],[30.454653,50.515538],[30.45462,50.515483],[30.454581,50.51543],[30.454537,50.515378],[30.454488,50.515328],[30.454434,50.515281],[30.454375,50.515235],[30.454311,50.515193],[30.454244,50.515153],[30.454172,50.515116],[30.454097,50.515082],[30.454018,50.515051],[30.453936,50.515024],[30.453852,50.515],[30.453766,50.514979],[30.453677,50.514963],[30.453587,50.51495],[30.453496,50.51494],[30.453404,50.514935],[30.453312,50.514933],[30.45322,50.514936],[30.453128,50.514942],[30.453037,50.514952],[30.452947,50.514965],[30.452859,50.514983],[30.452773,50.515004],[30.452689,50.515028],[30.452608,50.515056],[30.45253,50.515088],[30.452455,50.515122],[30.452385,50.51516],[30.452318,50.5152],[30.452255,50.515244],[30.452197,50.515289],[30.452144,50.515337],[30.452095,50.515388],[30.452052,50.51544],[30.452015,50.515493],[30.451983,50.515548],[30.451957,50.515605],[30.451936,50.515662],[30.451922,50.51572],[30.451913,50.515779],[30.451911,50.515838],[30.451914,50.515897],[30.451924,50.515955],[30.451939,50.516013],[30.451961,50.51607],[30.451988,50.516126],[30.452021,50.516181],[30.45206,50.516235],[30.452104,50.516286],[30.452153,50.516336],[30.452207,50.516384],[30.452266,50.516429],[30.452274,50.516434],[30.452273,50.516442],[30.452277,50.516501],[30.452286,50.51656],[30.452302,50.516618],[30.452324,50.516675],[30.452351,50.516731],[30.452384,50.516786],[30.452422,50.516839],[30.452466,50.516891],[30.452516,50.516941],[30.45257,50.516988],[30.452629,50.517034],[30.452692,50.517076],[30.45276,50.517116],[30.452832,50.517153],[30.452907,50.517187],[30.452986,50.517218],[30.453067,50.517246],[30.453152,50.517269],[30.453238,50.51729],[30.453301,50.517302],[30.453233,50.517312],[30.453145,50.51733],[30.453058,50.517351],[30.452975,50.517375],[30.452894,50.517403],[30.452816,50.517435],[30.452741,50.517469],[30.45267,50.517507],[30.452653,50.517517],[30.452607,50.517492],[30.452531,50.517459],[30.452453,50.517428],[30.452371,50.5174],[30.452287,50.517376],[30.4522,50.517356],[30.452112,50.517339],[30.452022,50.517326],[30.451931,50.517317],[30.451839,50.517312],[30.451746,50.51731],[30.451654,50.517312],[30.451647,50.517313],[30.451636,50.517308],[30.451557,50.517277],[30.451476,50.51725],[30.451391,50.517226],[30.451334,50.517212],[30.451384,50.517167],[30.451432,50.517117],[30.451475,50.517065],[30.451513,50.517011],[30.451545,50.516956],[30.451571,50.516899],[30.451591,50.516842],[30.451606,50.516784],[30.451614,50.516725],[30.451617,50.516667],[30.451613,50.516608],[30.451604,50.516549],[30.451588,50.516491],[30.451567,50.516434],[30.451539,50.516378],[30.451506,50.516323],[30.451468,50.51627],[30.451424,50.516218],[30.451375,50.516168],[30.451362,50.516157],[30.451419,50.516119],[30.451477,50.516073],[30.45153,50.516025],[30.451578,50.515975],[30.451621,50.515923],[30.451659,50.515869],[30.451691,50.515814],[30.451717,50.515757],[30.451737,50.5157],[30.451752,50.515642],[30.45176,50.515583],[30.451763,50.515525],[30.451759,50.515466],[30.45175,50.515407],[30.451734,50.515349],[30.451713,50.515292],[30.451685,50.515236],[30.451652,50.515181],[30.451635,50.515158],[30.451652,50.515157],[30.451742,50.515147],[30.451832,50.515133],[30.45192,50.515115],[30.452006,50.515094],[30.45209,50.51507],[30.452171,50.515042],[30.452249,50.51501],[30.452324,50.514976],[30.452395,50.514938],[30.452462,50.514898],[30.452525,50.514855],[30.452583,50.514809],[30.452636,50.514761],[30.452684,50.514711],[30.452727,50.514659],[30.452765,50.514605],[30.452797,50.51455],[30.452823,50.514493],[30.452843,50.514436],[30.452858,50.514378],[30.452866,50.514319],[30.452869,50.514261],[30.452865,50.514202],[30.452856,50.514143],[30.45284,50.514085],[30.452819,50.514028],[30.452791,50.513972],[30.452758,50.513917],[30.45272,50.513864],[30.452676,50.513812],[30.452626,50.513762],[30.452572,50.513714],[30.452513,50.513669],[30.45245,50.513626],[30.452382,50.513587],[30.45231,50.513549],[30.452235,50.513516],[30.452156,50.513485],[30.452075,50.513457],[30.451991,50.513433],[30.451904,50.513413],[30.451816,50.513396],[30.451726,50.513383],[30.451635,50.513374],[30.451543,50.513369],[30.45145,50.513367],[30.451422,50.513368],[30.451394,50.513352],[30.451322,50.513315],[30.451247,50.513281],[30.451168,50.51325],[30.451087,50.513222],[30.451003,50.513198],[30.450916,50.513178],[30.450828,50.513161],[30.450808,50.513158],[30.450872,50.513165],[30.450964,50.51317],[30.451057,50.513172],[30.451149,50.51317],[30.451241,50.513164],[30.451331,50.513154],[30.451421,50.51314],[30.451509,50.513122],[30.451595,50.513101],[30.451679,50.513077],[30.45176,50.513049],[30.451838,50.513017],[30.451913,50.512983],[30.451984,50.512945],[30.452051,50.512905],[30.452114,50.512862],[30.452172,50.512816],[30.452225,50.512768],[30.452273,50.512718],[30.452316,50.512666],[30.452354,50.512612],[30.452386,50.512557],[30.452412,50.5125],[30.452432,50.512443],[30.452447,50.512385],[30.452455,50.512326],[30.452458,50.512268],[30.452454,50.512209],[30.452445,50.51215],[30.452429,50.512092],[30.452408,50.512035],[30.45238,50.511979],[30.452347,50.511924],[30.452309,50.511871],[30.452265,50.511819],[30.452215,50.511769]]],[[[30.455794,50.512209],[30.455731,50.512166],[30.455663,50.512127],[30.455591,50.512089],[30.455516,50.512056],[30.455481,50.512042],[30.455564,50.512033],[30.455654,50.512019],[30.455742,50.512002],[30.455828,50.511981],[30.455912,50.511956],[30.455993,50.511928],[30.456071,50.511897],[30.456146,50.511862],[30.456216,50.511825],[30.456283,50.511784],[30.456346,50.511741],[30.456404,50.511695],[30.456457,50.511647],[30.456506,50.511597],[30.456549,50.511545],[30.456586,50.511491],[30.456618,50.511436],[30.456644,50.51138],[30.456665,50.511322],[30.456679,50.511264],[30.456688,50.511206],[30.45669,50.511147],[30.456687,50.511088],[30.456677,50.51103],[30.456661,50.510972],[30.45664,50.510914],[30.456613,50.510858],[30.45658,50.510803],[30.456541,50.51075],[30.456497,50.510698],[30.456448,50.510648],[30.456394,50.510601],[30.456335,50.510555],[30.456271,50.510513],[30.456203,50.510473],[30.456132,50.510436],[30.456056,50.510402],[30.455978,50.510371],[30.455896,50.510344],[30.455812,50.51032],[30.455725,50.510299],[30.455637,50.510283],[30.455547,50.51027],[30.455456,50.51026],[30.455364,50.510255],[30.455272,50.510253],[30.45518,50.510256],[30.455088,50.510262],[30.454997,50.510272],[30.454907,50.510285],[30.454819,50.510303],[30.454733,50.510324],[30.454649,50.510349],[30.454568,50.510377],[30.45449,50.510408],[30.454415,50.510443],[30.454344,50.51048],[30.454278,50.510521],[30.454215,50.510564],[30.454157,50.510609],[30.454104,50.510658],[30.454055,50.510708],[30.454012,50.51076],[30.453975,50.510813],[30.453943,50.510869],[30.453917,50.510925],[30.453896,50.510982],[30.453882,50.51104],[30.453873,50.511099],[30.453871,50.511158],[30.453874,50.511217],[30.453884,50.511275],[30.453899,50.511333],[30.453921,50.51139],[30.453948,50.511447],[30.453981,50.511501],[30.45402,50.511555],[30.454064,50.511607],[30.454113,50.511656],[30.454167,50.511704],[30.454226,50.511749],[30.45429,50.511792],[30.454357,50.511832],[30.454429,50.511869],[30.454504,50.511903],[30.454539,50.511916],[30.454457,50.511925],[30.454367,50.511939],[30.454279,50.511957],[30.454193,50.511978],[30.454109,50.512002],[30.454028,50.51203],[30.45395,50.512062],[30.453875,50.512096],[30.453804,50.512134],[30.453737,50.512174],[30.453674,50.512217],[30.453616,50.512263],[30.453563,50.512311],[30.453515,50.512361],[30.453472,50.512413],[30.453434,50.512467],[30.453402,50.512522],[30.453376,50.512579],[30.453356,50.512636],[30.453341,50.512694],[30.453333,50.512753],[30.45333,50.512811],[30.453334,50.51287],[30.453343,50.512929],[30.453359,50.512987],[30.45338,50.513044],[30.453408,50.5131],[30.453441,50.513155],[30.453479,50.513209],[30.453523,50.51326],[30.453573,50.51331],[30.453627,50.513358],[30.453686,50.513403],[30.453749,50.513446],[30.453817,50.513485],[30.453889,50.513523],[30.453896,50.513526],[30.453907,50.513557],[30.453935,50.513613],[30.453968,50.513668],[30.454006,50.513722],[30.45405,50.513773],[30.4541,50.513823],[30.454154,50.513871],[30.454213,50.513916],[30.454276,50.513959],[30.454344,50.513998],[30.454416,50.514036],[30.454491,50.514069],[30.45457,50.5141],[30.454651,50.514128],[30.454735,50.514152],[30.454822,50.514172],[30.45491,50.514189],[30.455,50.514202],[30.455092,50.514211],[30.455183,50.514216],[30.455276,50.514218],[30.455368,50.514216],[30.45546,50.51421],[30.455551,50.5142],[30.45564,50.514186],[30.455728,50.514168],[30.455815,50.514147],[30.455898,50.514123],[30.455979,50.514095],[30.456057,50.514063],[30.456132,50.514029],[30.456203,50.513991],[30.45627,50.513951],[30.456333,50.513908],[30.456391,50.513862],[30.456423,50.513833],[30.45651,50.51385],[30.4566,50.513863],[30.456692,50.513872],[30.456783,50.513877],[30.456876,50.513879],[30.456968,50.513877],[30.45706,50.513871],[30.457151,50.513861],[30.45724,50.513847],[30.457328,50.513829],[30.457415,50.513808],[30.457498,50.513784],[30.457579,50.513756],[30.457657,50.513724],[30.457732,50.51369],[30.457803,50.513652],[30.45787,50.513612],[30.457933,50.513569],[30.457991,50.513523],[30.458044,50.513475],[30.458092,50.513425],[30.458135,50.513373],[30.458173,50.513319],[30.458205,50.513264],[30.458231,50.513207],[30.458251,50.51315],[30.458266,50.513092],[30.458274,50.513033],[30.458277,50.512974],[30.458273,50.512916],[30.458264,50.512857],[30.458248,50.512799],[30.458227,50.512742],[30.458199,50.512686],[30.458166,50.512631],[30.458128,50.512577],[30.458084,50.512526],[30.458034,50.512476],[30.45798,50.512428],[30.457921,50.512383],[30.457858,50.51234],[30.45779,50.5123],[30.457718,50.512263],[30.457643,50.512229],[30.457564,50.512199],[30.457483,50.512171],[30.457398,50.512147],[30.457312,50.512127],[30.457224,50.51211],[30.457134,50.512097],[30.457042,50.512088],[30.456951,50.512083],[30.456858,50.512081],[30.456766,50.512083],[30.456674,50.512089],[30.456583,50.512099],[30.456494,50.512113],[30.456406,50.512131],[30.456319,50.512152],[30.456236,50.512176],[30.456155,50.512204],[30.456077,50.512236],[30.456002,50.51227],[30.455931,50.512308],[30.45592,50.512315],[30.455907,50.512302],[30.455853,50.512254],[30.455794,50.512209]]],[[[30.363465,50.52661],[30.363411,50.526562],[30.363352,50.526517],[30.363288,50.526474],[30.363221,50.526434],[30.363149,50.526397],[30.363074,50.526363],[30.362995,50.526332],[30.362914,50.526305],[30.362829,50.526281],[30.362743,50.52626],[30.362654,50.526244],[30.362564,50.52623],[30.362473,50.526221],[30.362381,50.526216],[30.362289,50.526214],[30.362197,50.526216],[30.362105,50.526222],[30.362014,50.526232],[30.361924,50.526246],[30.361836,50.526263],[30.36175,50.526284],[30.361666,50.526309],[30.361585,50.526337],[30.361507,50.526368],[30.361432,50.526402],[30.361361,50.52644],[30.361294,50.52648],[30.361231,50.526524],[30.361173,50.526569],[30.36112,50.526617],[30.361071,50.526667],[30.361028,50.526719],[30.360991,50.526773],[30.360958,50.526828],[30.360932,50.526885],[30.360912,50.526942],[30.360897,50.527],[30.360888,50.527059],[30.360886,50.527117],[30.360889,50.527176],[30.360899,50.527235],[30.360914,50.527293],[30.360936,50.52735],[30.360963,50.527406],[30.360996,50.527461],[30.361034,50.527515],[30.361078,50.527566],[30.361127,50.527616],[30.361181,50.527664],[30.36124,50.527709],[30.361304,50.527752],[30.361371,50.527792],[30.361443,50.527829],[30.361518,50.527863],[30.361597,50.527894],[30.361678,50.527921],[30.361763,50.527945],[30.361849,50.527966],[30.361938,50.527982],[30.362028,50.527996],[30.362119,50.528005],[30.362211,50.52801],[30.362303,50.528012],[30.362395,50.52801],[30.362487,50.528004],[30.362578,50.527994],[30.362668,50.52798],[30.362756,50.527963],[30.362842,50.527942],[30.362926,50.527917],[30.363007,50.527889],[30.363085,50.527858],[30.36316,50.527824],[30.363231,50.527786],[30.363298,50.527746],[30.363361,50.527702],[30.363419,50.527657],[30.363472,50.527609],[30.363521,50.527559],[30.363564,50.527507],[30.363602,50.527453],[30.363634,50.527398],[30.36366,50.527341],[30.36368,50.527284],[30.363695,50.527226],[30.363704,50.527167],[30.363706,50.527109],[30.363703,50.52705],[30.363693,50.526991],[30.363678,50.526933],[30.363656,50.526876],[30.363629,50.52682],[30.363596,50.526765],[30.363558,50.526711],[30.363514,50.52666],[30.363465,50.52661]]],[[[30.36847,50.52692],[30.368416,50.526872],[30.368357,50.526827],[30.368293,50.526784],[30.368226,50.526744],[30.368154,50.526707],[30.368079,50.526673],[30.368,50.526642],[30.367918,50.526615],[30.367834,50.526591],[30.367748,50.52657],[30.367659,50.526554],[30.367569,50.52654],[30.367478,50.526531],[30.367386,50.526526],[30.367294,50.526524],[30.367202,50.526526],[30.36711,50.526532],[30.367019,50.526542],[30.366929,50.526556],[30.366841,50.526573],[30.366755,50.526594],[30.366671,50.526619],[30.36659,50.526647],[30.366512,50.526678],[30.366437,50.526713],[30.366366,50.52675],[30.366299,50.52679],[30.366236,50.526834],[30.366178,50.526879],[30.366125,50.526927],[30.366076,50.526977],[30.366033,50.527029],[30.365995,50.527083],[30.365963,50.527138],[30.36595,50.527166],[30.365938,50.527168],[30.36585,50.527185],[30.365764,50.527206],[30.36568,50.527231],[30.365599,50.527259],[30.365521,50.52729],[30.365446,50.527325],[30.365375,50.527362],[30.365308,50.527402],[30.365245,50.527446],[30.365187,50.527491],[30.365134,50.527539],[30.365085,50.527589],[30.365042,50.527641],[30.365004,50.527695],[30.364972,50.52775],[30.364963,50.527771],[30.364906,50.527772],[30.364814,50.527778],[30.364723,50.527788],[30.364633,50.527802],[30.364545,50.527819],[30.364459,50.52784],[30.364375,50.527865],[30.364294,50.527893],[30.364216,50.527924],[30.364141,50.527959],[30.36407,50.527996],[30.364003,50.528036],[30.36394,50.52808],[30.363882,50.528125],[30.363829,50.528173],[30.36378,50.528223],[30.363737,50.528275],[30.363699,50.528329],[30.363667,50.528384],[30.363641,50.528441],[30.36362,50.528498],[30.363606,50.528556],[30.363597,50.528615],[30.363595,50.528673],[30.363598,50.528732],[30.363608,50.528791],[30.363623,50.528849],[30.363645,50.528906],[30.363672,50.528962],[30.363705,50.529017],[30.363743,50.529071],[30.363787,50.529122],[30.363836,50.529172],[30.36389,50.52922],[30.363949,50.529265],[30.364013,50.529308],[30.36408,50.529348],[30.364152,50.529385],[30.364227,50.529419],[30.364306,50.52945],[30.364387,50.529477],[30.364472,50.529501],[30.364558,50.529522],[30.364647,50.529538],[30.364737,50.529552],[30.364828,50.529561],[30.36492,50.529566],[30.365012,50.529568],[30.365104,50.529566],[30.365196,50.52956],[30.365287,50.52955],[30.365377,50.529536],[30.365465,50.529519],[30.365551,50.529498],[30.365635,50.529473],[30.365716,50.529445],[30.365794,50.529414],[30.365869,50.529379],[30.36594,50.529342],[30.366007,50.529302],[30.36607,50.529258],[30.366128,50.529213],[30.366181,50.529165],[30.36623,50.529115],[30.366273,50.529063],[30.366311,50.529009],[30.366343,50.528954],[30.366352,50.528933],[30.366409,50.528932],[30.366501,50.528926],[30.366592,50.528916],[30.366682,50.528902],[30.36677,50.528885],[30.366856,50.528864],[30.36694,50.528839],[30.367021,50.528811],[30.367099,50.52878],[30.367174,50.528745],[30.367245,50.528708],[30.367312,50.528668],[30.367375,50.528624],[30.367433,50.528579],[30.367486,50.528531],[30.367535,50.528481],[30.367578,50.528429],[30.367616,50.528375],[30.367648,50.52832],[30.367661,50.528292],[30.367673,50.52829],[30.367761,50.528273],[30.367847,50.528252],[30.367931,50.528227],[30.368012,50.528199],[30.36809,50.528168],[30.368165,50.528133],[30.368236,50.528096],[30.368303,50.528055],[30.368366,50.528012],[30.368424,50.527967],[30.368477,50.527919],[30.368526,50.527869],[30.368569,50.527817],[30.368607,50.527763],[30.368639,50.527708],[30.368665,50.527651],[30.368686,50.527594],[30.3687,50.527536],[30.368709,50.527477],[30.368711,50.527419],[30.368708,50.52736],[30.368698,50.527301],[30.368683,50.527243],[30.368661,50.527186],[30.368634,50.52713],[30.368601,50.527075],[30.368563,50.527021],[30.368519,50.52697],[30.36847,50.52692]]],[[[30.35792,50.529632],[30.357831,50.529616],[30.357741,50.529602],[30.35765,50.529593],[30.357558,50.529588],[30.357466,50.529586],[30.357374,50.529588],[30.357282,50.529594],[30.357191,50.529604],[30.357101,50.529618],[30.357013,50.529635],[30.356927,50.529656],[30.356843,50.529681],[30.356762,50.529709],[30.356684,50.52974],[30.356609,50.529774],[30.356538,50.529812],[30.356471,50.529852],[30.356408,50.529896],[30.35635,50.529941],[30.356297,50.529989],[30.356248,50.530039],[30.356205,50.530091],[30.356167,50.530145],[30.356135,50.5302],[30.356109,50.530257],[30.356088,50.530314],[30.356074,50.530372],[30.356065,50.530431],[30.356063,50.530489],[30.356066,50.530548],[30.356076,50.530607],[30.356091,50.530665],[30.356112,50.530722],[30.35614,50.530778],[30.356173,50.530833],[30.356211,50.530886],[30.356255,50.530938],[30.356304,50.530988],[30.356358,50.531036],[30.356417,50.531081],[30.356481,50.531124],[30.356548,50.531164],[30.35662,50.531201],[30.356623,50.531202],[30.356635,50.53121],[30.356707,50.531247],[30.356782,50.531281],[30.356861,50.531312],[30.356942,50.531339],[30.357027,50.531363],[30.357113,50.531383],[30.357202,50.5314],[30.357292,50.531413],[30.357383,50.531423],[30.357475,50.531428],[30.357567,50.53143],[30.357659,50.531428],[30.357751,50.531422],[30.357842,50.531412],[30.357932,50.531398],[30.35802,50.531381],[30.358106,50.53136],[30.35819,50.531335],[30.358271,50.531307],[30.358349,50.531276],[30.358424,50.531241],[30.358495,50.531204],[30.358562,50.531163],[30.358625,50.53112],[30.358683,50.531075],[30.358737,50.531027],[30.358785,50.530977],[30.358828,50.530925],[30.358866,50.530871],[30.358898,50.530816],[30.358924,50.530759],[30.358945,50.530702],[30.358959,50.530644],[30.358968,50.530585],[30.358971,50.530527],[30.358967,50.530468],[30.358958,50.530409],[30.358942,50.530351],[30.358921,50.530294],[30.358893,50.530238],[30.358861,50.530183],[30.358822,50.530129],[30.358778,50.530078],[30.358729,50.530028],[30.358675,50.52998],[30.358616,50.529935],[30.358553,50.529892],[30.358485,50.529852],[30.358413,50.529815],[30.35841,50.529814],[30.358398,50.529806],[30.358326,50.529769],[30.358251,50.529735],[30.358172,50.529704],[30.358091,50.529677],[30.358006,50.529653],[30.35792,50.529632]]],[[[30.370084,50.530199],[30.37003,50.530151],[30.369971,50.530106],[30.369907,50.530063],[30.36984,50.530023],[30.369768,50.529986],[30.369693,50.529952],[30.369614,50.529921],[30.369532,50.529894],[30.369448,50.52987],[30.369362,50.529849],[30.369273,50.529833],[30.369183,50.529819],[30.369092,50.52981],[30.369,50.529805],[30.368908,50.529803],[30.368816,50.529805],[30.368724,50.529811],[30.368633,50.529821],[30.368543,50.529835],[30.368455,50.529852],[30.368369,50.529873],[30.368285,50.529898],[30.368204,50.529926],[30.368126,50.529957],[30.368051,50.529992],[30.36798,50.530029],[30.367913,50.53007],[30.36785,50.530113],[30.367792,50.530158],[30.367738,50.530206],[30.36769,50.530256],[30.367647,50.530308],[30.367609,50.530362],[30.367577,50.530417],[30.367551,50.530474],[30.36753,50.530531],[30.367516,50.530589],[30.367507,50.530648],[30.367505,50.530706],[30.367508,50.530765],[30.367518,50.530824],[30.367533,50.530882],[30.367555,50.530939],[30.367582,50.530995],[30.367615,50.53105],[30.367653,50.531104],[30.367697,50.531155],[30.367746,50.531205],[30.3678,50.531253],[30.367859,50.531298],[30.367923,50.531341],[30.36799,50.531381],[30.368062,50.531418],[30.368137,50.531452],[30.368216,50.531483],[30.368298,50.53151],[30.368382,50.531534],[30.368468,50.531555],[30.368557,50.531571],[30.368647,50.531585],[30.368738,50.531594],[30.36883,50.531599],[30.368922,50.531601],[30.369014,50.531599],[30.369106,50.531593],[30.369197,50.531583],[30.369287,50.531569],[30.369375,50.531552],[30.369461,50.531531],[30.369545,50.531506],[30.369626,50.531478],[30.369704,50.531447],[30.369779,50.531412],[30.36985,50.531375],[30.369917,50.531334],[30.36998,50.531291],[30.370038,50.531246],[30.370092,50.531198],[30.37014,50.531148],[30.370183,50.531096],[30.370221,50.531042],[30.370253,50.530987],[30.370279,50.53093],[30.3703,50.530873],[30.370314,50.530815],[30.370323,50.530756],[30.370325,50.530698],[30.370322,50.530639],[30.370312,50.53058],[30.370297,50.530522],[30.370275,50.530465],[30.370248,50.530409],[30.370215,50.530354],[30.370177,50.5303],[30.370133,50.530249],[30.370084,50.530199]]],[[[30.357807,50.535071],[30.357753,50.535023],[30.357694,50.534978],[30.357631,50.534935],[30.357563,50.534895],[30.357491,50.534858],[30.357416,50.534824],[30.357337,50.534793],[30.357256,50.534766],[30.357172,50.534742],[30.357085,50.534721],[30.356997,50.534705],[30.356907,50.534691],[30.356815,50.534682],[30.356723,50.534677],[30.356631,50.534675],[30.356539,50.534677],[30.356447,50.534683],[30.356356,50.534693],[30.356266,50.534707],[30.356178,50.534724],[30.356092,50.534745],[30.356008,50.53477],[30.355927,50.534798],[30.355849,50.534829],[30.355774,50.534863],[30.355703,50.534901],[30.355636,50.534941],[30.355573,50.534985],[30.355515,50.53503],[30.355461,50.535078],[30.355413,50.535128],[30.35537,50.53518],[30.355332,50.535234],[30.3553,50.535289],[30.355274,50.535346],[30.355253,50.535403],[30.355239,50.535461],[30.35523,50.53552],[30.355228,50.535578],[30.355231,50.535637],[30.35524,50.535696],[30.355256,50.535754],[30.355277,50.535811],[30.355305,50.535867],[30.355337,50.535922],[30.355376,50.535975],[30.35542,50.536027],[30.355469,50.536077],[30.355523,50.536125],[30.355582,50.53617],[30.355645,50.536213],[30.355713,50.536253],[30.355785,50.53629],[30.35586,50.536324],[30.355939,50.536355],[30.35602,50.536382],[30.356104,50.536406],[30.356191,50.536427],[30.356279,50.536443],[30.356369,50.536457],[30.356461,50.536466],[30.356553,50.536471],[30.356645,50.536473],[30.356737,50.536471],[30.356829,50.536465],[30.35692,50.536455],[30.35701,50.536441],[30.357098,50.536424],[30.357184,50.536403],[30.357268,50.536378],[30.357349,50.53635],[30.357427,50.536319],[30.357502,50.536285],[30.357573,50.536247],[30.35764,50.536207],[30.357703,50.536163],[30.357761,50.536118],[30.357815,50.53607],[30.357863,50.53602],[30.357906,50.535968],[30.357944,50.535914],[30.357976,50.535859],[30.358002,50.535802],[30.358023,50.535745],[30.358037,50.535687],[30.358046,50.535628],[30.358048,50.53557],[30.358045,50.535511],[30.358036,50.535452],[30.35802,50.535394],[30.357999,50.535337],[30.357971,50.535281],[30.357939,50.535226],[30.3579,50.535173],[30.357856,50.535121],[30.357807,50.535071]]],[[[30.353439,50.538957],[30.353385,50.538909],[30.353326,50.538864],[30.353263,50.538821],[30.353195,50.538781],[30.353123,50.538744],[30.353048,50.53871],[30.35297,50.538679],[30.352888,50.538652],[30.352804,50.538628],[30.352717,50.538607],[30.352629,50.538591],[30.352539,50.538578],[30.352448,50.538568],[30.352356,50.538563],[30.352263,50.538561],[30.352171,50.538563],[30.352079,50.538569],[30.351988,50.538579],[30.351899,50.538593],[30.35181,50.53861],[30.351724,50.538631],[30.35164,50.538656],[30.351559,50.538684],[30.351481,50.538715],[30.351406,50.538749],[30.351335,50.538787],[30.351268,50.538827],[30.351205,50.538871],[30.351147,50.538916],[30.351094,50.538964],[30.351045,50.539014],[30.351002,50.539066],[30.350964,50.53912],[30.350932,50.539175],[30.350906,50.539232],[30.350885,50.539289],[30.350871,50.539347],[30.350862,50.539406],[30.350859,50.539464],[30.350863,50.539523],[30.350872,50.539582],[30.350888,50.53964],[30.350909,50.539697],[30.350936,50.539753],[30.350969,50.539808],[30.351008,50.539861],[30.351052,50.539913],[30.351101,50.539963],[30.351155,50.540011],[30.351214,50.540056],[30.351277,50.540099],[30.351345,50.540139],[30.351417,50.540176],[30.351492,50.54021],[30.351571,50.540241],[30.351652,50.540268],[30.351736,50.540292],[30.351823,50.540313],[30.351911,50.540329],[30.352001,50.540343],[30.352093,50.540352],[30.352185,50.540357],[30.352277,50.540359],[30.352369,50.540357],[30.352461,50.540351],[30.352552,50.540341],[30.352642,50.540327],[30.35273,50.54031],[30.352816,50.540289],[30.3529,50.540264],[30.352981,50.540236],[30.353059,50.540205],[30.353134,50.540171],[30.353205,50.540133],[30.353272,50.540093],[30.353335,50.54005],[30.353393,50.540004],[30.353447,50.539956],[30.353495,50.539906],[30.353538,50.539854],[30.353576,50.5398],[30.353608,50.539745],[30.353634,50.539689],[30.353655,50.539631],[30.353669,50.539573],[30.353678,50.539515],[30.353681,50.539456],[30.353677,50.539397],[30.353668,50.539338],[30.353652,50.539281],[30.353631,50.539223],[30.353604,50.539167],[30.353571,50.539112],[30.353532,50.539059],[30.353488,50.539007],[30.353439,50.538957]]],[[[30.3582,50.54112],[30.358151,50.54107],[30.358097,50.541022],[30.358038,50.540977],[30.357975,50.540934],[30.357907,50.540894],[30.357835,50.540857],[30.35776,50.540823],[30.357681,50.540792],[30.3576,50.540765],[30.357516,50.540741],[30.357429,50.54072],[30.357341,50.540704],[30.357251,50.54069],[30.357159,50.540681],[30.357067,50.540676],[30.356975,50.540674],[30.356883,50.540676],[30.356791,50.540682],[30.3567,50.540692],[30.35661,50.540706],[30.356522,50.540723],[30.356436,50.540744],[30.356352,50.540769],[30.356271,50.540797],[30.356193,50.540828],[30.356118,50.540862],[30.356047,50.5409],[30.35598,50.54094],[30.355917,50.540984],[30.355859,50.541029],[30.355805,50.541077],[30.355757,50.541127],[30.355714,50.541179],[30.355676,50.541233],[30.355644,50.541288],[30.355618,50.541345],[30.355597,50.541402],[30.355583,50.54146],[30.355574,50.541519],[30.355571,50.541577],[30.355575,50.541636],[30.355584,50.541695],[30.3556,50.541753],[30.355621,50.54181],[30.355648,50.541866],[30.355681,50.541921],[30.35572,50.541974],[30.355764,50.542026],[30.355813,50.542076],[30.355867,50.542124],[30.355926,50.542169],[30.355989,50.542212],[30.356057,50.542252],[30.356129,50.542289],[30.356204,50.542323],[30.356283,50.542354],[30.356364,50.542381],[30.356448,50.542405],[30.356535,50.542426],[30.356623,50.542442],[30.356713,50.542456],[30.356805,50.542465],[30.356897,50.54247],[30.356989,50.542472],[30.357081,50.54247],[30.357173,50.542464],[30.357264,50.542454],[30.357354,50.54244],[30.357442,50.542423],[30.357528,50.542402],[30.357612,50.542377],[30.357693,50.542349],[30.357771,50.542318],[30.357846,50.542284],[30.357917,50.542246],[30.357984,50.542206],[30.358047,50.542162],[30.358105,50.542117],[30.358159,50.542069],[30.358207,50.542019],[30.35825,50.541967],[30.358288,50.541913],[30.35832,50.541858],[30.358346,50.541801],[30.358367,50.541744],[30.358381,50.541686],[30.35839,50.541627],[30.358393,50.541569],[30.358389,50.54151],[30.35838,50.541451],[30.358364,50.541393],[30.358343,50.541336],[30.358316,50.54128],[30.358283,50.541225],[30.358244,50.541172],[30.3582,50.54112]]],[[[30.350792,50.542515],[30.350738,50.542467],[30.350679,50.542422],[30.350615,50.542379],[30.350548,50.542339],[30.350476,50.542302],[30.350401,50.542268],[30.350322,50.542237],[30.350241,50.542209],[30.350156,50.542185],[30.35007,50.542165],[30.349981,50.542148],[30.349891,50.542135],[30.3498,50.542126],[30.349708,50.54212],[30.349616,50.542119],[30.349524,50.542121],[30.349432,50.542127],[30.349341,50.542137],[30.349251,50.54215],[30.349163,50.542168],[30.349077,50.542189],[30.348993,50.542213],[30.348912,50.542241],[30.348833,50.542272],[30.348759,50.542307],[30.348687,50.542344],[30.34862,50.542385],[30.348558,50.542428],[30.348499,50.542474],[30.348446,50.542522],[30.348398,50.542572],[30.348354,50.542624],[30.348317,50.542677],[30.348285,50.542733],[30.348258,50.542789],[30.348238,50.542846],[30.348223,50.542904],[30.348214,50.542963],[30.348212,50.543022],[30.348215,50.54308],[30.348225,50.543139],[30.34824,50.543197],[30.348262,50.543254],[30.348289,50.54331],[30.348322,50.543365],[30.34836,50.543419],[30.348404,50.543471],[30.348453,50.54352],[30.348507,50.543568],[30.348566,50.543613],[30.34863,50.543656],[30.348697,50.543696],[30.348769,50.543733],[30.348844,50.543767],[30.348923,50.543798],[30.349005,50.543826],[30.349089,50.54385],[30.349175,50.54387],[30.349264,50.543887],[30.349354,50.5439],[30.349445,50.543909],[30.349537,50.543915],[30.349629,50.543916],[30.349699,50.543915],[30.349692,50.543965],[30.349689,50.544024],[30.349693,50.544083],[30.349702,50.544142],[30.349718,50.5442],[30.349739,50.544257],[30.349766,50.544313],[30.349799,50.544368],[30.349838,50.544421],[30.349882,50.544473],[30.349931,50.544523],[30.349985,50.544571],[30.350044,50.544616],[30.350107,50.544659],[30.350175,50.544699],[30.350246,50.544736],[30.350322,50.54477],[30.350331,50.544773],[30.350382,50.544804],[30.350454,50.544841],[30.350529,50.544875],[30.350608,50.544906],[30.350689,50.544933],[30.350774,50.544957],[30.35086,50.544978],[30.350949,50.544994],[30.351039,50.545007],[30.35113,50.545017],[30.351222,50.545022],[30.351314,50.545024],[30.351406,50.545022],[30.351498,50.545016],[30.351589,50.545006],[30.351679,50.544992],[30.351767,50.544975],[30.351853,50.544954],[30.351937,50.544929],[30.352018,50.544901],[30.352097,50.54487],[30.352171,50.544836],[30.352242,50.544798],[30.35231,50.544758],[30.352372,50.544714],[30.352431,50.544669],[30.352484,50.544621],[30.352532,50.544571],[30.352575,50.544519],[30.352613,50.544465],[30.352645,50.54441],[30.352672,50.544354],[30.352692,50.544296],[30.352707,50.544238],[30.352715,50.54418],[30.352718,50.544121],[30.352715,50.544062],[30.352705,50.544003],[30.35269,50.543945],[30.352668,50.543888],[30.352641,50.543832],[30.352608,50.543777],[30.35257,50.543724],[30.352526,50.543672],[30.352477,50.543622],[30.352422,50.543574],[30.352363,50.543529],[30.3523,50.543486],[30.352232,50.543446],[30.352161,50.543409],[30.352085,50.543375],[30.352076,50.543372],[30.352025,50.543341],[30.351953,50.543304],[30.351878,50.54327],[30.3518,50.543239],[30.351718,50.543212],[30.351634,50.543188],[30.351547,50.543167],[30.351459,50.543151],[30.351369,50.543138],[30.351278,50.543128],[30.351186,50.543123],[30.351093,50.543121],[30.351023,50.543123],[30.351031,50.543072],[30.351033,50.543013],[30.35103,50.542954],[30.35102,50.542896],[30.351005,50.542838],[30.350984,50.542781],[30.350956,50.542724],[30.350923,50.54267],[30.350885,50.542616],[30.350841,50.542564],[30.350792,50.542515]]],[[[30.347107,50.542991],[30.347053,50.542943],[30.346994,50.542898],[30.346931,50.542855],[30.346863,50.542815],[30.346792,50.542778],[30.346716,50.542744],[30.346638,50.542713],[30.346556,50.542686],[30.346472,50.542662],[30.346385,50.542641],[30.346297,50.542625],[30.346207,50.542612],[30.346116,50.542602],[30.346024,50.542597],[30.345931,50.542595],[30.345839,50.542597],[30.345747,50.542603],[30.345656,50.542613],[30.345567,50.542627],[30.345478,50.542644],[30.345392,50.542665],[30.345308,50.54269],[30.345227,50.542718],[30.345149,50.542749],[30.345074,50.542783],[30.345003,50.542821],[30.344936,50.542861],[30.344873,50.542904],[30.344815,50.54295],[30.344761,50.542998],[30.344713,50.543048],[30.34467,50.5431],[30.344632,50.543154],[30.3446,50.543209],[30.344574,50.543265],[30.344553,50.543323],[30.344539,50.543381],[30.34453,50.543439],[30.344527,50.543498],[30.344531,50.543557],[30.34454,50.543615],[30.344556,50.543673],[30.344577,50.543731],[30.344604,50.543787],[30.344637,50.543842],[30.344676,50.543895],[30.34472,50.543947],[30.344769,50.543997],[30.344823,50.544045],[30.344882,50.54409],[30.344945,50.544133],[30.345013,50.544173],[30.345084,50.54421],[30.34516,50.544244],[30.345238,50.544275],[30.34532,50.544302],[30.345404,50.544326],[30.345491,50.544347],[30.345579,50.544363],[30.345669,50.544376],[30.34576,50.544386],[30.345852,50.544391],[30.345945,50.544393],[30.346037,50.544391],[30.346129,50.544385],[30.34622,50.544375],[30.346309,50.544361],[30.346398,50.544344],[30.346484,50.544323],[30.346568,50.544298],[30.346649,50.54427],[30.346727,50.544239],[30.346802,50.544205],[30.346873,50.544167],[30.34694,50.544127],[30.347003,50.544084],[30.347061,50.544038],[30.347115,50.54399],[30.347163,50.54394],[30.347206,50.543888],[30.347244,50.543834],[30.347276,50.543779],[30.347302,50.543723],[30.347323,50.543665],[30.347338,50.543607],[30.347346,50.543549],[30.347349,50.54349],[30.347345,50.543431],[30.347336,50.543373],[30.34732,50.543315],[30.347299,50.543257],[30.347272,50.543201],[30.347239,50.543146],[30.3472,50.543093],[30.347156,50.543041],[30.347107,50.542991]]],[[[30.350721,50.545144],[30.350667,50.545096],[30.350608,50.545051],[30.350545,50.545008],[30.350477,50.544968],[30.350406,50.544931],[30.35033,50.544897],[30.350252,50.544866],[30.35017,50.544839],[30.350086,50.544815],[30.349999,50.544794],[30.349911,50.544778],[30.349821,50.544765],[30.34973,50.544755],[30.349638,50.54475],[30.349545,50.544748],[30.349453,50.54475],[30.349361,50.544756],[30.34927,50.544766],[30.34918,50.54478],[30.349092,50.544797],[30.349006,50.544818],[30.348922,50.544843],[30.348841,50.544871],[30.348763,50.544902],[30.348688,50.544936],[30.348617,50.544974],[30.34855,50.545014],[30.348487,50.545057],[30.348429,50.545103],[30.348375,50.545151],[30.348327,50.545201],[30.348284,50.545253],[30.348246,50.545307],[30.348214,50.545362],[30.348188,50.545418],[30.348167,50.545476],[30.348152,50.545534],[30.348144,50.545592],[30.348141,50.545651],[30.348145,50.54571],[30.348151,50.545751],[30.348077,50.545734],[30.347989,50.545717],[30.347899,50.545704],[30.347808,50.545694],[30.347716,50.545689],[30.347624,50.545687],[30.347531,50.54569],[30.34744,50.545696],[30.347349,50.545705],[30.347259,50.545719],[30.347171,50.545736],[30.347084,50.545757],[30.347,50.545782],[30.346919,50.54581],[30.346841,50.545841],[30.346766,50.545876],[30.346695,50.545913],[30.346628,50.545954],[30.346565,50.545997],[30.346507,50.546042],[30.346454,50.54609],[30.346405,50.54614],[30.346362,50.546192],[30.346324,50.546246],[30.346292,50.546301],[30.346266,50.546358],[30.346245,50.546415],[30.346231,50.546473],[30.346222,50.546532],[30.346219,50.54659],[30.346223,50.546649],[30.346232,50.546708],[30.346248,50.546766],[30.346269,50.546823],[30.346296,50.546879],[30.346329,50.546934],[30.346368,50.546988],[30.346412,50.547039],[30.346461,50.547089],[30.346515,50.547137],[30.346574,50.547182],[30.346637,50.547225],[30.346705,50.547265],[30.346777,50.547302],[30.346852,50.547336],[30.346931,50.547367],[30.347012,50.547394],[30.347096,50.547418],[30.347183,50.547439],[30.347271,50.547456],[30.347362,50.547469],[30.347453,50.547478],[30.347545,50.547484],[30.347637,50.547485],[30.347729,50.547483],[30.347821,50.547477],[30.347912,50.547467],[30.348002,50.547453],[30.34809,50.547436],[30.348176,50.547415],[30.34826,50.547391],[30.348341,50.547363],[30.34842,50.547331],[30.348494,50.547297],[30.348565,50.547259],[30.348633,50.547219],[30.348695,50.547176],[30.348754,50.54713],[30.348807,50.547082],[30.348855,50.547032],[30.348899,50.54698],[30.348936,50.546926],[30.348968,50.546871],[30.348995,50.546815],[30.349015,50.546757],[30.34903,50.546699],[30.349038,50.546641],[30.349041,50.546582],[30.349038,50.546523],[30.349031,50.546482],[30.349105,50.5465],[30.349193,50.546516],[30.349283,50.546529],[30.349374,50.546539],[30.349466,50.546544],[30.349559,50.546546],[30.349651,50.546544],[30.349743,50.546538],[30.349834,50.546528],[30.349924,50.546514],[30.350012,50.546497],[30.350098,50.546476],[30.350182,50.546451],[30.350263,50.546423],[30.350341,50.546392],[30.350416,50.546358],[30.350487,50.54632],[30.350554,50.54628],[30.350617,50.546237],[30.350675,50.546191],[30.350729,50.546143],[30.350777,50.546093],[30.35082,50.546041],[30.350858,50.545987],[30.35089,50.545932],[30.350916,50.545876],[30.350937,50.545818],[30.350952,50.54576],[30.35096,50.545702],[30.350963,50.545643],[30.350959,50.545584],[30.35095,50.545525],[30.350934,50.545467],[30.350913,50.54541],[30.350886,50.545354],[30.350853,50.545299],[30.350814,50.545246],[30.35077,50.545194],[30.350721,50.545144]]],[[[30.365602,50.549377],[30.365553,50.549327],[30.365499,50.549279],[30.36544,50.549234],[30.365377,50.549191],[30.365309,50.549151],[30.365237,50.549114],[30.365162,50.54908],[30.365083,50.549049],[30.365002,50.549022],[30.364918,50.548998],[30.364831,50.548977],[30.364742,50.548961],[30.364652,50.548947],[30.364561,50.548938],[30.364469,50.548933],[30.364377,50.548931],[30.364285,50.548933],[30.364193,50.548939],[30.364102,50.548949],[30.364012,50.548963],[30.363924,50.54898],[30.363838,50.549001],[30.363754,50.549026],[30.363673,50.549054],[30.363594,50.549085],[30.36352,50.54912],[30.363449,50.549157],[30.363381,50.549197],[30.363319,50.549241],[30.36326,50.549286],[30.363207,50.549334],[30.363159,50.549384],[30.363116,50.549436],[30.363078,50.54949],[30.363046,50.549545],[30.363019,50.549602],[30.362999,50.549659],[30.362984,50.549717],[30.362976,50.549776],[30.362973,50.549834],[30.362977,50.549893],[30.362986,50.549952],[30.363002,50.55001],[30.363023,50.550067],[30.36305,50.550123],[30.363083,50.550178],[30.363122,50.550232],[30.363166,50.550283],[30.363215,50.550333],[30.363269,50.550381],[30.363328,50.550426],[30.363391,50.550469],[30.363459,50.550509],[30.363531,50.550546],[30.363606,50.55058],[30.363685,50.550611],[30.363766,50.550638],[30.36385,50.550662],[30.363937,50.550683],[30.364026,50.550699],[30.364116,50.550713],[30.364207,50.550722],[30.364299,50.550727],[30.364391,50.550729],[30.364483,50.550727],[30.364575,50.550721],[30.364666,50.550711],[30.364756,50.550697],[30.364844,50.55068],[30.36493,50.550659],[30.365014,50.550634],[30.365095,50.550606],[30.365174,50.550575],[30.365248,50.55054],[30.36532,50.550503],[30.365387,50.550463],[30.365449,50.550419],[30.365508,50.550374],[30.365561,50.550326],[30.365609,50.550276],[30.365652,50.550224],[30.36569,50.55017],[30.365722,50.550115],[30.365749,50.550058],[30.365769,50.550001],[30.365784,50.549943],[30.365792,50.549884],[30.365795,50.549826],[30.365791,50.549767],[30.365782,50.549708],[30.365766,50.54965],[30.365745,50.549593],[30.365718,50.549537],[30.365685,50.549482],[30.365646,50.549428],[30.365602,50.549377]]],[[[30.339615,50.552425],[30.339523,50.55242],[30.339431,50.552418],[30.339339,50.55242],[30.339247,50.552426],[30.339156,50.552436],[30.339066,50.55245],[30.338978,50.552467],[30.338891,50.552488],[30.338808,50.552513],[30.338726,50.552541],[30.338648,50.552572],[30.338573,50.552606],[30.338502,50.552644],[30.338435,50.552684],[30.338372,50.552727],[30.338314,50.552773],[30.338261,50.552821],[30.338212,50.552871],[30.338169,50.552923],[30.338131,50.552977],[30.338099,50.553032],[30.338073,50.553088],[30.338052,50.553146],[30.338038,50.553204],[30.338029,50.553262],[30.338026,50.553321],[30.33803,50.55338],[30.338039,50.553439],[30.338055,50.553497],[30.338076,50.553554],[30.338103,50.55361],[30.338136,50.553665],[30.338175,50.553718],[30.338219,50.55377],[30.338268,50.55382],[30.338322,50.553868],[30.338381,50.553913],[30.338444,50.553956],[30.338512,50.553996],[30.338584,50.554033],[30.338659,50.554067],[30.338737,50.554098],[30.338819,50.554125],[30.338903,50.554149],[30.33899,50.55417],[30.339078,50.554186],[30.339168,50.5542],[30.33926,50.554209],[30.339338,50.554214],[30.339374,50.554256],[30.339423,50.554306],[30.339477,50.554354],[30.339536,50.554399],[30.3396,50.554442],[30.339667,50.554482],[30.339739,50.554519],[30.339814,50.554553],[30.339893,50.554584],[30.339975,50.554611],[30.340059,50.554635],[30.340145,50.554656],[30.340234,50.554673],[30.340324,50.554686],[30.340332,50.554686],[30.340334,50.554688],[30.340406,50.554725],[30.340481,50.554759],[30.34056,50.55479],[30.340642,50.554817],[30.340726,50.554841],[30.340812,50.554862],[30.340901,50.554879],[30.340991,50.554892],[30.341082,50.554901],[30.341174,50.554907],[30.341266,50.554908],[30.341359,50.554906],[30.34145,50.5549],[30.341541,50.55489],[30.341631,50.554877],[30.34172,50.554859],[30.341806,50.554838],[30.34189,50.554814],[30.341971,50.554786],[30.342049,50.554754],[30.342124,50.55472],[30.342195,50.554682],[30.342262,50.554642],[30.342325,50.554599],[30.342383,50.554553],[30.342437,50.554505],[30.342485,50.554455],[30.342496,50.554442],[30.34254,50.554419],[30.342608,50.554378],[30.34267,50.554335],[30.342729,50.554289],[30.342782,50.554241],[30.34283,50.554191],[30.342874,50.554139],[30.342911,50.554086],[30.342943,50.554031],[30.34297,50.553974],[30.34299,50.553917],[30.343005,50.553859],[30.343014,50.5538],[30.343016,50.553741],[30.343013,50.553683],[30.343003,50.553624],[30.342988,50.553566],[30.342966,50.553509],[30.342939,50.553453],[30.342906,50.553398],[30.342868,50.553344],[30.342824,50.553292],[30.342775,50.553243],[30.342721,50.553195],[30.342662,50.55315],[30.342598,50.553107],[30.342531,50.553067],[30.342459,50.55303],[30.342384,50.552996],[30.342305,50.552965],[30.342223,50.552937],[30.342198,50.55293],[30.342191,50.552923],[30.342137,50.552875],[30.342078,50.55283],[30.342014,50.552787],[30.341946,50.552747],[30.341875,50.55271],[30.3418,50.552676],[30.341721,50.552645],[30.341639,50.552618],[30.341555,50.552594],[30.341468,50.552573],[30.34138,50.552557],[30.34129,50.552543],[30.341199,50.552534],[30.341107,50.552529],[30.341015,50.552527],[30.340922,50.552529],[30.34083,50.552535],[30.340739,50.552545],[30.34065,50.552559],[30.340561,50.552576],[30.340475,50.552597],[30.340391,50.552622],[30.340354,50.552634],[30.340291,50.552601],[30.340216,50.552567],[30.340137,50.552537],[30.340056,50.552509],[30.339971,50.552485],[30.339885,50.552465],[30.339796,50.552448],[30.339706,50.552435],[30.339615,50.552425]]],[[[30.352665,50.555208],[30.352611,50.555161],[30.352552,50.555115],[30.352488,50.555072],[30.352421,50.555032],[30.352349,50.554995],[30.352274,50.554961],[30.352195,50.554931],[30.352113,50.554903],[30.352029,50.554879],[30.351943,50.554859],[30.351854,50.554842],[30.351764,50.554829],[30.351673,50.554819],[30.351581,50.554814],[30.351489,50.554812],[30.351396,50.554814],[30.351304,50.55482],[30.351213,50.55483],[30.351124,50.554844],[30.351035,50.554861],[30.350949,50.554882],[30.350865,50.554907],[30.350784,50.554935],[30.350706,50.554966],[30.350631,50.555001],[30.35056,50.555038],[30.350493,50.555079],[30.35043,50.555122],[30.350372,50.555167],[30.350318,50.555215],[30.35027,50.555265],[30.350227,50.555317],[30.350189,50.555371],[30.350157,50.555426],[30.350131,50.555483],[30.35011,50.55554],[30.350095,50.555598],[30.350087,50.555657],[30.350085,50.5557],[30.350031,50.555732],[30.349968,50.555775],[30.34991,50.555821],[30.349856,50.555869],[30.349842,50.555884],[30.349812,50.555849],[30.349763,50.555799],[30.349709,50.555752],[30.34965,50.555706],[30.349586,50.555664],[30.349519,50.555624],[30.349447,50.555587],[30.349372,50.555552],[30.349293,50.555522],[30.349211,50.555494],[30.349127,50.55547],[30.349041,50.55545],[30.348952,50.555433],[30.348862,50.55542],[30.348771,50.55541],[30.348679,50.555405],[30.348587,50.555403],[30.348494,50.555406],[30.348402,50.555412],[30.348311,50.555421],[30.348222,50.555435],[30.348133,50.555452],[30.348047,50.555473],[30.347963,50.555498],[30.347882,50.555526],[30.347804,50.555557],[30.347729,50.555592],[30.347658,50.555629],[30.347591,50.55567],[30.347528,50.555713],[30.34747,50.555758],[30.347416,50.555806],[30.347368,50.555856],[30.347325,50.555908],[30.347287,50.555962],[30.347255,50.556017],[30.347229,50.556074],[30.347208,50.556131],[30.347193,50.556189],[30.347185,50.556248],[30.347182,50.556306],[30.347186,50.556365],[30.347195,50.556424],[30.347211,50.556482],[30.347232,50.556539],[30.347259,50.556595],[30.347292,50.55665],[30.347331,50.556704],[30.347375,50.556755],[30.347424,50.556805],[30.347478,50.556853],[30.347537,50.556898],[30.3476,50.556941],[30.347668,50.556981],[30.347739,50.557018],[30.347815,50.557052],[30.347893,50.557083],[30.347975,50.55711],[30.348059,50.557134],[30.348146,50.557155],[30.348234,50.557172],[30.348324,50.557185],[30.348416,50.557194],[30.348508,50.5572],[30.3486,50.557201],[30.348692,50.557199],[30.348784,50.557193],[30.348875,50.557183],[30.348965,50.557169],[30.349053,50.557152],[30.349139,50.557131],[30.349223,50.557107],[30.349305,50.557079],[30.349383,50.557047],[30.349458,50.557013],[30.349529,50.556975],[30.349596,50.556935],[30.349659,50.556892],[30.349717,50.556846],[30.34977,50.556798],[30.349785,50.556783],[30.349815,50.556818],[30.349864,50.556868],[30.349918,50.556915],[30.349977,50.556961],[30.35004,50.557003],[30.350108,50.557043],[30.35018,50.557081],[30.350255,50.557115],[30.350334,50.557145],[30.350415,50.557173],[30.3505,50.557197],[30.350586,50.557217],[30.350675,50.557234],[30.350765,50.557247],[30.350856,50.557257],[30.350948,50.557262],[30.35104,50.557264],[30.351132,50.557262],[30.351224,50.557255],[30.351315,50.557246],[30.351405,50.557232],[30.351493,50.557215],[30.35158,50.557194],[30.351664,50.557169],[30.351745,50.557141],[30.351823,50.55711],[30.351898,50.557075],[30.351969,50.557038],[30.352036,50.556997],[30.352099,50.556954],[30.352157,50.556909],[30.35221,50.556861],[30.352259,50.556811],[30.352302,50.556759],[30.35234,50.556705],[30.352372,50.55665],[30.352398,50.556593],[30.352419,50.556536],[30.352433,50.556478],[30.352442,50.556419],[30.352444,50.556376],[30.352498,50.556344],[30.352561,50.556301],[30.352619,50.556255],[30.352672,50.556207],[30.352721,50.556157],[30.352764,50.556105],[30.352802,50.556051],[30.352834,50.555996],[30.35286,50.55594],[30.352881,50.555882],[30.352895,50.555824],[30.352904,50.555766],[30.352906,50.555707],[30.352903,50.555648],[30.352893,50.55559],[30.352878,50.555532],[30.352857,50.555474],[30.352829,50.555418],[30.352796,50.555363],[30.352758,50.55531],[30.352714,50.555258],[30.352665,50.555208]]],[[[30.464746,50.489094],[30.464692,50.489047],[30.464633,50.489002],[30.464569,50.488959],[30.464501,50.488919],[30.46443,50.488882],[30.464354,50.488848],[30.464276,50.488817],[30.464194,50.48879],[30.46411,50.488766],[30.464024,50.488746],[30.463935,50.488729],[30.463845,50.488716],[30.463754,50.488707],[30.463662,50.488701],[30.46357,50.4887],[30.463478,50.488702],[30.463386,50.488708],[30.463295,50.488718],[30.463206,50.488732],[30.463118,50.488749],[30.463032,50.48877],[30.462948,50.488795],[30.462867,50.488823],[30.462789,50.488854],[30.462714,50.488889],[30.462714,50.488889],[30.462714,50.488889],[30.462643,50.488926],[30.462576,50.488967],[30.462514,50.48901],[30.462456,50.489056],[30.462402,50.489104],[30.462354,50.489154],[30.462311,50.489206],[30.462274,50.48926],[30.462242,50.489315],[30.462215,50.489371],[30.462195,50.489429],[30.462181,50.489487],[30.462172,50.489545],[30.46217,50.489604],[30.462173,50.489663],[30.462176,50.489681],[30.462161,50.489673],[30.462086,50.489639],[30.462007,50.489609],[30.461925,50.489581],[30.461841,50.489557],[30.461755,50.489537],[30.461666,50.48952],[30.461576,50.489507],[30.461485,50.489498],[30.461393,50.489493],[30.461301,50.489491],[30.461209,50.489493],[30.461117,50.489499],[30.461027,50.489509],[30.460937,50.489523],[30.460849,50.489541],[30.460763,50.489562],[30.460752,50.489565],[30.460697,50.489573],[30.460609,50.489591],[30.460523,50.489612],[30.460439,50.489636],[30.460358,50.489664],[30.46028,50.489696],[30.460205,50.48973],[30.460134,50.489768],[30.460067,50.489808],[30.460005,50.489851],[30.459947,50.489897],[30.459894,50.489945],[30.459845,50.489995],[30.459802,50.490047],[30.459765,50.490101],[30.459733,50.490156],[30.459707,50.490213],[30.459686,50.49027],[30.459672,50.490328],[30.459663,50.490387],[30.459661,50.490446],[30.459663,50.49048],[30.459651,50.4905],[30.459625,50.490557],[30.459604,50.490614],[30.45959,50.490672],[30.459581,50.490731],[30.459579,50.49079],[30.459583,50.490848],[30.459592,50.490907],[30.459608,50.490965],[30.459629,50.491022],[30.459657,50.491078],[30.45969,50.491133],[30.459711,50.491163],[30.459671,50.491167],[30.459581,50.491181],[30.459493,50.491199],[30.459407,50.49122],[30.459323,50.491244],[30.459242,50.491272],[30.459164,50.491304],[30.459089,50.491338],[30.459018,50.491376],[30.458951,50.491416],[30.458889,50.491459],[30.458831,50.491505],[30.458777,50.491553],[30.458729,50.491603],[30.458686,50.491655],[30.45866,50.491693],[30.458616,50.49169],[30.458524,50.491689],[30.458432,50.491691],[30.45834,50.491697],[30.458249,50.491707],[30.45816,50.491721],[30.458072,50.491738],[30.457986,50.491759],[30.457902,50.491784],[30.457821,50.491812],[30.457743,50.491843],[30.457668,50.491878],[30.457597,50.491915],[30.45753,50.491956],[30.457468,50.491999],[30.45741,50.492045],[30.457356,50.492093],[30.457308,50.492143],[30.457265,50.492195],[30.457228,50.492249],[30.457196,50.492304],[30.45717,50.49236],[30.457149,50.492418],[30.457135,50.492476],[30.457126,50.492534],[30.457124,50.492593],[30.457127,50.492652],[30.457137,50.49271],[30.457153,50.492768],[30.457174,50.492826],[30.457201,50.492882],[30.457234,50.492937],[30.457273,50.49299],[30.457317,50.493042],[30.457366,50.493092],[30.45742,50.493139],[30.457479,50.493184],[30.457543,50.493227],[30.45761,50.493267],[30.457682,50.493304],[30.457757,50.493338],[30.457836,50.493369],[30.457917,50.493396],[30.458002,50.49342],[30.458088,50.493441],[30.458177,50.493457],[30.458267,50.49347],[30.458358,50.49348],[30.458449,50.493485],[30.458542,50.493487],[30.458634,50.493484],[30.458725,50.493478],[30.458816,50.493468],[30.458906,50.493454],[30.458927,50.49345],[30.458939,50.493454],[30.459025,50.493474],[30.459114,50.493491],[30.459204,50.493504],[30.459295,50.493513],[30.459386,50.493518],[30.459479,50.49352],[30.459571,50.493518],[30.459663,50.493512],[30.459753,50.493502],[30.459843,50.493488],[30.459931,50.49347],[30.460017,50.493449],[30.460101,50.493425],[30.460182,50.493397],[30.46026,50.493365],[30.460335,50.493331],[30.460406,50.493293],[30.460473,50.493253],[30.460535,50.49321],[30.460593,50.493164],[30.460647,50.493116],[30.460695,50.493066],[30.460738,50.493014],[30.460775,50.49296],[30.460807,50.492905],[30.460833,50.492848],[30.460854,50.492791],[30.460868,50.492733],[30.460868,50.492731],[30.46089,50.49272],[30.460957,50.49268],[30.461019,50.492637],[30.461077,50.492591],[30.461131,50.492543],[30.461179,50.492493],[30.461222,50.492441],[30.461259,50.492387],[30.461291,50.492332],[30.461317,50.492275],[30.461338,50.492218],[30.461352,50.49216],[30.461361,50.492101],[30.461363,50.492042],[30.46136,50.491984],[30.46135,50.491925],[30.461334,50.491867],[30.461313,50.49181],[30.461286,50.491754],[30.461253,50.491699],[30.461231,50.491669],[30.461272,50.491665],[30.461361,50.491651],[30.461449,50.491633],[30.461535,50.491612],[30.461619,50.491588],[30.4617,50.49156],[30.461778,50.491528],[30.461853,50.491494],[30.461924,50.491456],[30.461991,50.491416],[30.462053,50.491373],[30.462111,50.491327],[30.462165,50.491279],[30.462213,50.491229],[30.462256,50.491177],[30.462293,50.491123],[30.462325,50.491068],[30.462328,50.491063],[30.462381,50.491104],[30.462445,50.491147],[30.462513,50.491187],[30.462584,50.491224],[30.462659,50.491258],[30.462738,50.491288],[30.46282,50.491316],[30.462904,50.49134],[30.46299,50.49136],[30.463079,50.491377],[30.463169,50.49139],[30.46326,50.491399],[30.463352,50.491404],[30.463444,50.491406],[30.463536,50.491404],[30.463622,50.491398],[30.463694,50.491431],[30.463773,50.491461],[30.463855,50.491489],[30.463939,50.491513],[30.464025,50.491533],[30.464114,50.49155],[30.464204,50.491563],[30.464295,50.491572],[30.464387,50.491577],[30.464479,50.491579],[30.464571,50.491577],[30.464663,50.491571],[30.464754,50.491561],[30.464843,50.491547],[30.464931,50.491529],[30.465017,50.491508],[30.465101,50.491484],[30.465182,50.491456],[30.46526,50.491424],[30.465335,50.49139],[30.465406,50.491352],[30.465473,50.491312],[30.465535,50.491268],[30.465593,50.491223],[30.465647,50.491175],[30.465695,50.491125],[30.465738,50.491073],[30.465775,50.491019],[30.465807,50.490964],[30.465833,50.490907],[30.465854,50.49085],[30.465868,50.490792],[30.465877,50.490733],[30.465879,50.490674],[30.465876,50.490616],[30.465866,50.490557],[30.46585,50.490499],[30.465829,50.490442],[30.465802,50.490386],[30.465768,50.490331],[30.46573,50.490277],[30.465686,50.490226],[30.465637,50.490176],[30.465583,50.490128],[30.465524,50.490083],[30.46546,50.49004],[30.465392,50.49],[30.465321,50.489963],[30.465246,50.489929],[30.465167,50.489899],[30.465085,50.489871],[30.465001,50.489847],[30.464939,50.489833],[30.464942,50.489826],[30.464963,50.489769],[30.464977,50.489711],[30.464986,50.489652],[30.464988,50.489593],[30.464985,50.489535],[30.464984,50.489534],[30.464984,50.489534],[30.464975,50.489476],[30.464959,50.489418],[30.464938,50.48936],[30.46491,50.489304],[30.464877,50.489249],[30.464839,50.489196],[30.464795,50.489144],[30.464746,50.489094]]],[[[30.456213,50.497815],[30.456159,50.497767],[30.4561,50.497722],[30.456036,50.497679],[30.455969,50.49764],[30.455897,50.497602],[30.455822,50.497568],[30.455743,50.497538],[30.455662,50.49751],[30.455577,50.497486],[30.455491,50.497466],[30.455402,50.497449],[30.455312,50.497436],[30.455221,50.497427],[30.45513,50.497422],[30.455037,50.49742],[30.454945,50.497422],[30.454853,50.497428],[30.454763,50.497438],[30.454673,50.497452],[30.454585,50.49747],[30.454499,50.497491],[30.454415,50.497515],[30.454334,50.497543],[30.454256,50.497575],[30.454181,50.497609],[30.45411,50.497647],[30.454043,50.497687],[30.453981,50.49773],[30.453923,50.497776],[30.453869,50.497824],[30.453821,50.497874],[30.453778,50.497926],[30.453741,50.49798],[30.453709,50.498035],[30.453682,50.498092],[30.453662,50.498149],[30.453648,50.498207],[30.453639,50.498266],[30.453637,50.498325],[30.45364,50.498383],[30.45365,50.498442],[30.453665,50.4985],[30.453675,50.498526],[30.453629,50.498562],[30.453575,50.49861],[30.453527,50.49866],[30.453484,50.498712],[30.453447,50.498766],[30.453415,50.498821],[30.453388,50.498878],[30.453368,50.498935],[30.453354,50.498993],[30.453345,50.499052],[30.453343,50.49911],[30.453346,50.499169],[30.453356,50.499228],[30.453371,50.499286],[30.453393,50.499343],[30.45342,50.499399],[30.453453,50.499454],[30.453492,50.499508],[30.453536,50.499559],[30.453585,50.499609],[30.453639,50.499657],[30.453698,50.499702],[30.453762,50.499745],[30.453829,50.499784],[30.453901,50.499822],[30.453976,50.499855],[30.454055,50.499886],[30.454136,50.499914],[30.454221,50.499938],[30.454307,50.499958],[30.454396,50.499975],[30.454486,50.499988],[30.454577,50.499997],[30.454668,50.500002],[30.454761,50.500004],[30.454853,50.500002],[30.454945,50.499996],[30.455008,50.499989],[30.455016,50.500038],[30.455031,50.500096],[30.455053,50.500154],[30.45508,50.50021],[30.455113,50.500265],[30.455152,50.500318],[30.455196,50.50037],[30.455245,50.50042],[30.455299,50.500467],[30.455358,50.500512],[30.455422,50.500555],[30.455489,50.500595],[30.455561,50.500632],[30.455636,50.500666],[30.455715,50.500697],[30.455796,50.500724],[30.455881,50.500748],[30.455967,50.500769],[30.456056,50.500785],[30.456146,50.500798],[30.456237,50.500808],[30.456328,50.500813],[30.456421,50.500815],[30.456513,50.500812],[30.456605,50.500806],[30.456695,50.500796],[30.456785,50.500782],[30.456873,50.500765],[30.456959,50.500744],[30.457043,50.500719],[30.457124,50.500691],[30.457202,50.50066],[30.457277,50.500625],[30.457348,50.500588],[30.457415,50.500547],[30.457477,50.500504],[30.457535,50.500458],[30.457589,50.50041],[30.457637,50.50036],[30.45768,50.500308],[30.457717,50.500254],[30.457749,50.500199],[30.457776,50.500143],[30.457796,50.500086],[30.45781,50.500027],[30.457819,50.499969],[30.457821,50.49991],[30.457818,50.499851],[30.457808,50.499793],[30.457793,50.499735],[30.457771,50.499678],[30.457744,50.499621],[30.457711,50.499566],[30.457672,50.499513],[30.457628,50.499461],[30.457579,50.499412],[30.457547,50.499383],[30.457555,50.499385],[30.457645,50.499398],[30.457736,50.499407],[30.457828,50.499412],[30.45792,50.499414],[30.458012,50.499412],[30.458104,50.499406],[30.458195,50.499396],[30.458284,50.499382],[30.458372,50.499364],[30.458458,50.499343],[30.458542,50.499319],[30.458623,50.499291],[30.458701,50.499259],[30.458776,50.499225],[30.458847,50.499187],[30.458914,50.499147],[30.458976,50.499104],[30.459035,50.499058],[30.459088,50.49901],[30.459136,50.49896],[30.459179,50.498908],[30.459217,50.498854],[30.459248,50.498799],[30.459275,50.498742],[30.459295,50.498685],[30.45931,50.498627],[30.459318,50.498568],[30.45932,50.498509],[30.459317,50.498451],[30.459307,50.498392],[30.459292,50.498334],[30.45927,50.498277],[30.459243,50.498221],[30.45921,50.498166],[30.459171,50.498112],[30.459127,50.498061],[30.459078,50.498011],[30.459024,50.497963],[30.458965,50.497918],[30.458902,50.497875],[30.458834,50.497836],[30.458762,50.497798],[30.458687,50.497765],[30.458608,50.497734],[30.458527,50.497706],[30.458442,50.497682],[30.458356,50.497662],[30.458267,50.497645],[30.458178,50.497632],[30.458086,50.497623],[30.457995,50.497618],[30.457902,50.497616],[30.45781,50.497618],[30.457719,50.497625],[30.457628,50.497634],[30.457538,50.497648],[30.45745,50.497666],[30.457364,50.497687],[30.45728,50.497711],[30.457199,50.497739],[30.457121,50.497771],[30.457046,50.497805],[30.456975,50.497843],[30.456908,50.497883],[30.456846,50.497926],[30.456788,50.497972],[30.456734,50.49802],[30.456686,50.49807],[30.456643,50.498122],[30.456606,50.498176],[30.456574,50.498231],[30.456548,50.498288],[30.456527,50.498345],[30.456513,50.498403],[30.456504,50.498462],[30.456502,50.498521],[30.456505,50.498579],[30.456515,50.498638],[30.456531,50.498696],[30.456552,50.498753],[30.456579,50.498809],[30.456612,50.498864],[30.456651,50.498918],[30.456695,50.498969],[30.456744,50.499019],[30.456776,50.499047],[30.456768,50.499046],[30.456678,50.499033],[30.456587,50.499024],[30.456496,50.499018],[30.456403,50.499017],[30.456311,50.499019],[30.456219,50.499025],[30.456156,50.499032],[30.456148,50.498982],[30.456133,50.498924],[30.456123,50.498898],[30.456169,50.498862],[30.456223,50.498814],[30.456271,50.498764],[30.456314,50.498712],[30.456351,50.498658],[30.456383,50.498603],[30.45641,50.498546],[30.45643,50.498489],[30.456444,50.498431],[30.456453,50.498372],[30.456455,50.498313],[30.456452,50.498255],[30.456442,50.498196],[30.456427,50.498138],[30.456405,50.498081],[30.456378,50.498025],[30.456345,50.49797],[30.456306,50.497916],[30.456262,50.497865],[30.456213,50.497815]]],[[[30.465311,50.505279],[30.465257,50.505231],[30.465198,50.505186],[30.465134,50.505143],[30.465067,50.505103],[30.464995,50.505066],[30.46492,50.505032],[30.464841,50.505002],[30.46476,50.504974],[30.464675,50.50495],[30.464589,50.50493],[30.4645,50.504913],[30.46441,50.5049],[30.464319,50.504891],[30.464227,50.504886],[30.464135,50.504884],[30.464043,50.504886],[30.463951,50.504892],[30.46386,50.504902],[30.463771,50.504916],[30.463683,50.504934],[30.463596,50.504955],[30.463513,50.504979],[30.463432,50.505007],[30.463354,50.505039],[30.463279,50.505073],[30.463208,50.505111],[30.463141,50.505151],[30.463078,50.505195],[30.46302,50.50524],[30.462967,50.505288],[30.462919,50.505338],[30.462876,50.50539],[30.462838,50.505444],[30.462806,50.505499],[30.46278,50.505556],[30.46276,50.505613],[30.462745,50.505671],[30.462737,50.50573],[30.462734,50.505789],[30.462738,50.505847],[30.462748,50.505906],[30.462763,50.505964],[30.462785,50.506021],[30.462812,50.506077],[30.462845,50.506132],[30.462884,50.506186],[30.462928,50.506237],[30.462977,50.506287],[30.463031,50.506335],[30.46309,50.50638],[30.463154,50.506423],[30.463221,50.506463],[30.463293,50.5065],[30.463368,50.506534],[30.463447,50.506564],[30.463528,50.506592],[30.463613,50.506616],[30.463699,50.506636],[30.463788,50.506653],[30.463878,50.506666],[30.463969,50.506675],[30.464061,50.50668],[30.464153,50.506682],[30.464245,50.50668],[30.464337,50.506674],[30.464428,50.506664],[30.464517,50.50665],[30.464605,50.506632],[30.464692,50.506611],[30.464775,50.506587],[30.464856,50.506559],[30.464934,50.506527],[30.465009,50.506493],[30.46508,50.506455],[30.465147,50.506415],[30.46521,50.506371],[30.465268,50.506326],[30.465321,50.506278],[30.465369,50.506228],[30.465412,50.506176],[30.46545,50.506122],[30.465482,50.506067],[30.465508,50.50601],[30.465528,50.505953],[30.465543,50.505895],[30.465551,50.505836],[30.465554,50.505777],[30.46555,50.505719],[30.46554,50.50566],[30.465525,50.505602],[30.465503,50.505545],[30.465476,50.505489],[30.465443,50.505434],[30.465404,50.50538],[30.46536,50.505329],[30.465311,50.505279]]],[[[30.463381,50.508205],[30.463327,50.508158],[30.463268,50.508113],[30.463204,50.50807],[30.463137,50.50803],[30.463065,50.507993],[30.46299,50.507959],[30.462911,50.507928],[30.462829,50.507901],[30.462745,50.507877],[30.462659,50.507856],[30.46257,50.50784],[30.46248,50.507827],[30.462389,50.507817],[30.462297,50.507812],[30.462205,50.507811],[30.462113,50.507813],[30.462021,50.507819],[30.46193,50.507829],[30.461841,50.507843],[30.461752,50.50786],[30.461666,50.507881],[30.461583,50.507906],[30.461501,50.507934],[30.461423,50.507965],[30.461349,50.508],[30.461278,50.508037],[30.461211,50.508078],[30.461148,50.508121],[30.46109,50.508167],[30.461037,50.508215],[30.460989,50.508265],[30.460946,50.508317],[30.460908,50.508371],[30.460876,50.508426],[30.46085,50.508482],[30.46083,50.50854],[30.460815,50.508598],[30.460807,50.508656],[30.460804,50.508715],[30.460808,50.508774],[30.460817,50.508832],[30.460833,50.50889],[30.460855,50.508948],[30.460882,50.509004],[30.460915,50.509059],[30.460953,50.509112],[30.460997,50.509164],[30.461047,50.509214],[30.461101,50.509261],[30.46116,50.509306],[30.461223,50.509349],[30.461291,50.509389],[30.461363,50.509426],[30.461438,50.50946],[30.461517,50.509491],[30.461598,50.509518],[30.461683,50.509542],[30.461769,50.509562],[30.461858,50.509579],[30.461947,50.509592],[30.462039,50.509601],[30.462115,50.509606],[30.462094,50.509615],[30.462019,50.509649],[30.461948,50.509687],[30.461881,50.509727],[30.461818,50.509771],[30.46176,50.509816],[30.461707,50.509864],[30.461659,50.509914],[30.461616,50.509966],[30.461578,50.51002],[30.461546,50.510075],[30.46152,50.510132],[30.4615,50.510189],[30.461485,50.510247],[30.461477,50.510306],[30.461474,50.510365],[30.461478,50.510423],[30.461487,50.510482],[30.461503,50.51054],[30.461525,50.510597],[30.461552,50.510653],[30.461585,50.510708],[30.461624,50.510762],[30.461668,50.510813],[30.461717,50.510863],[30.461771,50.510911],[30.461801,50.510934],[30.461803,50.510961],[30.461812,50.51102],[30.461828,50.511078],[30.46185,50.511135],[30.461877,50.511191],[30.46191,50.511246],[30.461949,50.5113],[30.461993,50.511351],[30.462042,50.511401],[30.462096,50.511449],[30.462155,50.511494],[30.462218,50.511537],[30.462286,50.511577],[30.462358,50.511614],[30.462433,50.511648],[30.462512,50.511678],[30.462593,50.511706],[30.462678,50.51173],[30.462764,50.51175],[30.462853,50.511767],[30.462943,50.51178],[30.463034,50.511789],[30.463126,50.511794],[30.463218,50.511796],[30.46331,50.511794],[30.463402,50.511788],[30.463493,50.511778],[30.463582,50.511764],[30.46367,50.511746],[30.463757,50.511725],[30.46384,50.511701],[30.463921,50.511673],[30.464,50.511641],[30.464074,50.511607],[30.464145,50.511569],[30.464212,50.511529],[30.464275,50.511485],[30.464333,50.51144],[30.464386,50.511392],[30.464434,50.511342],[30.464477,50.51129],[30.464515,50.511236],[30.464547,50.511181],[30.464573,50.511124],[30.464593,50.511067],[30.464608,50.511009],[30.464616,50.51095],[30.464619,50.510891],[30.464615,50.510833],[30.464606,50.510774],[30.46459,50.510716],[30.464568,50.510659],[30.464541,50.510603],[30.464508,50.510548],[30.464469,50.510494],[30.464425,50.510443],[30.464376,50.510393],[30.464322,50.510345],[30.464292,50.510322],[30.46429,50.510295],[30.464281,50.510236],[30.464265,50.510178],[30.464243,50.510121],[30.464216,50.510065],[30.464183,50.51001],[30.464144,50.509956],[30.4641,50.509905],[30.464051,50.509855],[30.463997,50.509807],[30.463938,50.509762],[30.463875,50.509719],[30.463807,50.509679],[30.463735,50.509642],[30.46366,50.509608],[30.463581,50.509578],[30.4635,50.50955],[30.463415,50.509526],[30.463329,50.509506],[30.46324,50.509489],[30.46315,50.509476],[30.463059,50.509467],[30.462983,50.509463],[30.463004,50.509454],[30.463079,50.509419],[30.46315,50.509382],[30.463217,50.509341],[30.46328,50.509298],[30.463338,50.509252],[30.463391,50.509204],[30.463439,50.509154],[30.463482,50.509102],[30.46352,50.509048],[30.463552,50.508993],[30.463578,50.508937],[30.463598,50.508879],[30.463613,50.508821],[30.463621,50.508763],[30.463624,50.508704],[30.46362,50.508645],[30.46361,50.508587],[30.463595,50.508529],[30.463573,50.508471],[30.463546,50.508415],[30.463513,50.50836],[30.463474,50.508307],[30.46343,50.508255],[30.463381,50.508205]]],[[[30.466808,50.515334],[30.466754,50.515287],[30.466695,50.515241],[30.466631,50.515199],[30.466563,50.515159],[30.466492,50.515122],[30.466416,50.515088],[30.466338,50.515057],[30.466256,50.51503],[30.466172,50.515006],[30.466085,50.514985],[30.465997,50.514969],[30.465907,50.514956],[30.465816,50.514946],[30.465724,50.514941],[30.465632,50.514939],[30.465539,50.514942],[30.465448,50.514948],[30.465357,50.514958],[30.465267,50.514972],[30.465179,50.514989],[30.465093,50.51501],[30.465009,50.515035],[30.464928,50.515063],[30.46485,50.515094],[30.464775,50.515129],[30.464704,50.515166],[30.464637,50.515207],[30.464575,50.51525],[30.464517,50.515296],[30.464463,50.515344],[30.464415,50.515394],[30.464372,50.515446],[30.464353,50.515473],[30.464346,50.515468],[30.464278,50.515428],[30.464206,50.515391],[30.464131,50.515357],[30.464052,50.515327],[30.463971,50.515299],[30.463886,50.515275],[30.4638,50.515255],[30.463711,50.515238],[30.463621,50.515225],[30.46353,50.515216],[30.463438,50.515211],[30.463346,50.515209],[30.463254,50.515211],[30.463162,50.515217],[30.463071,50.515227],[30.462982,50.515241],[30.462893,50.515259],[30.462807,50.51528],[30.462724,50.515304],[30.462642,50.515332],[30.462564,50.515364],[30.46249,50.515398],[30.462419,50.515436],[30.462352,50.515476],[30.462289,50.51552],[30.462231,50.515565],[30.462178,50.515613],[30.46213,50.515663],[30.462107,50.51569],[30.462103,50.515689],[30.462022,50.515661],[30.461937,50.515637],[30.461851,50.515617],[30.461762,50.5156],[30.461672,50.515587],[30.461581,50.515578],[30.461489,50.515573],[30.461397,50.515571],[30.461305,50.515573],[30.461213,50.515579],[30.461122,50.515589],[30.461033,50.515603],[30.460945,50.515621],[30.460858,50.515642],[30.460775,50.515666],[30.460693,50.515694],[30.460615,50.515726],[30.460541,50.51576],[30.46047,50.515798],[30.460403,50.515838],[30.46034,50.515881],[30.460282,50.515927],[30.460229,50.515975],[30.460181,50.516025],[30.460138,50.516077],[30.4601,50.516131],[30.460068,50.516186],[30.460042,50.516243],[30.460021,50.5163],[30.460007,50.516358],[30.459999,50.516417],[30.459996,50.516476],[30.46,50.516534],[30.460009,50.516593],[30.460025,50.516651],[30.460046,50.516708],[30.460074,50.516764],[30.460107,50.516819],[30.460145,50.516873],[30.460189,50.516924],[30.460239,50.516974],[30.460293,50.517022],[30.460352,50.517067],[30.460415,50.51711],[30.460483,50.51715],[30.460555,50.517187],[30.46063,50.517221],[30.460709,50.517251],[30.46079,50.517279],[30.460875,50.517303],[30.460961,50.517323],[30.46105,50.51734],[30.46114,50.517353],[30.461231,50.517362],[30.461323,50.517367],[30.461415,50.517369],[30.461507,50.517367],[30.461599,50.517361],[30.46169,50.517351],[30.461779,50.517337],[30.461868,50.517319],[30.461954,50.517298],[30.461961,50.517296],[30.461967,50.517304],[30.462011,50.517355],[30.46206,50.517405],[30.462114,50.517453],[30.462173,50.517498],[30.462237,50.517541],[30.462304,50.517581],[30.462376,50.517618],[30.462451,50.517652],[30.46253,50.517682],[30.462612,50.51771],[30.462696,50.517734],[30.462782,50.517754],[30.462871,50.517771],[30.462961,50.517784],[30.463052,50.517793],[30.463144,50.517798],[30.463236,50.5178],[30.463328,50.517798],[30.46342,50.517791],[30.463511,50.517782],[30.463601,50.517768],[30.463689,50.51775],[30.463775,50.517729],[30.463859,50.517705],[30.46394,50.517677],[30.464018,50.517645],[30.464093,50.517611],[30.464164,50.517573],[30.46423,50.517533],[30.464293,50.517489],[30.464351,50.517444],[30.464404,50.517396],[30.464453,50.517346],[30.464496,50.517294],[30.464533,50.51724],[30.464565,50.517185],[30.464591,50.517128],[30.464612,50.517071],[30.464626,50.517013],[30.464635,50.516954],[30.464637,50.516895],[30.464634,50.516837],[30.464624,50.516778],[30.464608,50.51672],[30.464587,50.516663],[30.46456,50.516607],[30.464548,50.516587],[30.46458,50.516553],[30.464623,50.516501],[30.464643,50.516473],[30.46465,50.516478],[30.464718,50.516518],[30.464789,50.516555],[30.464865,50.516589],[30.464943,50.51662],[30.465025,50.516647],[30.465109,50.516671],[30.465196,50.516691],[30.465284,50.516708],[30.465374,50.516721],[30.465465,50.51673],[30.465557,50.516736],[30.465649,50.516737],[30.465742,50.516735],[30.465833,50.516729],[30.465924,50.516719],[30.466014,50.516705],[30.466102,50.516688],[30.466188,50.516667],[30.466272,50.516642],[30.466353,50.516614],[30.466431,50.516583],[30.466506,50.516548],[30.466577,50.516511],[30.466644,50.51647],[30.466706,50.516427],[30.466764,50.516381],[30.466818,50.516333],[30.466866,50.516283],[30.466909,50.516231],[30.466946,50.516177],[30.466978,50.516122],[30.467005,50.516066],[30.467025,50.516008],[30.467039,50.51595],[30.467048,50.515892],[30.46705,50.515833],[30.467047,50.515774],[30.467037,50.515715],[30.467022,50.515657],[30.467,50.5156],[30.466973,50.515544],[30.46694,50.515489],[30.466901,50.515436],[30.466857,50.515384],[30.466808,50.515334]]],[[[30.463044,50.519141],[30.46299,50.519094],[30.462931,50.519049],[30.462867,50.519006],[30.4628,50.518966],[30.462728,50.518929],[30.462653,50.518895],[30.462574,50.518864],[30.462492,50.518837],[30.462408,50.518813],[30.462322,50.518792],[30.462233,50.518776],[30.462143,50.518763],[30.462052,50.518754],[30.46196,50.518748],[30.461868,50.518747],[30.461776,50.518749],[30.461684,50.518755],[30.461593,50.518765],[30.461503,50.518779],[30.461415,50.518796],[30.461329,50.518817],[30.461245,50.518842],[30.461164,50.51887],[30.461086,50.518901],[30.461011,50.518936],[30.46094,50.518973],[30.460873,50.519014],[30.460811,50.519057],[30.460753,50.519103],[30.460699,50.519151],[30.460651,50.519201],[30.460608,50.519253],[30.460571,50.519307],[30.460539,50.519362],[30.460512,50.519418],[30.460492,50.519476],[30.460478,50.519534],[30.460469,50.519592],[30.460468,50.519616],[30.460455,50.519597],[30.460411,50.519546],[30.460362,50.519496],[30.460307,50.519448],[30.460248,50.519403],[30.460185,50.51936],[30.460117,50.51932],[30.460045,50.519283],[30.45997,50.519249],[30.459891,50.519219],[30.45981,50.519191],[30.459726,50.519167],[30.459639,50.519147],[30.459551,50.51913],[30.459461,50.519117],[30.459369,50.519108],[30.459278,50.519103],[30.459185,50.519101],[30.459093,50.519103],[30.459001,50.519109],[30.45891,50.519119],[30.458821,50.519133],[30.458733,50.519151],[30.458646,50.519172],[30.458563,50.519196],[30.458481,50.519224],[30.458476,50.519226],[30.458441,50.51919],[30.458386,50.519142],[30.458327,50.519097],[30.458264,50.519054],[30.458196,50.519014],[30.458124,50.518977],[30.458049,50.518943],[30.45797,50.518913],[30.457889,50.518885],[30.457805,50.518861],[30.457718,50.518841],[30.45763,50.518824],[30.45754,50.518811],[30.457448,50.518802],[30.457357,50.518797],[30.457264,50.518795],[30.457172,50.518797],[30.45708,50.518803],[30.456989,50.518813],[30.4569,50.518827],[30.456812,50.518845],[30.456725,50.518866],[30.456642,50.51889],[30.456561,50.518918],[30.456482,50.51895],[30.456408,50.518984],[30.456337,50.519022],[30.45627,50.519062],[30.456207,50.519105],[30.456149,50.519151],[30.456096,50.519199],[30.456048,50.519249],[30.456005,50.519301],[30.455967,50.519355],[30.455935,50.51941],[30.455909,50.519467],[30.455888,50.519524],[30.455874,50.519582],[30.455865,50.519641],[30.455863,50.5197],[30.455867,50.519758],[30.455876,50.519817],[30.455892,50.519875],[30.455913,50.519932],[30.455941,50.519988],[30.455974,50.520043],[30.456012,50.520097],[30.456056,50.520148],[30.456105,50.520198],[30.45616,50.520246],[30.456219,50.520291],[30.456282,50.520334],[30.45635,50.520374],[30.456422,50.520411],[30.456497,50.520445],[30.456576,50.520475],[30.456657,50.520503],[30.456741,50.520527],[30.456828,50.520547],[30.456916,50.520564],[30.457006,50.520577],[30.457098,50.520586],[30.457189,50.520591],[30.457282,50.520593],[30.457374,50.520591],[30.457466,50.520585],[30.457557,50.520575],[30.457646,50.520561],[30.457734,50.520543],[30.457821,50.520522],[30.457904,50.520498],[30.457986,50.52047],[30.457991,50.520468],[30.458026,50.520504],[30.458081,50.520552],[30.45814,50.520597],[30.458203,50.52064],[30.458271,50.52068],[30.458343,50.520717],[30.458418,50.520751],[30.458497,50.520781],[30.458578,50.520809],[30.458662,50.520833],[30.458749,50.520853],[30.458837,50.52087],[30.458927,50.520883],[30.459019,50.520892],[30.45911,50.520897],[30.459203,50.520899],[30.459295,50.520897],[30.459387,50.520891],[30.459478,50.520881],[30.459567,50.520867],[30.459656,50.520849],[30.459742,50.520828],[30.459825,50.520804],[30.459907,50.520776],[30.459985,50.520744],[30.460059,50.52071],[30.46013,50.520672],[30.460197,50.520632],[30.46026,50.520589],[30.460318,50.520543],[30.460371,50.520495],[30.460419,50.520445],[30.460462,50.520393],[30.4605,50.520339],[30.460532,50.520284],[30.460558,50.520227],[30.460579,50.52017],[30.460593,50.520112],[30.460602,50.520053],[30.460603,50.52003],[30.460616,50.520048],[30.46066,50.5201],[30.460709,50.52015],[30.460763,50.520197],[30.460822,50.520242],[30.460886,50.520285],[30.460954,50.520325],[30.461025,50.520362],[30.461101,50.520396],[30.461179,50.520427],[30.461261,50.520454],[30.461345,50.520478],[30.461432,50.520499],[30.46152,50.520515],[30.46161,50.520528],[30.461701,50.520537],[30.461793,50.520543],[30.461885,50.520544],[30.461978,50.520542],[30.462069,50.520536],[30.46216,50.520526],[30.46225,50.520512],[30.462279,50.520507],[30.462262,50.520519],[30.462204,50.520564],[30.462165,50.5206],[30.462078,50.520587],[30.461987,50.520578],[30.461895,50.520573],[30.461803,50.520571],[30.461711,50.520573],[30.461619,50.52058],[30.461528,50.520589],[30.461439,50.520603],[30.46135,50.520621],[30.461264,50.520642],[30.46118,50.520666],[30.46118,50.520667],[30.461178,50.520666],[30.461089,50.520653],[30.460997,50.520644],[30.460905,50.520639],[30.460813,50.520637],[30.460721,50.520639],[30.460629,50.520645],[30.460538,50.520655],[30.460449,50.520669],[30.46036,50.520687],[30.460274,50.520708],[30.460191,50.520732],[30.460109,50.52076],[30.460031,50.520792],[30.459957,50.520826],[30.459886,50.520864],[30.459819,50.520904],[30.459756,50.520947],[30.459698,50.520993],[30.459645,50.521041],[30.459597,50.521091],[30.459554,50.521143],[30.459516,50.521197],[30.459503,50.521219],[30.459472,50.521218],[30.459379,50.521216],[30.459287,50.521218],[30.459195,50.521224],[30.459104,50.521234],[30.459015,50.521248],[30.458927,50.521266],[30.45884,50.521287],[30.458757,50.521311],[30.458675,50.521339],[30.458597,50.521371],[30.458523,50.521405],[30.458452,50.521443],[30.458385,50.521483],[30.458322,50.521526],[30.458264,50.521572],[30.458211,50.52162],[30.458163,50.52167],[30.45812,50.521722],[30.458082,50.521776],[30.45805,50.521831],[30.458024,50.521888],[30.458003,50.521945],[30.457989,50.522003],[30.45798,50.522062],[30.457978,50.522121],[30.457982,50.522179],[30.457991,50.522238],[30.458007,50.522296],[30.458028,50.522353],[30.458056,50.522409],[30.458089,50.522464],[30.458127,50.522518],[30.458171,50.522569],[30.458217,50.522615],[30.458154,50.522625],[30.458066,50.522642],[30.45798,50.522664],[30.457896,50.522688],[30.457815,50.522716],[30.457737,50.522748],[30.457662,50.522782],[30.457591,50.52282],[30.457524,50.52286],[30.457462,50.522903],[30.457403,50.522949],[30.457368,50.522981],[30.457314,50.52301],[30.457247,50.52305],[30.457184,50.523093],[30.457126,50.523139],[30.457073,50.523187],[30.457024,50.523237],[30.456981,50.523289],[30.456944,50.523343],[30.456912,50.523398],[30.456886,50.523455],[30.456865,50.523512],[30.456851,50.52357],[30.456842,50.523629],[30.45684,50.523688],[30.456843,50.523746],[30.456853,50.523805],[30.456869,50.523863],[30.45689,50.52392],[30.456918,50.523976],[30.456951,50.524031],[30.456989,50.524085],[30.457033,50.524136],[30.457082,50.524186],[30.457137,50.524234],[30.457196,50.524279],[30.457259,50.524322],[30.457327,50.524362],[30.457398,50.524399],[30.457474,50.524433],[30.457552,50.524463],[30.457634,50.524491],[30.457718,50.524515],[30.457805,50.524535],[30.457893,50.524552],[30.457983,50.524565],[30.458075,50.524574],[30.458166,50.524579],[30.458259,50.524581],[30.458351,50.524579],[30.458443,50.524573],[30.458534,50.524563],[30.458623,50.524549],[30.458712,50.524531],[30.458798,50.52451],[30.458882,50.524486],[30.458963,50.524458],[30.459041,50.524426],[30.459115,50.524392],[30.459186,50.524354],[30.459253,50.524314],[30.459316,50.524271],[30.459374,50.524225],[30.45941,50.524193],[30.459464,50.524164],[30.459531,50.524124],[30.459593,50.52408],[30.459652,50.524035],[30.459705,50.523987],[30.459753,50.523937],[30.459796,50.523884],[30.459834,50.523831],[30.459866,50.523776],[30.459892,50.523719],[30.459912,50.523662],[30.459927,50.523604],[30.459935,50.523545],[30.459938,50.523486],[30.459934,50.523428],[30.459924,50.523369],[30.459909,50.523311],[30.459887,50.523254],[30.45986,50.523198],[30.459827,50.523143],[30.459788,50.523089],[30.459744,50.523038],[30.459699,50.522991],[30.459761,50.522982],[30.45985,50.522964],[30.459936,50.522943],[30.460019,50.522919],[30.460101,50.522891],[30.460179,50.522859],[30.460253,50.522825],[30.460324,50.522787],[30.460391,50.522747],[30.460454,50.522704],[30.460512,50.522658],[30.460565,50.52261],[30.460614,50.52256],[30.460657,50.522508],[30.460694,50.522454],[30.460707,50.522432],[30.460739,50.522433],[30.460831,50.522435],[30.460923,50.522433],[30.461015,50.522427],[30.461106,50.522417],[30.461195,50.522403],[30.461284,50.522385],[30.46137,50.522364],[30.461454,50.52234],[30.461454,50.52234],[30.461455,50.52234],[30.461545,50.522353],[30.461637,50.522362],[30.461728,50.522367],[30.461821,50.522369],[30.461913,50.522367],[30.461956,50.522364],[30.461995,50.522387],[30.462067,50.522424],[30.462142,50.522458],[30.462221,50.522488],[30.462302,50.522516],[30.462387,50.52254],[30.462473,50.52256],[30.462562,50.522577],[30.462652,50.52259],[30.462743,50.522599],[30.462835,50.522604],[30.462927,50.522606],[30.463019,50.522604],[30.463111,50.522598],[30.463202,50.522588],[30.463291,50.522574],[30.46338,50.522556],[30.463466,50.522535],[30.46355,50.522511],[30.463631,50.522483],[30.463709,50.522451],[30.463783,50.522417],[30.463854,50.522379],[30.463921,50.522339],[30.463984,50.522295],[30.464042,50.52225],[30.464095,50.522202],[30.464144,50.522152],[30.464187,50.5221],[30.464224,50.522046],[30.464256,50.521991],[30.464282,50.521934],[30.464303,50.521877],[30.464307,50.521858],[30.464344,50.521859],[30.464436,50.521857],[30.464528,50.521851],[30.464619,50.521841],[30.464708,50.521827],[30.464725,50.521824],[30.464764,50.52185],[30.464832,50.52189],[30.464904,50.521927],[30.464979,50.521961],[30.465058,50.521992],[30.465139,50.522019],[30.465155,50.522024],[30.465115,50.522064],[30.465072,50.522116],[30.465035,50.52217],[30.465003,50.522225],[30.464977,50.522282],[30.464956,50.522339],[30.464942,50.522397],[30.464933,50.522456],[30.464931,50.522515],[30.464935,50.522573],[30.464944,50.522632],[30.46496,50.52269],[30.464981,50.522747],[30.465009,50.522803],[30.465042,50.522858],[30.46508,50.522912],[30.465124,50.522963],[30.465173,50.523013],[30.465228,50.523061],[30.465287,50.523106],[30.46535,50.523149],[30.465418,50.523189],[30.46549,50.523226],[30.465565,50.52326],[30.465644,50.52329],[30.465725,50.523318],[30.46581,50.523342],[30.465896,50.523362],[30.465985,50.523379],[30.466075,50.523392],[30.466166,50.523401],[30.466258,50.523406],[30.46635,50.523408],[30.466442,50.523406],[30.466534,50.5234],[30.466625,50.52339],[30.466715,50.523376],[30.46675,50.523369],[30.466821,50.523393],[30.466906,50.523417],[30.466992,50.523437],[30.467081,50.523454],[30.467171,50.523467],[30.467262,50.523476],[30.467354,50.523481],[30.467446,50.523483],[30.467538,50.523481],[30.46763,50.523474],[30.467721,50.523465],[30.467811,50.523451],[30.467899,50.523433],[30.467985,50.523412],[30.468069,50.523388],[30.46815,50.52336],[30.468228,50.523328],[30.468303,50.523294],[30.468374,50.523256],[30.468441,50.523216],[30.468503,50.523172],[30.468561,50.523127],[30.468615,50.523079],[30.468663,50.523029],[30.468706,50.522976],[30.468743,50.522923],[30.468775,50.522868],[30.468801,50.522811],[30.468822,50.522754],[30.468836,50.522696],[30.468845,50.522637],[30.468847,50.522578],[30.468844,50.52252],[30.468834,50.522461],[30.468818,50.522403],[30.468797,50.522346],[30.468782,50.522314],[30.468848,50.522298],[30.468932,50.522273],[30.469013,50.522245],[30.469091,50.522214],[30.469166,50.522179],[30.469237,50.522142],[30.469304,50.522101],[30.469367,50.522058],[30.469425,50.522012],[30.469478,50.521964],[30.469526,50.521914],[30.469569,50.521862],[30.469607,50.521808],[30.469639,50.521753],[30.469665,50.521697],[30.469685,50.521639],[30.4697,50.521581],[30.469708,50.521523],[30.469711,50.521464],[30.469707,50.521405],[30.469697,50.521347],[30.469682,50.521289],[30.46966,50.521232],[30.469633,50.521175],[30.4696,50.52112],[30.469561,50.521067],[30.469517,50.521015],[30.469468,50.520966],[30.469414,50.520918],[30.469402,50.520909],[30.469409,50.520865],[30.469411,50.520806],[30.469408,50.520747],[30.469398,50.520689],[30.469382,50.520631],[30.469361,50.520574],[30.469333,50.520517],[30.4693,50.520463],[30.469262,50.520409],[30.469218,50.520357],[30.469169,50.520308],[30.469114,50.52026],[30.469055,50.520215],[30.468992,50.520172],[30.468924,50.520132],[30.468852,50.520095],[30.468777,50.520061],[30.468698,50.52003],[30.468617,50.520003],[30.468532,50.519979],[30.468446,50.519959],[30.468357,50.519942],[30.468267,50.519929],[30.468176,50.51992],[30.468084,50.519914],[30.467992,50.519913],[30.4679,50.519915],[30.467808,50.519921],[30.467717,50.519931],[30.467628,50.519945],[30.467539,50.519962],[30.467453,50.519983],[30.467369,50.520008],[30.467288,50.520036],[30.46721,50.520067],[30.467136,50.520102],[30.467065,50.52014],[30.466998,50.52018],[30.466935,50.520223],[30.466912,50.520241],[30.466893,50.520236],[30.466807,50.520215],[30.466718,50.520199],[30.466628,50.520186],[30.466537,50.520176],[30.466445,50.520171],[30.466353,50.520169],[30.466261,50.520172],[30.466169,50.520178],[30.466078,50.520188],[30.465988,50.520202],[30.4659,50.520219],[30.465814,50.52024],[30.46573,50.520265],[30.465649,50.520293],[30.465585,50.520319],[30.465562,50.52032],[30.465471,50.52033],[30.465381,50.520344],[30.465365,50.520347],[30.465326,50.52032],[30.465258,50.52028],[30.465186,50.520243],[30.465111,50.520209],[30.465032,50.520179],[30.464951,50.520151],[30.464866,50.520127],[30.46478,50.520107],[30.464691,50.52009],[30.464601,50.520077],[30.46451,50.520068],[30.464418,50.520063],[30.464326,50.520061],[30.464234,50.520063],[30.464142,50.520069],[30.464051,50.520079],[30.463962,50.520093],[30.463873,50.520111],[30.463787,50.520132],[30.463703,50.520156],[30.463622,50.520184],[30.463544,50.520216],[30.463538,50.520219],[30.463503,50.520215],[30.463411,50.52021],[30.463319,50.520208],[30.463227,50.52021],[30.463135,50.520216],[30.463044,50.520226],[30.462955,50.52024],[30.462925,50.520246],[30.462943,50.520234],[30.463001,50.520188],[30.463054,50.52014],[30.463102,50.52009],[30.463145,50.520038],[30.463183,50.519984],[30.463215,50.519929],[30.463241,50.519873],[30.463261,50.519815],[30.463276,50.519757],[30.463284,50.519699],[30.463287,50.51964],[30.463283,50.519581],[30.463273,50.519523],[30.463258,50.519465],[30.463236,50.519407],[30.463209,50.519351],[30.463176,50.519296],[30.463137,50.519243],[30.463093,50.519191],[30.463044,50.519141]]],[[[30.462647,50.525052],[30.462565,50.525025],[30.462481,50.525001],[30.462394,50.52498],[30.462306,50.524964],[30.462216,50.524951],[30.462125,50.524941],[30.462033,50.524936],[30.461941,50.524934],[30.461849,50.524937],[30.461757,50.524943],[30.461666,50.524953],[30.461576,50.524966],[30.461488,50.524984],[30.461402,50.525005],[30.461318,50.52503],[30.461237,50.525058],[30.461159,50.525089],[30.461084,50.525123],[30.461013,50.525161],[30.460946,50.525202],[30.460884,50.525245],[30.460825,50.52529],[30.460772,50.525338],[30.460724,50.525389],[30.460681,50.525441],[30.460643,50.525494],[30.460611,50.52555],[30.460585,50.525606],[30.460565,50.525663],[30.46055,50.525721],[30.460542,50.52578],[30.460539,50.525839],[30.460543,50.525898],[30.460553,50.525956],[30.460568,50.526014],[30.46059,50.526071],[30.460617,50.526127],[30.46065,50.526182],[30.460689,50.526236],[30.460733,50.526288],[30.460782,50.526337],[30.460836,50.526385],[30.460895,50.52643],[30.460948,50.526466],[30.460968,50.526486],[30.461022,50.526533],[30.461081,50.526578],[30.461144,50.526621],[30.461212,50.526661],[30.461284,50.526698],[30.461359,50.526732],[30.461438,50.526763],[30.46152,50.52679],[30.461604,50.526814],[30.46169,50.526835],[30.461779,50.526851],[30.461869,50.526864],[30.46196,50.526874],[30.462052,50.526879],[30.462144,50.526881],[30.462236,50.526878],[30.462328,50.526872],[30.462419,50.526862],[30.462509,50.526848],[30.462597,50.526831],[30.462683,50.52681],[30.462767,50.526785],[30.462848,50.526757],[30.462926,50.526726],[30.463001,50.526691],[30.463072,50.526654],[30.463139,50.526613],[30.463201,50.52657],[30.463259,50.526524],[30.463313,50.526476],[30.463361,50.526426],[30.463404,50.526374],[30.463442,50.52632],[30.463474,50.526265],[30.4635,50.526209],[30.46352,50.526151],[30.463535,50.526093],[30.463543,50.526035],[30.463546,50.525976],[30.463542,50.525917],[30.463532,50.525859],[30.463517,50.525801],[30.463495,50.525744],[30.463468,50.525687],[30.463435,50.525632],[30.463396,50.525579],[30.463352,50.525527],[30.463303,50.525477],[30.463249,50.52543],[30.46319,50.525385],[30.463137,50.525349],[30.463117,50.525329],[30.463063,50.525282],[30.463004,50.525236],[30.46294,50.525194],[30.462873,50.525154],[30.462801,50.525117],[30.462726,50.525083],[30.462647,50.525052]]],[[[30.460345,50.52586],[30.46029,50.525812],[30.460231,50.525767],[30.460168,50.525724],[30.4601,50.525684],[30.460029,50.525647],[30.459953,50.525613],[30.459875,50.525583],[30.459793,50.525555],[30.459709,50.525531],[30.459622,50.525511],[30.459534,50.525494],[30.459444,50.525481],[30.459352,50.525472],[30.459261,50.525467],[30.459168,50.525465],[30.459076,50.525467],[30.458984,50.525473],[30.458893,50.525483],[30.458804,50.525497],[30.458715,50.525515],[30.458629,50.525536],[30.458545,50.52556],[30.458464,50.525588],[30.458446,50.525596],[30.458416,50.525587],[30.458329,50.525567],[30.458241,50.52555],[30.458151,50.525537],[30.458059,50.525528],[30.457968,50.525523],[30.457875,50.525521],[30.457783,50.525523],[30.457691,50.525529],[30.4576,50.525539],[30.457511,50.525553],[30.457422,50.525571],[30.457336,50.525592],[30.457253,50.525616],[30.457171,50.525644],[30.457093,50.525676],[30.457019,50.52571],[30.456948,50.525748],[30.456881,50.525788],[30.456818,50.525831],[30.45676,50.525877],[30.456707,50.525925],[30.456658,50.525975],[30.456615,50.526027],[30.456578,50.526081],[30.456546,50.526136],[30.45652,50.526193],[30.456499,50.52625],[30.456485,50.526308],[30.456476,50.526367],[30.456474,50.526426],[30.456477,50.526484],[30.456487,50.526543],[30.456503,50.526601],[30.456524,50.526658],[30.456551,50.526714],[30.456584,50.526769],[30.456623,50.526823],[30.456667,50.526874],[30.456716,50.526924],[30.456771,50.526972],[30.456829,50.527017],[30.456893,50.52706],[30.456961,50.5271],[30.457032,50.527137],[30.457108,50.527171],[30.457186,50.527201],[30.457268,50.527229],[30.457352,50.527253],[30.457439,50.527273],[30.457527,50.52729],[30.457617,50.527303],[30.457709,50.527312],[30.4578,50.527317],[30.457893,50.527319],[30.457985,50.527317],[30.458077,50.527311],[30.458168,50.527301],[30.458257,50.527287],[30.458346,50.527269],[30.458432,50.527248],[30.458516,50.527224],[30.458597,50.527196],[30.458616,50.527188],[30.458645,50.527197],[30.458732,50.527217],[30.45882,50.527234],[30.45891,50.527247],[30.459002,50.527256],[30.459093,50.527261],[30.459186,50.527263],[30.459278,50.527261],[30.45937,50.527255],[30.459461,50.527245],[30.45955,50.527231],[30.459639,50.527213],[30.459725,50.527192],[30.459809,50.527168],[30.45989,50.52714],[30.459968,50.527108],[30.460042,50.527074],[30.460113,50.527036],[30.46018,50.526996],[30.460243,50.526953],[30.460301,50.526907],[30.460354,50.526859],[30.460403,50.526809],[30.460446,50.526757],[30.460483,50.526703],[30.460515,50.526648],[30.460541,50.526591],[30.460562,50.526534],[30.460576,50.526476],[30.460585,50.526417],[30.460587,50.526358],[30.460584,50.5263],[30.460574,50.526241],[30.460558,50.526183],[30.460537,50.526126],[30.46051,50.52607],[30.460477,50.526015],[30.460438,50.525961],[30.460394,50.52591],[30.460345,50.52586]]],[[[30.465441,50.566676],[30.465386,50.566628],[30.465327,50.566583],[30.465264,50.56654],[30.465196,50.5665],[30.465124,50.566463],[30.465049,50.566429],[30.46497,50.566399],[30.464888,50.566371],[30.464804,50.566347],[30.464717,50.566327],[30.464629,50.56631],[30.464539,50.566297],[30.464447,50.566288],[30.464356,50.566283],[30.464263,50.566281],[30.464171,50.566283],[30.464079,50.56629],[30.463988,50.566299],[30.463898,50.566313],[30.46381,50.566331],[30.463724,50.566352],[30.46364,50.566376],[30.463559,50.566404],[30.463481,50.566436],[30.463406,50.56647],[30.463335,50.566508],[30.463268,50.566548],[30.463205,50.566592],[30.463147,50.566637],[30.463094,50.566685],[30.463045,50.566735],[30.463002,50.566787],[30.462965,50.566841],[30.462933,50.566896],[30.462906,50.566953],[30.462886,50.56701],[30.462872,50.567068],[30.462863,50.567127],[30.462861,50.567186],[30.462864,50.567244],[30.462874,50.567303],[30.462889,50.567361],[30.462911,50.567418],[30.462938,50.567474],[30.462971,50.567529],[30.46301,50.567583],[30.463054,50.567634],[30.463103,50.567684],[30.463158,50.567732],[30.463217,50.567777],[30.463217,50.567777],[30.463196,50.567797],[30.463147,50.567847],[30.463104,50.567899],[30.463067,50.567953],[30.463035,50.568008],[30.463008,50.568065],[30.462988,50.568122],[30.462973,50.56818],[30.462965,50.568239],[30.462963,50.568298],[30.462966,50.568356],[30.462972,50.568392],[30.462942,50.56835],[30.462898,50.568298],[30.462848,50.568249],[30.462794,50.568201],[30.462735,50.568156],[30.462672,50.568113],[30.462604,50.568073],[30.462532,50.568036],[30.462457,50.568002],[30.462378,50.567971],[30.462296,50.567944],[30.462212,50.56792],[30.462125,50.5679],[30.462037,50.567883],[30.461946,50.56787],[30.461855,50.567861],[30.461763,50.567855],[30.461671,50.567854],[30.461579,50.567856],[30.461487,50.567862],[30.461396,50.567872],[30.461306,50.567886],[30.461218,50.567903],[30.461131,50.567924],[30.461048,50.567949],[30.460966,50.567977],[30.460888,50.568008],[30.460814,50.568043],[30.460742,50.568081],[30.460675,50.568121],[30.460613,50.568164],[30.460555,50.56821],[30.460501,50.568258],[30.460453,50.568308],[30.46041,50.56836],[30.460372,50.568414],[30.46034,50.568469],[30.460314,50.568525],[30.460294,50.568583],[30.460279,50.568641],[30.460271,50.568699],[30.460268,50.568758],[30.460272,50.568817],[30.460281,50.568876],[30.460297,50.568934],[30.460319,50.568991],[30.460346,50.569047],[30.460379,50.569102],[30.460418,50.569155],[30.460462,50.569207],[30.460511,50.569257],[30.460565,50.569304],[30.460624,50.56935],[30.460688,50.569392],[30.460756,50.569432],[30.460827,50.569469],[30.460903,50.569503],[30.460982,50.569534],[30.461063,50.569561],[30.461148,50.569585],[30.461234,50.569606],[30.461323,50.569622],[30.461413,50.569635],[30.461504,50.569645],[30.461596,50.56965],[30.461689,50.569652],[30.461781,50.569649],[30.461873,50.569643],[30.461964,50.569633],[30.462054,50.56962],[30.462142,50.569602],[30.462228,50.569581],[30.462312,50.569556],[30.462393,50.569528],[30.462471,50.569497],[30.462546,50.569462],[30.462617,50.569425],[30.462684,50.569384],[30.462747,50.569341],[30.462805,50.569295],[30.462858,50.569247],[30.462906,50.569197],[30.46295,50.569145],[30.462987,50.569092],[30.463019,50.569036],[30.463045,50.56898],[30.463066,50.568923],[30.46308,50.568864],[30.463089,50.568806],[30.463091,50.568747],[30.463088,50.568688],[30.463082,50.568653],[30.463112,50.568695],[30.463156,50.568746],[30.463205,50.568796],[30.46326,50.568844],[30.463319,50.568889],[30.463382,50.568932],[30.46345,50.568972],[30.463522,50.569009],[30.463597,50.569043],[30.463676,50.569073],[30.463758,50.569101],[30.463842,50.569125],[30.463929,50.569145],[30.464017,50.569162],[30.464107,50.569175],[30.464199,50.569184],[30.464291,50.569189],[30.464383,50.569191],[30.464475,50.569189],[30.464567,50.569182],[30.464658,50.569173],[30.464748,50.569159],[30.464836,50.569141],[30.464922,50.56912],[30.465006,50.569096],[30.465087,50.569068],[30.465166,50.569036],[30.46524,50.569002],[30.465311,50.568964],[30.465378,50.568924],[30.465441,50.56888],[30.465499,50.568835],[30.465552,50.568787],[30.465601,50.568737],[30.465644,50.568685],[30.465681,50.568631],[30.465713,50.568576],[30.46574,50.568519],[30.46576,50.568462],[30.465775,50.568404],[30.465783,50.568345],[30.465785,50.568286],[30.465782,50.568228],[30.465772,50.568169],[30.465757,50.568111],[30.465735,50.568054],[30.465708,50.567998],[30.465675,50.567943],[30.465636,50.567889],[30.465592,50.567838],[30.465543,50.567788],[30.465488,50.56774],[30.465429,50.567695],[30.465429,50.567695],[30.46545,50.567675],[30.465499,50.567625],[30.465542,50.567573],[30.465579,50.567519],[30.465611,50.567464],[30.465638,50.567407],[30.465658,50.56735],[30.465672,50.567292],[30.465681,50.567233],[30.465683,50.567174],[30.46568,50.567116],[30.46567,50.567057],[30.465655,50.566999],[30.465633,50.566942],[30.465606,50.566886],[30.465573,50.566831],[30.465534,50.566777],[30.46549,50.566726],[30.465441,50.566676]]],[[[30.479377,50.484994],[30.479323,50.484946],[30.479264,50.484901],[30.479201,50.484858],[30.479133,50.484818],[30.479062,50.484781],[30.478986,50.484747],[30.478908,50.484717],[30.478826,50.484689],[30.478742,50.484665],[30.478655,50.484645],[30.478567,50.484628],[30.478477,50.484615],[30.478386,50.484606],[30.478294,50.484601],[30.478202,50.484599],[30.47811,50.484601],[30.478018,50.484608],[30.477927,50.484617],[30.477838,50.484631],[30.47775,50.484649],[30.477663,50.48467],[30.47758,50.484694],[30.477499,50.484722],[30.477421,50.484754],[30.477346,50.484788],[30.477275,50.484826],[30.477208,50.484866],[30.477146,50.48491],[30.477088,50.484955],[30.477034,50.485003],[30.476986,50.485054],[30.476943,50.485106],[30.476906,50.485159],[30.476874,50.485215],[30.476848,50.485271],[30.476827,50.485328],[30.476813,50.485386],[30.476804,50.485445],[30.476802,50.485504],[30.476806,50.485563],[30.476815,50.485621],[30.476831,50.485679],[30.476852,50.485736],[30.47688,50.485792],[30.476913,50.485847],[30.476951,50.485901],[30.476995,50.485952],[30.477045,50.486002],[30.477099,50.48605],[30.477158,50.486095],[30.477221,50.486138],[30.477289,50.486178],[30.47736,50.486215],[30.477436,50.486249],[30.477514,50.486279],[30.477596,50.486307],[30.47768,50.486331],[30.477767,50.486351],[30.477855,50.486368],[30.477945,50.486381],[30.478036,50.48639],[30.478128,50.486395],[30.47822,50.486397],[30.478312,50.486395],[30.478404,50.486388],[30.478495,50.486379],[30.478584,50.486365],[30.478673,50.486347],[30.478759,50.486326],[30.478842,50.486302],[30.478923,50.486274],[30.479001,50.486242],[30.479076,50.486208],[30.479147,50.48617],[30.479214,50.48613],[30.479276,50.486086],[30.479334,50.486041],[30.479388,50.485993],[30.479436,50.485942],[30.479479,50.48589],[30.479516,50.485837],[30.479548,50.485781],[30.479574,50.485725],[30.479595,50.485668],[30.479609,50.48561],[30.479618,50.485551],[30.47962,50.485492],[30.479616,50.485433],[30.479607,50.485375],[30.479591,50.485317],[30.47957,50.48526],[30.479542,50.485204],[30.479509,50.485149],[30.479471,50.485095],[30.479427,50.485044],[30.479377,50.484994]]],[[[30.48336,50.485943],[30.483306,50.485895],[30.483247,50.48585],[30.483184,50.485807],[30.483116,50.485767],[30.483044,50.48573],[30.482969,50.485696],[30.482891,50.485666],[30.482809,50.485638],[30.482725,50.485614],[30.482638,50.485594],[30.48255,50.485577],[30.48246,50.485564],[30.482369,50.485555],[30.482277,50.48555],[30.482185,50.485548],[30.482093,50.48555],[30.482001,50.485557],[30.48191,50.485566],[30.481821,50.48558],[30.481732,50.485598],[30.481646,50.485619],[30.481563,50.485643],[30.481482,50.485671],[30.481404,50.485703],[30.481329,50.485737],[30.481258,50.485775],[30.481191,50.485815],[30.481129,50.485859],[30.481071,50.485904],[30.481017,50.485952],[30.480969,50.486003],[30.480926,50.486055],[30.480889,50.486108],[30.480857,50.486164],[30.480831,50.48622],[30.48081,50.486277],[30.480796,50.486335],[30.480787,50.486394],[30.480785,50.486453],[30.480789,50.486512],[30.480798,50.48657],[30.480814,50.486628],[30.480835,50.486685],[30.480863,50.486741],[30.480896,50.486796],[30.480934,50.48685],[30.480978,50.486902],[30.481028,50.486951],[30.481082,50.486999],[30.481141,50.487044],[30.481204,50.487087],[30.481272,50.487127],[30.481344,50.487164],[30.481419,50.487198],[30.481497,50.487228],[30.481579,50.487256],[30.481663,50.48728],[30.48175,50.4873],[30.481838,50.487317],[30.481928,50.48733],[30.482019,50.487339],[30.482111,50.487344],[30.482203,50.487346],[30.482295,50.487344],[30.482387,50.487337],[30.482478,50.487328],[30.482568,50.487314],[30.482656,50.487296],[30.482742,50.487275],[30.482825,50.487251],[30.482906,50.487223],[30.482984,50.487191],[30.483059,50.487157],[30.48313,50.487119],[30.483197,50.487079],[30.483259,50.487035],[30.483317,50.48699],[30.483371,50.486942],[30.483419,50.486891],[30.483462,50.486839],[30.483499,50.486786],[30.483531,50.48673],[30.483557,50.486674],[30.483578,50.486617],[30.483592,50.486559],[30.483601,50.4865],[30.483603,50.486441],[30.483599,50.486382],[30.48359,50.486324],[30.483574,50.486266],[30.483553,50.486209],[30.483525,50.486153],[30.483492,50.486098],[30.483454,50.486044],[30.48341,50.485992],[30.48336,50.485943]]],[[[30.471251,50.486398],[30.471202,50.486348],[30.471147,50.4863],[30.471088,50.486255],[30.471025,50.486212],[30.470957,50.486172],[30.470886,50.486135],[30.47081,50.486101],[30.470732,50.486071],[30.47065,50.486043],[30.470566,50.486019],[30.47048,50.485999],[30.470391,50.485982],[30.470301,50.485969],[30.47021,50.48596],[30.470118,50.485955],[30.470026,50.485953],[30.469934,50.485955],[30.469842,50.485962],[30.469751,50.485972],[30.469662,50.485985],[30.469574,50.486003],[30.469488,50.486024],[30.469404,50.486048],[30.469323,50.486076],[30.469245,50.486108],[30.46917,50.486142],[30.469099,50.48618],[30.469032,50.48622],[30.46897,50.486264],[30.468912,50.486309],[30.468859,50.486357],[30.46881,50.486408],[30.468767,50.48646],[30.46873,50.486513],[30.468698,50.486568],[30.468672,50.486625],[30.468651,50.486682],[30.468637,50.48674],[30.468628,50.486799],[30.468626,50.486858],[30.46863,50.486917],[30.468639,50.486975],[30.468655,50.487033],[30.468676,50.48709],[30.468704,50.487146],[30.468737,50.487201],[30.468775,50.487255],[30.468819,50.487306],[30.468868,50.487356],[30.468923,50.487404],[30.468982,50.487449],[30.469045,50.487492],[30.469113,50.487532],[30.469184,50.487569],[30.46926,50.487603],[30.469338,50.487633],[30.46942,50.487661],[30.469504,50.487685],[30.469591,50.487705],[30.469679,50.487722],[30.469769,50.487735],[30.46986,50.487744],[30.469952,50.487749],[30.470044,50.487751],[30.470136,50.487749],[30.470228,50.487743],[30.470319,50.487733],[30.470408,50.487719],[30.470496,50.487701],[30.470582,50.48768],[30.470666,50.487656],[30.470747,50.487628],[30.470825,50.487596],[30.4709,50.487562],[30.470971,50.487524],[30.471038,50.487484],[30.4711,50.48744],[30.471158,50.487395],[30.471212,50.487347],[30.47126,50.487297],[30.471303,50.487245],[30.47134,50.487191],[30.471372,50.487136],[30.471398,50.487079],[30.471419,50.487022],[30.471433,50.486964],[30.471442,50.486905],[30.471444,50.486846],[30.47144,50.486788],[30.471431,50.486729],[30.471415,50.486671],[30.471394,50.486614],[30.471366,50.486558],[30.471333,50.486503],[30.471295,50.486449],[30.471251,50.486398]]],[[[30.468364,50.486439],[30.46831,50.486391],[30.468251,50.486346],[30.468188,50.486303],[30.46812,50.486263],[30.468048,50.486226],[30.467973,50.486192],[30.467894,50.486162],[30.467813,50.486134],[30.467729,50.48611],[30.467642,50.48609],[30.467554,50.486073],[30.467464,50.48606],[30.467373,50.486051],[30.467281,50.486046],[30.467189,50.486044],[30.467097,50.486046],[30.467005,50.486052],[30.466914,50.486062],[30.466824,50.486076],[30.466736,50.486093],[30.46665,50.486115],[30.466566,50.486139],[30.466485,50.486167],[30.466407,50.486199],[30.466333,50.486233],[30.466262,50.486271],[30.466195,50.486311],[30.466132,50.486354],[30.466074,50.4864],[30.466021,50.486448],[30.465973,50.486498],[30.46593,50.48655],[30.465892,50.486604],[30.46586,50.486659],[30.465834,50.486716],[30.465814,50.486773],[30.465799,50.486831],[30.465791,50.48689],[30.465789,50.486949],[30.465792,50.487007],[30.465802,50.487066],[30.465817,50.487124],[30.465839,50.487181],[30.465866,50.487237],[30.465899,50.487292],[30.465938,50.487346],[30.465982,50.487397],[30.466031,50.487447],[30.466085,50.487495],[30.466144,50.48754],[30.466207,50.487583],[30.466275,50.487622],[30.466347,50.48766],[30.466422,50.487693],[30.46643,50.487697],[30.466417,50.487707],[30.466364,50.487755],[30.466315,50.487805],[30.466272,50.487857],[30.466235,50.487911],[30.466203,50.487966],[30.466177,50.488023],[30.466156,50.48808],[30.466142,50.488138],[30.466133,50.488197],[30.466131,50.488256],[30.466135,50.488314],[30.466144,50.488373],[30.46616,50.488431],[30.466181,50.488488],[30.466209,50.488544],[30.466242,50.488599],[30.46628,50.488653],[30.466324,50.488704],[30.466373,50.488754],[30.466428,50.488802],[30.466486,50.488847],[30.46655,50.48889],[30.466618,50.48893],[30.466689,50.488967],[30.466765,50.489001],[30.466843,50.489031],[30.466925,50.489059],[30.467009,50.489083],[30.467095,50.489103],[30.467184,50.48912],[30.467274,50.489133],[30.467365,50.489142],[30.467457,50.489147],[30.467549,50.489149],[30.467641,50.489147],[30.467733,50.489141],[30.467824,50.489131],[30.467913,50.489117],[30.468001,50.489099],[30.468087,50.489078],[30.468171,50.489054],[30.468252,50.489026],[30.46833,50.488994],[30.468405,50.48896],[30.468476,50.488922],[30.468543,50.488882],[30.468605,50.488838],[30.468663,50.488793],[30.468717,50.488745],[30.468765,50.488695],[30.468808,50.488643],[30.468845,50.488589],[30.468877,50.488534],[30.468903,50.488477],[30.468924,50.48842],[30.468938,50.488362],[30.468947,50.488303],[30.468949,50.488244],[30.468945,50.488186],[30.468936,50.488127],[30.46892,50.488069],[30.468899,50.488012],[30.468871,50.487956],[30.468838,50.487901],[30.4688,50.487847],[30.468756,50.487796],[30.468707,50.487746],[30.468652,50.487698],[30.468594,50.487653],[30.46853,50.48761],[30.468462,50.48757],[30.468391,50.487533],[30.468315,50.487499],[30.468307,50.487496],[30.468321,50.487486],[30.468374,50.487438],[30.468422,50.487387],[30.468465,50.487335],[30.468503,50.487282],[30.468535,50.487226],[30.468561,50.48717],[30.468581,50.487113],[30.468596,50.487055],[30.468604,50.486996],[30.468607,50.486937],[30.468603,50.486878],[30.468593,50.48682],[30.468578,50.486762],[30.468556,50.486705],[30.468529,50.486649],[30.468496,50.486594],[30.468457,50.48654],[30.468413,50.486489],[30.468364,50.486439]]],[[[30.479626,50.487515],[30.479535,50.487524],[30.479446,50.487538],[30.479357,50.487556],[30.479271,50.487577],[30.479188,50.487601],[30.479107,50.487629],[30.479029,50.487661],[30.478954,50.487695],[30.478883,50.487733],[30.478816,50.487773],[30.478754,50.487817],[30.478696,50.487862],[30.478642,50.48791],[30.478594,50.487961],[30.478551,50.488013],[30.478514,50.488066],[30.478482,50.488122],[30.478456,50.488178],[30.478435,50.488235],[30.478421,50.488293],[30.478412,50.488352],[30.47841,50.488411],[30.478414,50.48847],[30.478423,50.488528],[30.478439,50.488586],[30.47846,50.488643],[30.478488,50.488699],[30.478521,50.488754],[30.478559,50.488808],[30.478603,50.488859],[30.478652,50.488909],[30.478707,50.488957],[30.478766,50.489002],[30.478829,50.489045],[30.478897,50.489085],[30.478968,50.489122],[30.479044,50.489156],[30.479122,50.489186],[30.479204,50.489214],[30.479288,50.489238],[30.479375,50.489258],[30.479463,50.489275],[30.479553,50.489288],[30.479613,50.489294],[30.479686,50.489315],[30.479773,50.489335],[30.479861,50.489352],[30.479951,50.489365],[30.480042,50.489374],[30.480134,50.489379],[30.480226,50.489381],[30.480318,50.489379],[30.48041,50.489372],[30.480501,50.489363],[30.480591,50.489349],[30.480679,50.489331],[30.480765,50.48931],[30.480848,50.489286],[30.480929,50.489258],[30.481007,50.489226],[30.481082,50.489192],[30.481153,50.489154],[30.48122,50.489114],[30.481282,50.48907],[30.48134,50.489025],[30.481394,50.488977],[30.481442,50.488926],[30.481485,50.488874],[30.481522,50.488821],[30.481554,50.488765],[30.48158,50.488709],[30.481601,50.488652],[30.481615,50.488594],[30.481624,50.488535],[30.481626,50.488476],[30.481622,50.488417],[30.481613,50.488359],[30.481597,50.488301],[30.481576,50.488244],[30.481548,50.488188],[30.481515,50.488133],[30.481477,50.488079],[30.481433,50.488027],[30.481384,50.487978],[30.481329,50.48793],[30.48127,50.487885],[30.481207,50.487842],[30.481139,50.487802],[30.481068,50.487765],[30.480992,50.487731],[30.480914,50.487701],[30.480832,50.487673],[30.480748,50.487649],[30.480661,50.487629],[30.480573,50.487612],[30.480483,50.487599],[30.480423,50.487593],[30.48035,50.487572],[30.480263,50.487552],[30.480175,50.487535],[30.480085,50.487522],[30.479994,50.487513],[30.479902,50.487508],[30.47981,50.487506],[30.479718,50.487508],[30.479626,50.487515]]],[[[30.485177,50.488105],[30.485122,50.488058],[30.485063,50.488012],[30.485,50.48797],[30.484932,50.48793],[30.484861,50.487893],[30.484785,50.487859],[30.484707,50.487828],[30.484625,50.487801],[30.484541,50.487777],[30.484454,50.487756],[30.484366,50.48774],[30.484276,50.487727],[30.484185,50.487718],[30.484093,50.487712],[30.484001,50.487711],[30.483909,50.487713],[30.483817,50.487719],[30.483726,50.487729],[30.483637,50.487743],[30.483548,50.48776],[30.483462,50.487781],[30.483379,50.487806],[30.483298,50.487834],[30.48322,50.487865],[30.483145,50.4879],[30.483074,50.487938],[30.483007,50.487978],[30.482945,50.488021],[30.482887,50.488067],[30.482833,50.488115],[30.482785,50.488165],[30.482742,50.488217],[30.482705,50.488271],[30.482673,50.488326],[30.482647,50.488383],[30.482626,50.48844],[30.482612,50.488498],[30.482603,50.488557],[30.482601,50.488615],[30.482605,50.488674],[30.482614,50.488733],[30.48263,50.488791],[30.482651,50.488848],[30.482679,50.488904],[30.482712,50.488959],[30.48275,50.489012],[30.482794,50.489064],[30.482844,50.489114],[30.482898,50.489161],[30.482957,50.489207],[30.48302,50.489249],[30.483088,50.489289],[30.48316,50.489326],[30.483235,50.48936],[30.483314,50.489391],[30.483395,50.489418],[30.483479,50.489442],[30.483566,50.489463],[30.483654,50.489479],[30.483744,50.489492],[30.483835,50.489502],[30.483927,50.489507],[30.484019,50.489509],[30.484111,50.489506],[30.484203,50.4895],[30.484294,50.48949],[30.484384,50.489476],[30.484472,50.489459],[30.484558,50.489438],[30.484642,50.489413],[30.484723,50.489385],[30.484801,50.489354],[30.484875,50.489319],[30.484946,50.489282],[30.485013,50.489241],[30.485076,50.489198],[30.485134,50.489152],[30.485187,50.489104],[30.485235,50.489054],[30.485278,50.489002],[30.485315,50.488948],[30.485347,50.488893],[30.485374,50.488837],[30.485394,50.488779],[30.485408,50.488721],[30.485417,50.488663],[30.485419,50.488604],[30.485416,50.488545],[30.485406,50.488486],[30.48539,50.488428],[30.485369,50.488371],[30.485341,50.488315],[30.485308,50.48826],[30.48527,50.488207],[30.485226,50.488155],[30.485177,50.488105]]],[[[30.491208,50.488839],[30.491154,50.488791],[30.491095,50.488746],[30.491032,50.488703],[30.490964,50.488663],[30.490892,50.488626],[30.490817,50.488592],[30.490738,50.488562],[30.490657,50.488534],[30.490573,50.48851],[30.490486,50.48849],[30.490398,50.488473],[30.490308,50.48846],[30.490217,50.488451],[30.490125,50.488446],[30.490033,50.488444],[30.489941,50.488446],[30.489849,50.488453],[30.489758,50.488462],[30.489668,50.488476],[30.48958,50.488494],[30.489494,50.488515],[30.48941,50.488539],[30.489329,50.488567],[30.489251,50.488599],[30.489177,50.488633],[30.489106,50.488671],[30.489039,50.488712],[30.488976,50.488755],[30.488918,50.4888],[30.488865,50.488849],[30.488817,50.488899],[30.488774,50.488951],[30.488737,50.489004],[30.488705,50.48906],[30.488679,50.489116],[30.488658,50.489173],[30.488644,50.489232],[30.488635,50.48929],[30.488633,50.489349],[30.488637,50.489408],[30.488646,50.489466],[30.488662,50.489524],[30.488683,50.489581],[30.488711,50.489638],[30.488744,50.489692],[30.488782,50.489746],[30.488826,50.489798],[30.488876,50.489847],[30.48893,50.489895],[30.488989,50.48994],[30.489052,50.489983],[30.48912,50.490023],[30.489192,50.49006],[30.489267,50.490094],[30.489346,50.490124],[30.489427,50.490152],[30.489511,50.490176],[30.489598,50.490196],[30.489686,50.490213],[30.489776,50.490226],[30.489867,50.490235],[30.489959,50.49024],[30.490051,50.490242],[30.490143,50.49024],[30.490235,50.490233],[30.490326,50.490224],[30.490416,50.49021],[30.490504,50.490192],[30.49059,50.490171],[30.490674,50.490147],[30.490755,50.490119],[30.490833,50.490087],[30.490907,50.490053],[30.490978,50.490015],[30.491045,50.489974],[30.491108,50.489931],[30.491166,50.489886],[30.491219,50.489837],[30.491267,50.489787],[30.49131,50.489735],[30.491347,50.489682],[30.491379,50.489626],[30.491405,50.48957],[30.491426,50.489513],[30.49144,50.489454],[30.491449,50.489396],[30.491451,50.489337],[30.491447,50.489278],[30.491438,50.48922],[30.491422,50.489162],[30.491401,50.489105],[30.491373,50.489048],[30.49134,50.488994],[30.491302,50.48894],[30.491258,50.488888],[30.491208,50.488839]]],[[[30.473042,50.491668],[30.472993,50.491618],[30.472939,50.49157],[30.47288,50.491525],[30.472816,50.491482],[30.472748,50.491442],[30.472677,50.491405],[30.472601,50.491371],[30.472523,50.491341],[30.472441,50.491313],[30.472357,50.491289],[30.47227,50.491269],[30.472182,50.491252],[30.472092,50.491239],[30.472001,50.49123],[30.471909,50.491225],[30.471817,50.491223],[30.471725,50.491225],[30.471633,50.491232],[30.471542,50.491241],[30.471453,50.491255],[30.471365,50.491273],[30.471278,50.491294],[30.471195,50.491318],[30.471114,50.491346],[30.471036,50.491378],[30.470961,50.491412],[30.47089,50.49145],[30.470823,50.49149],[30.470761,50.491534],[30.470703,50.491579],[30.470649,50.491627],[30.470601,50.491677],[30.470558,50.49173],[30.470521,50.491783],[30.470489,50.491838],[30.470463,50.491895],[30.470442,50.491952],[30.470428,50.49201],[30.470419,50.492069],[30.470417,50.492128],[30.47042,50.492186],[30.47043,50.492245],[30.470446,50.492303],[30.470467,50.49236],[30.470494,50.492416],[30.470528,50.492471],[30.470566,50.492525],[30.47061,50.492576],[30.470659,50.492626],[30.470713,50.492674],[30.470772,50.492719],[30.470836,50.492762],[30.470904,50.492802],[30.470975,50.492839],[30.471051,50.492873],[30.471129,50.492903],[30.471211,50.492931],[30.471295,50.492955],[30.471382,50.492975],[30.47147,50.492992],[30.47156,50.493005],[30.471651,50.493014],[30.471743,50.493019],[30.471835,50.493021],[30.471927,50.493019],[30.472019,50.493012],[30.47211,50.493003],[30.472199,50.492989],[30.472287,50.492971],[30.472374,50.49295],[30.472457,50.492926],[30.472538,50.492898],[30.472616,50.492866],[30.472691,50.492832],[30.472762,50.492794],[30.472829,50.492754],[30.472891,50.49271],[30.472949,50.492665],[30.473003,50.492617],[30.473051,50.492567],[30.473094,50.492514],[30.473131,50.492461],[30.473163,50.492406],[30.473189,50.492349],[30.47321,50.492292],[30.473224,50.492234],[30.473233,50.492175],[30.473235,50.492116],[30.473232,50.492057],[30.473222,50.491999],[30.473206,50.491941],[30.473185,50.491884],[30.473158,50.491828],[30.473124,50.491773],[30.473086,50.491719],[30.473042,50.491668]]],[[[30.469011,50.498502],[30.468956,50.498455],[30.468897,50.49841],[30.468834,50.498367],[30.468766,50.498327],[30.468695,50.49829],[30.468619,50.498256],[30.468541,50.498225],[30.468459,50.498198],[30.468375,50.498174],[30.468288,50.498153],[30.4682,50.498137],[30.46811,50.498124],[30.468019,50.498115],[30.467927,50.498109],[30.467835,50.498108],[30.467743,50.49811],[30.467651,50.498116],[30.46756,50.498126],[30.46747,50.49814],[30.467382,50.498157],[30.467296,50.498178],[30.467212,50.498203],[30.467131,50.498231],[30.467053,50.498262],[30.466979,50.498297],[30.466908,50.498334],[30.466841,50.498375],[30.466778,50.498418],[30.46672,50.498464],[30.466667,50.498512],[30.466619,50.498562],[30.466576,50.498614],[30.466538,50.498668],[30.466506,50.498723],[30.46648,50.498779],[30.46646,50.498837],[30.466445,50.498895],[30.466437,50.498953],[30.466434,50.499012],[30.466438,50.499071],[30.466448,50.499129],[30.466463,50.499187],[30.466485,50.499245],[30.466512,50.499301],[30.466545,50.499356],[30.466584,50.499409],[30.466628,50.499461],[30.466677,50.499511],[30.466731,50.499558],[30.46679,50.499603],[30.466853,50.499646],[30.466921,50.499686],[30.466993,50.499723],[30.467068,50.499757],[30.467147,50.499788],[30.467228,50.499815],[30.467313,50.499839],[30.467399,50.49986],[30.467487,50.499876],[30.467577,50.499889],[30.467669,50.499899],[30.46776,50.499904],[30.467853,50.499905],[30.467945,50.499903],[30.468036,50.499897],[30.468127,50.499887],[30.468217,50.499873],[30.468305,50.499856],[30.468391,50.499835],[30.468475,50.49981],[30.468556,50.499782],[30.468634,50.499751],[30.468709,50.499716],[30.46878,50.499679],[30.468847,50.499638],[30.468909,50.499595],[30.468967,50.499549],[30.46902,50.499501],[30.469069,50.499451],[30.469112,50.499399],[30.469149,50.499345],[30.469181,50.49929],[30.469207,50.499234],[30.469228,50.499176],[30.469242,50.499118],[30.469251,50.49906],[30.469253,50.499001],[30.469249,50.498942],[30.46924,50.498884],[30.469224,50.498826],[30.469203,50.498768],[30.469175,50.498712],[30.469142,50.498657],[30.469104,50.498604],[30.46906,50.498552],[30.469011,50.498502]]],[[[30.471493,50.503725],[30.471438,50.503677],[30.471379,50.503632],[30.471316,50.503589],[30.471248,50.503549],[30.471177,50.503512],[30.471101,50.503478],[30.471023,50.503448],[30.470941,50.50342],[30.470857,50.503396],[30.47077,50.503376],[30.470682,50.503359],[30.470592,50.503346],[30.470501,50.503337],[30.470409,50.503332],[30.470317,50.50333],[30.470225,50.503332],[30.470133,50.503338],[30.470042,50.503348],[30.469952,50.503362],[30.469864,50.503379],[30.469778,50.503401],[30.469694,50.503425],[30.469613,50.503453],[30.469535,50.503485],[30.469461,50.503519],[30.46939,50.503557],[30.469323,50.503597],[30.46926,50.50364],[30.469202,50.503686],[30.469149,50.503734],[30.469101,50.503784],[30.469058,50.503836],[30.46902,50.50389],[30.468988,50.503945],[30.468962,50.504002],[30.468941,50.504059],[30.468927,50.504117],[30.468919,50.504176],[30.468916,50.504235],[30.46892,50.504293],[30.468929,50.504352],[30.468945,50.50441],[30.468966,50.504467],[30.468994,50.504523],[30.469027,50.504578],[30.469065,50.504632],[30.469109,50.504683],[30.469159,50.504733],[30.469213,50.504781],[30.469272,50.504826],[30.469335,50.504869],[30.469403,50.504908],[30.469475,50.504946],[30.46955,50.504979],[30.469629,50.50501],[30.46971,50.505038],[30.469794,50.505062],[30.469881,50.505082],[30.469969,50.505099],[30.470059,50.505112],[30.470151,50.505121],[30.470242,50.505126],[30.470335,50.505128],[30.470427,50.505126],[30.470518,50.505119],[30.470609,50.505109],[30.470699,50.505096],[30.470787,50.505078],[30.470873,50.505057],[30.470957,50.505033],[30.471038,50.505005],[30.471116,50.504973],[30.471191,50.504939],[30.471262,50.504901],[30.471329,50.504861],[30.471391,50.504817],[30.471449,50.504772],[30.471503,50.504724],[30.471551,50.504673],[30.471594,50.504621],[30.471631,50.504568],[30.471663,50.504512],[30.471689,50.504456],[30.47171,50.504399],[30.471724,50.504341],[30.471733,50.504282],[30.471735,50.504223],[30.471732,50.504164],[30.471722,50.504106],[30.471706,50.504048],[30.471685,50.503991],[30.471658,50.503935],[30.471624,50.50388],[30.471586,50.503826],[30.471542,50.503774],[30.471493,50.503725]]],[[[30.488105,50.50411],[30.488018,50.50409],[30.48793,50.504073],[30.48784,50.50406],[30.487749,50.504051],[30.487657,50.504046],[30.487565,50.504044],[30.487473,50.504046],[30.487381,50.504053],[30.48729,50.504062],[30.4872,50.504076],[30.487112,50.504094],[30.487026,50.504115],[30.486942,50.504139],[30.486861,50.504167],[30.486783,50.504199],[30.486709,50.504233],[30.486638,50.504271],[30.486571,50.504312],[30.486508,50.504355],[30.48645,50.5044],[30.486447,50.504404],[30.486394,50.504409],[30.486304,50.504423],[30.486216,50.504441],[30.48613,50.504462],[30.486046,50.504486],[30.485965,50.504514],[30.485887,50.504546],[30.485813,50.50458],[30.485742,50.504618],[30.485675,50.504658],[30.485612,50.504702],[30.485554,50.504747],[30.485545,50.504755],[30.485521,50.504763],[30.48544,50.504791],[30.485362,50.504822],[30.485287,50.504857],[30.485216,50.504894],[30.485149,50.504935],[30.485086,50.504978],[30.485028,50.505024],[30.484975,50.505072],[30.484927,50.505122],[30.484884,50.505174],[30.484847,50.505228],[30.484815,50.505283],[30.484788,50.505339],[30.484768,50.505397],[30.484754,50.505455],[30.484745,50.505513],[30.484743,50.505572],[30.484746,50.505631],[30.484756,50.505689],[30.484772,50.505747],[30.484793,50.505805],[30.484821,50.505861],[30.484854,50.505916],[30.484892,50.505969],[30.484936,50.506021],[30.484985,50.506071],[30.48504,50.506118],[30.485099,50.506163],[30.485162,50.506206],[30.48523,50.506246],[30.485302,50.506283],[30.485377,50.506317],[30.485456,50.506348],[30.485537,50.506375],[30.485621,50.506399],[30.485708,50.506419],[30.485796,50.506436],[30.485886,50.506449],[30.485977,50.506458],[30.486048,50.506462],[30.486059,50.506477],[30.486103,50.506529],[30.486152,50.506579],[30.486206,50.506626],[30.486265,50.506672],[30.486329,50.506714],[30.486397,50.506754],[30.486468,50.506791],[30.486544,50.506825],[30.486622,50.506856],[30.486704,50.506883],[30.486788,50.506907],[30.486875,50.506928],[30.486963,50.506944],[30.487053,50.506957],[30.487144,50.506967],[30.487236,50.506972],[30.487328,50.506973],[30.48742,50.506971],[30.487512,50.506965],[30.487603,50.506955],[30.487693,50.506941],[30.487781,50.506924],[30.487867,50.506903],[30.487951,50.506878],[30.488032,50.50685],[30.488073,50.506834],[30.488125,50.506839],[30.488217,50.506844],[30.488309,50.506846],[30.488401,50.506843],[30.488493,50.506837],[30.488584,50.506827],[30.488674,50.506814],[30.488762,50.506796],[30.488848,50.506775],[30.488932,50.50675],[30.489013,50.506722],[30.489091,50.506691],[30.489165,50.506656],[30.489236,50.506619],[30.489303,50.506578],[30.489366,50.506535],[30.489424,50.506489],[30.489477,50.506441],[30.489525,50.506391],[30.489568,50.506339],[30.489606,50.506285],[30.489638,50.50623],[30.489664,50.506174],[30.489684,50.506116],[30.489696,50.506069],[30.489718,50.506063],[30.489799,50.506034],[30.489877,50.506003],[30.489952,50.505968],[30.490023,50.505931],[30.49009,50.50589],[30.490152,50.505847],[30.49021,50.505801],[30.490264,50.505753],[30.490312,50.505703],[30.490355,50.505651],[30.490392,50.505597],[30.490424,50.505542],[30.49045,50.505486],[30.490471,50.505428],[30.490485,50.50537],[30.490494,50.505312],[30.490496,50.505253],[30.490492,50.505194],[30.490483,50.505136],[30.490467,50.505078],[30.490446,50.505021],[30.490418,50.504964],[30.490385,50.504909],[30.490347,50.504856],[30.490303,50.504804],[30.490253,50.504755],[30.490199,50.504707],[30.49014,50.504662],[30.490077,50.504619],[30.490009,50.504579],[30.489937,50.504542],[30.489862,50.504508],[30.489783,50.504477],[30.489702,50.50445],[30.489617,50.504426],[30.489531,50.504406],[30.489442,50.504389],[30.489352,50.504376],[30.489261,50.504367],[30.489169,50.504362],[30.489077,50.50436],[30.488985,50.504362],[30.488893,50.504368],[30.488802,50.504378],[30.488713,50.504392],[30.488693,50.504396],[30.488687,50.504391],[30.488628,50.504346],[30.488564,50.504303],[30.488497,50.504263],[30.488425,50.504226],[30.488349,50.504192],[30.488271,50.504162],[30.488189,50.504134],[30.488105,50.50411]]],[[[30.470453,50.505521],[30.470399,50.505473],[30.47034,50.505428],[30.470276,50.505385],[30.470209,50.505345],[30.470137,50.505308],[30.470062,50.505274],[30.469983,50.505244],[30.469901,50.505216],[30.469817,50.505192],[30.469731,50.505172],[30.469642,50.505155],[30.469552,50.505142],[30.469461,50.505133],[30.469369,50.505128],[30.469277,50.505126],[30.469185,50.505128],[30.469093,50.505134],[30.469002,50.505144],[30.468913,50.505158],[30.468824,50.505176],[30.468738,50.505197],[30.468655,50.505221],[30.468574,50.505249],[30.468495,50.505281],[30.468421,50.505315],[30.46835,50.505353],[30.468283,50.505393],[30.46822,50.505437],[30.468162,50.505482],[30.468109,50.50553],[30.468061,50.50558],[30.468018,50.505633],[30.46798,50.505686],[30.467948,50.505741],[30.467922,50.505798],[30.467902,50.505855],[30.467887,50.505913],[30.467879,50.505972],[30.467876,50.506031],[30.46788,50.506089],[30.46789,50.506148],[30.467905,50.506206],[30.467927,50.506263],[30.467954,50.506319],[30.467987,50.506374],[30.468026,50.506428],[30.46807,50.506479],[30.468119,50.506529],[30.468173,50.506577],[30.468232,50.506622],[30.468296,50.506665],[30.468363,50.506705],[30.468435,50.506742],[30.46851,50.506776],[30.468589,50.506806],[30.468671,50.506834],[30.468755,50.506858],[30.468841,50.506878],[30.46893,50.506895],[30.46902,50.506908],[30.469111,50.506917],[30.469203,50.506922],[30.469295,50.506924],[30.469387,50.506922],[30.469479,50.506916],[30.46957,50.506906],[30.469659,50.506892],[30.469748,50.506874],[30.469834,50.506853],[30.469917,50.506829],[30.469999,50.506801],[30.470077,50.506769],[30.470151,50.506735],[30.470222,50.506697],[30.470289,50.506657],[30.470352,50.506613],[30.47041,50.506568],[30.470463,50.50652],[30.470511,50.50647],[30.470554,50.506417],[30.470592,50.506364],[30.470624,50.506309],[30.47065,50.506252],[30.47067,50.506195],[30.470685,50.506137],[30.470693,50.506078],[30.470696,50.506019],[30.470692,50.505961],[30.470682,50.505902],[30.470667,50.505844],[30.470645,50.505787],[30.470618,50.505731],[30.470585,50.505676],[30.470546,50.505622],[30.470502,50.505571],[30.470453,50.505521]]],[[[30.475755,50.50628],[30.475701,50.506232],[30.475642,50.506187],[30.475578,50.506144],[30.475511,50.506104],[30.475439,50.506067],[30.475364,50.506033],[30.475285,50.506003],[30.475203,50.505975],[30.475119,50.505951],[30.475033,50.505931],[30.474944,50.505914],[30.474854,50.505901],[30.474763,50.505892],[30.474671,50.505887],[30.474579,50.505885],[30.474487,50.505887],[30.474395,50.505894],[30.474304,50.505903],[30.474214,50.505917],[30.474126,50.505935],[30.47404,50.505956],[30.473956,50.50598],[30.473875,50.506008],[30.473797,50.50604],[30.473723,50.506074],[30.473652,50.506112],[30.473585,50.506152],[30.473522,50.506196],[30.473464,50.506241],[30.473411,50.506289],[30.473363,50.50634],[30.47332,50.506392],[30.473282,50.506445],[30.47325,50.5065],[30.473224,50.506557],[30.473204,50.506614],[30.473189,50.506672],[30.473181,50.506731],[30.473178,50.50679],[30.473182,50.506849],[30.473192,50.506907],[30.473207,50.506965],[30.473229,50.507022],[30.473256,50.507078],[30.473289,50.507133],[30.473328,50.507187],[30.473372,50.507238],[30.473421,50.507288],[30.473475,50.507336],[30.473534,50.507381],[30.473598,50.507424],[30.473665,50.507464],[30.473737,50.507501],[30.473812,50.507535],[30.473891,50.507565],[30.473973,50.507593],[30.474057,50.507617],[30.474143,50.507637],[30.474232,50.507654],[30.474322,50.507667],[30.474413,50.507676],[30.474505,50.507681],[30.474597,50.507683],[30.474689,50.507681],[30.474781,50.507674],[30.474872,50.507665],[30.474962,50.507651],[30.47505,50.507633],[30.475136,50.507612],[30.47522,50.507588],[30.475301,50.50756],[30.475379,50.507528],[30.475453,50.507494],[30.475524,50.507456],[30.475591,50.507416],[30.475654,50.507372],[30.475712,50.507327],[30.475765,50.507279],[30.475813,50.507228],[30.475856,50.507176],[30.475894,50.507123],[30.475926,50.507068],[30.475952,50.507011],[30.475972,50.506954],[30.475987,50.506896],[30.475995,50.506837],[30.475998,50.506778],[30.475994,50.506719],[30.475984,50.506661],[30.475969,50.506603],[30.475947,50.506546],[30.47592,50.50649],[30.475887,50.506435],[30.475848,50.506381],[30.475804,50.50633],[30.475755,50.50628]]],[[[30.48885,50.508454],[30.488782,50.508414],[30.48871,50.508377],[30.488635,50.508343],[30.488556,50.508313],[30.488475,50.508285],[30.48839,50.508261],[30.488304,50.508241],[30.488215,50.508224],[30.488125,50.508211],[30.488034,50.508202],[30.487942,50.508197],[30.48785,50.508195],[30.487758,50.508197],[30.487666,50.508204],[30.487575,50.508214],[30.487486,50.508227],[30.487398,50.508245],[30.487311,50.508266],[30.487228,50.508291],[30.487147,50.508319],[30.487069,50.50835],[30.486994,50.508385],[30.486923,50.508422],[30.486856,50.508463],[30.486793,50.508506],[30.486735,50.508552],[30.486682,50.5086],[30.486634,50.50865],[30.486591,50.508702],[30.486554,50.508756],[30.486522,50.508811],[30.486495,50.508867],[30.486475,50.508925],[30.486461,50.508983],[30.486452,50.509041],[30.48645,50.5091],[30.486453,50.509159],[30.486463,50.509217],[30.486479,50.509275],[30.4865,50.509332],[30.486528,50.509389],[30.486561,50.509444],[30.486572,50.509459],[30.486585,50.509487],[30.486618,50.509541],[30.486657,50.509595],[30.486701,50.509647],[30.48675,50.509696],[30.486804,50.509744],[30.486863,50.509789],[30.486927,50.509832],[30.486994,50.509872],[30.487066,50.509909],[30.487142,50.509943],[30.48722,50.509973],[30.487302,50.510001],[30.487386,50.510025],[30.487473,50.510045],[30.487561,50.510062],[30.487651,50.510075],[30.487742,50.510084],[30.487834,50.510089],[30.487926,50.510091],[30.488018,50.510089],[30.48811,50.510082],[30.488201,50.510073],[30.488291,50.510059],[30.488379,50.510041],[30.488465,50.51002],[30.488549,50.509996],[30.48863,50.509968],[30.488708,50.509936],[30.488783,50.509902],[30.488853,50.509864],[30.48892,50.509823],[30.488983,50.50978],[30.489041,50.509735],[30.489094,50.509687],[30.489142,50.509636],[30.489185,50.509584],[30.489223,50.509531],[30.489255,50.509475],[30.489281,50.509419],[30.489301,50.509362],[30.489316,50.509303],[30.489324,50.509245],[30.489327,50.509186],[30.489323,50.509127],[30.489313,50.509069],[30.489298,50.509011],[30.489276,50.508954],[30.489249,50.508897],[30.489216,50.508843],[30.489205,50.508827],[30.489191,50.5088],[30.489158,50.508745],[30.48912,50.508691],[30.489076,50.50864],[30.489026,50.50859],[30.488972,50.508542],[30.488913,50.508497],[30.48885,50.508454]]],[[[30.491515,50.508608],[30.491423,50.508603],[30.491331,50.508601],[30.491239,50.508603],[30.491147,50.50861],[30.491056,50.50862],[30.490966,50.508633],[30.490878,50.508651],[30.490792,50.508672],[30.490708,50.508696],[30.490627,50.508724],[30.490549,50.508756],[30.490474,50.50879],[30.490404,50.508828],[30.490337,50.508869],[30.490274,50.508912],[30.490216,50.508957],[30.490163,50.509006],[30.490115,50.509056],[30.490072,50.509108],[30.490034,50.509161],[30.490002,50.509217],[30.489976,50.509273],[30.489956,50.50933],[30.489941,50.509389],[30.489933,50.509447],[30.48993,50.509506],[30.489934,50.509565],[30.489944,50.509623],[30.489959,50.509681],[30.489981,50.509738],[30.490008,50.509795],[30.490041,50.509849],[30.49008,50.509903],[30.490124,50.509955],[30.490173,50.510004],[30.490227,50.510052],[30.490286,50.510097],[30.49035,50.51014],[30.490418,50.51018],[30.490489,50.510217],[30.490565,50.510251],[30.490643,50.510281],[30.490725,50.510309],[30.490809,50.510333],[30.490896,50.510353],[30.490984,50.51037],[30.491045,50.510379],[30.491109,50.510397],[30.491196,50.510417],[30.491284,50.510434],[30.491374,50.510447],[30.491465,50.510456],[30.491557,50.510461],[30.491649,50.510463],[30.491742,50.510461],[30.491833,50.510454],[30.491924,50.510444],[30.492014,50.510431],[30.492102,50.510413],[30.492188,50.510392],[30.492272,50.510368],[30.492353,50.51034],[30.492431,50.510308],[30.492506,50.510274],[30.492577,50.510236],[30.492643,50.510195],[30.492706,50.510152],[30.492764,50.510107],[30.492817,50.510058],[30.492866,50.510008],[30.492908,50.509956],[30.492946,50.509902],[30.492978,50.509847],[30.493004,50.509791],[30.493024,50.509734],[30.493039,50.509675],[30.493047,50.509617],[30.49305,50.509558],[30.493046,50.509499],[30.493036,50.509441],[30.493021,50.509383],[30.492999,50.509326],[30.492972,50.509269],[30.492939,50.509214],[30.4929,50.509161],[30.492856,50.509109],[30.492807,50.50906],[30.492753,50.509012],[30.492694,50.508967],[30.49263,50.508924],[30.492562,50.508884],[30.492491,50.508847],[30.492415,50.508813],[30.492337,50.508783],[30.492255,50.508755],[30.492171,50.508731],[30.492084,50.508711],[30.491996,50.508694],[30.491935,50.508685],[30.491871,50.508667],[30.491784,50.508647],[30.491696,50.50863],[30.491606,50.508617],[30.491515,50.508608]]],[[[30.48689,50.510447],[30.486836,50.510399],[30.486777,50.510354],[30.486713,50.510311],[30.486646,50.510271],[30.486574,50.510234],[30.486499,50.5102],[30.48642,50.51017],[30.486338,50.510142],[30.486254,50.510118],[30.486167,50.510098],[30.486079,50.510081],[30.485989,50.510068],[30.485898,50.510059],[30.485806,50.510054],[30.485714,50.510052],[30.485622,50.510054],[30.48553,50.510061],[30.485439,50.51007],[30.485349,50.510084],[30.485261,50.510102],[30.485175,50.510123],[30.485091,50.510147],[30.48501,50.510175],[30.484932,50.510207],[30.484858,50.510241],[30.484787,50.510279],[30.48472,50.51032],[30.484657,50.510363],[30.484599,50.510408],[30.484546,50.510456],[30.484498,50.510507],[30.484455,50.510559],[30.484417,50.510612],[30.484385,50.510668],[30.484359,50.510724],[30.484339,50.510781],[30.484324,50.510839],[30.484316,50.510898],[30.484313,50.510957],[30.484317,50.511016],[30.484327,50.511074],[30.484342,50.511132],[30.484364,50.511189],[30.484391,50.511246],[30.484424,50.5113],[30.484463,50.511354],[30.484507,50.511406],[30.48455,50.511449],[30.484549,50.511453],[30.484541,50.511512],[30.484538,50.511571],[30.484542,50.51163],[30.484552,50.511688],[30.484567,50.511746],[30.484589,50.511803],[30.484616,50.51186],[30.484649,50.511914],[30.484688,50.511968],[30.484732,50.51202],[30.484781,50.512069],[30.484835,50.512117],[30.484894,50.512162],[30.484958,50.512205],[30.485025,50.512245],[30.485097,50.512282],[30.485172,50.512316],[30.485251,50.512346],[30.485333,50.512374],[30.485417,50.512398],[30.485504,50.512418],[30.485592,50.512435],[30.485682,50.512448],[30.485773,50.512457],[30.485865,50.512462],[30.485957,50.512464],[30.486049,50.512462],[30.486141,50.512455],[30.486232,50.512446],[30.486265,50.51244],[30.486285,50.512492],[30.486312,50.512549],[30.486345,50.512603],[30.486384,50.512657],[30.486428,50.512709],[30.486477,50.512758],[30.486531,50.512806],[30.486539,50.512812],[30.486504,50.512849],[30.486462,50.512901],[30.486424,50.512954],[30.486392,50.51301],[30.486366,50.513066],[30.486345,50.513123],[30.486331,50.513182],[30.486323,50.51324],[30.48632,50.513299],[30.486324,50.513358],[30.486333,50.513416],[30.486349,50.513474],[30.486371,50.513531],[30.486398,50.513588],[30.486431,50.513642],[30.48647,50.513696],[30.486504,50.513736],[30.486486,50.513741],[30.486405,50.513769],[30.486327,50.513801],[30.486252,50.513835],[30.486181,50.513873],[30.486115,50.513914],[30.486052,50.513957],[30.485994,50.514002],[30.485941,50.51405],[30.485892,50.514101],[30.485849,50.514153],[30.485812,50.514206],[30.48578,50.514262],[30.485754,50.514318],[30.485733,50.514375],[30.485719,50.514434],[30.485711,50.514492],[30.485708,50.514551],[30.485712,50.51461],[30.485721,50.514668],[30.485737,50.514726],[30.485759,50.514783],[30.485786,50.51484],[30.485819,50.514894],[30.485858,50.514948],[30.485902,50.515],[30.485951,50.515049],[30.486005,50.515097],[30.486064,50.515142],[30.486128,50.515185],[30.486195,50.515225],[30.486267,50.515262],[30.486342,50.515296],[30.486421,50.515326],[30.486503,50.515354],[30.486587,50.515378],[30.486674,50.515398],[30.486762,50.515415],[30.486825,50.515424],[30.48682,50.515427],[30.486758,50.51547],[30.4867,50.515516],[30.486646,50.515564],[30.486598,50.515614],[30.486555,50.515666],[30.486518,50.51572],[30.486486,50.515775],[30.486459,50.515831],[30.486439,50.515889],[30.486425,50.515947],[30.486416,50.516005],[30.486414,50.516064],[30.486417,50.516123],[30.486427,50.516181],[30.486443,50.516239],[30.486464,50.516297],[30.486492,50.516353],[30.486525,50.516408],[30.486563,50.516461],[30.486607,50.516513],[30.486657,50.516562],[30.486711,50.51661],[30.48677,50.516655],[30.486833,50.516698],[30.486901,50.516738],[30.486973,50.516775],[30.487048,50.516809],[30.487127,50.51684],[30.487208,50.516867],[30.487293,50.516891],[30.487379,50.516911],[30.487468,50.516928],[30.487558,50.516941],[30.487649,50.51695],[30.487741,50.516956],[30.487833,50.516957],[30.487925,50.516955],[30.488017,50.516949],[30.488108,50.516939],[30.488198,50.516925],[30.488286,50.516907],[30.488372,50.516886],[30.488456,50.516862],[30.488537,50.516834],[30.488615,50.516802],[30.488689,50.516768],[30.48876,50.51673],[30.488827,50.51669],[30.48889,50.516646],[30.488948,50.516601],[30.489001,50.516553],[30.489049,50.516503],[30.489092,50.51645],[30.48913,50.516397],[30.489162,50.516342],[30.489188,50.516285],[30.489208,50.516228],[30.489223,50.51617],[30.489231,50.516111],[30.489234,50.516052],[30.48923,50.515993],[30.489224,50.515958],[30.489289,50.515943],[30.489372,50.515918],[30.489453,50.51589],[30.489531,50.515859],[30.489606,50.515824],[30.489677,50.515786],[30.489744,50.515746],[30.489807,50.515703],[30.489865,50.515657],[30.489918,50.515609],[30.489966,50.515559],[30.490009,50.515507],[30.490047,50.515453],[30.490078,50.515398],[30.490105,50.515341],[30.490125,50.515284],[30.490139,50.515226],[30.490148,50.515167],[30.49015,50.515108],[30.490147,50.51505],[30.490137,50.514991],[30.490121,50.514933],[30.4901,50.514876],[30.490073,50.51482],[30.490039,50.514765],[30.490001,50.514711],[30.489957,50.51466],[30.489908,50.51461],[30.489855,50.514564],[30.489942,50.514546],[30.490028,50.514525],[30.490112,50.514501],[30.490193,50.514473],[30.490271,50.514441],[30.490346,50.514407],[30.490364,50.514397],[30.490327,50.514435],[30.490284,50.514487],[30.490247,50.51454],[30.490215,50.514596],[30.490189,50.514652],[30.490168,50.514709],[30.490154,50.514768],[30.490146,50.514826],[30.490143,50.514885],[30.490147,50.514944],[30.490156,50.515002],[30.490172,50.51506],[30.490194,50.515117],[30.490221,50.515174],[30.490254,50.515228],[30.490293,50.515282],[30.490337,50.515334],[30.490386,50.515383],[30.49044,50.515431],[30.490499,50.515476],[30.490563,50.515519],[30.49063,50.515559],[30.490702,50.515596],[30.490777,50.51563],[30.490856,50.51566],[30.490938,50.515688],[30.491022,50.515712],[30.491109,50.515732],[30.491197,50.515749],[30.491287,50.515762],[30.491378,50.515771],[30.49147,50.515776],[30.491562,50.515778],[30.491655,50.515776],[30.491746,50.515769],[30.491837,50.515759],[30.491927,50.515746],[30.492015,50.515728],[30.492101,50.515707],[30.492185,50.515683],[30.492238,50.515664],[30.492246,50.515692],[30.492268,50.515749],[30.492295,50.515806],[30.492328,50.515861],[30.492367,50.515914],[30.492411,50.515966],[30.49246,50.516015],[30.492514,50.516063],[30.492573,50.516108],[30.492637,50.516151],[30.492704,50.516191],[30.492776,50.516228],[30.492852,50.516262],[30.49293,50.516292],[30.493012,50.51632],[30.493019,50.516322],[30.493018,50.516343],[30.493022,50.516402],[30.493031,50.51646],[30.493047,50.516518],[30.493069,50.516575],[30.493096,50.516632],[30.493129,50.516687],[30.493168,50.51674],[30.493212,50.516792],[30.493261,50.516841],[30.493308,50.516883],[30.49327,50.516882],[30.493177,50.516884],[30.493086,50.516891],[30.493059,50.516893],[30.493008,50.516867],[30.492933,50.516833],[30.492854,50.516803],[30.492772,50.516775],[30.492688,50.516751],[30.492601,50.516731],[30.492513,50.516714],[30.492423,50.516701],[30.492332,50.516692],[30.49224,50.516687],[30.492148,50.516685],[30.492055,50.516687],[30.491964,50.516694],[30.491873,50.516704],[30.491783,50.516717],[30.491695,50.516735],[30.491609,50.516756],[30.491525,50.51678],[30.491444,50.516808],[30.491366,50.51684],[30.491332,50.516856],[30.491309,50.516847],[30.491227,50.516819],[30.491143,50.516795],[30.491056,50.516775],[30.490968,50.516758],[30.490878,50.516745],[30.490787,50.516736],[30.490695,50.516731],[30.490603,50.516729],[30.49051,50.516731],[30.490419,50.516738],[30.490328,50.516748],[30.490238,50.516761],[30.49015,50.516779],[30.490064,50.5168],[30.48998,50.516824],[30.489899,50.516852],[30.489821,50.516884],[30.489746,50.516918],[30.489675,50.516956],[30.489608,50.516997],[30.489546,50.51704],[30.489488,50.517085],[30.489435,50.517134],[30.489386,50.517184],[30.489343,50.517236],[30.489306,50.517289],[30.489274,50.517345],[30.489248,50.517401],[30.489227,50.517458],[30.489213,50.517517],[30.489204,50.517575],[30.489202,50.517634],[30.489206,50.517693],[30.489215,50.517751],[30.489216,50.517754],[30.489184,50.517753],[30.489092,50.517755],[30.489,50.517762],[30.488909,50.517771],[30.488819,50.517785],[30.488731,50.517803],[30.488645,50.517824],[30.488561,50.517848],[30.48848,50.517876],[30.488402,50.517908],[30.488327,50.517942],[30.488256,50.51798],[30.488189,50.518021],[30.488127,50.518064],[30.488069,50.518109],[30.488016,50.518158],[30.487967,50.518208],[30.487924,50.51826],[30.487887,50.518313],[30.487855,50.518369],[30.487829,50.518425],[30.487808,50.518482],[30.487794,50.518541],[30.487785,50.518599],[30.487783,50.518658],[30.487787,50.518717],[30.487796,50.518775],[30.487812,50.518832],[30.487761,50.518833],[30.487669,50.51884],[30.487578,50.518849],[30.487488,50.518863],[30.4874,50.518881],[30.487314,50.518902],[30.48723,50.518926],[30.487149,50.518954],[30.487071,50.518986],[30.486996,50.51902],[30.486925,50.519058],[30.486858,50.519099],[30.486796,50.519142],[30.486738,50.519187],[30.486685,50.519235],[30.486636,50.519286],[30.486593,50.519338],[30.486556,50.519391],[30.486524,50.519447],[30.486498,50.519503],[30.486477,50.51956],[30.486463,50.519619],[30.486454,50.519677],[30.486452,50.519736],[30.486456,50.519795],[30.486465,50.519853],[30.486481,50.519911],[30.486502,50.519968],[30.48653,50.520025],[30.486563,50.520079],[30.486602,50.520133],[30.486612,50.520145],[30.486564,50.520187],[30.486516,50.520238],[30.486473,50.52029],[30.486436,50.520343],[30.486404,50.520399],[30.486378,50.520455],[30.486357,50.520512],[30.486343,50.520571],[30.486334,50.520629],[30.486332,50.520688],[30.486336,50.520747],[30.486345,50.520805],[30.486361,50.520863],[30.486382,50.52092],[30.48641,50.520977],[30.486443,50.521031],[30.486481,50.521085],[30.486526,50.521137],[30.486575,50.521186],[30.486629,50.521234],[30.486688,50.521279],[30.486752,50.521322],[30.486819,50.521362],[30.486891,50.521399],[30.486966,50.521433],[30.487045,50.521463],[30.487127,50.521491],[30.487211,50.521515],[30.487298,50.521535],[30.487386,50.521552],[30.487476,50.521565],[30.487567,50.521574],[30.487659,50.521579],[30.487751,50.521581],[30.487843,50.521579],[30.487935,50.521572],[30.488026,50.521563],[30.488116,50.521549],[30.488204,50.521531],[30.48829,50.52151],[30.488359,50.52149],[30.488285,50.52152],[30.48821,50.521554],[30.488139,50.521592],[30.488072,50.521633],[30.48801,50.521676],[30.487952,50.521721],[30.487898,50.52177],[30.48785,50.52182],[30.487807,50.521872],[30.48777,50.521925],[30.487738,50.521981],[30.487712,50.522037],[30.487691,50.522094],[30.487677,50.522153],[30.487668,50.522211],[30.487666,50.52227],[30.487667,50.522282],[30.487663,50.522285],[30.487653,50.522275],[30.487599,50.522227],[30.48754,50.522182],[30.487477,50.522139],[30.487409,50.522099],[30.487337,50.522062],[30.487262,50.522028],[30.487183,50.521998],[30.487101,50.52197],[30.487017,50.521946],[30.486931,50.521926],[30.486842,50.521909],[30.486752,50.521896],[30.486661,50.521887],[30.486569,50.521882],[30.486477,50.52188],[30.486385,50.521882],[30.486293,50.521889],[30.486202,50.521898],[30.486112,50.521912],[30.486024,50.52193],[30.485938,50.521951],[30.485854,50.521975],[30.485773,50.522003],[30.485695,50.522035],[30.48562,50.522069],[30.485549,50.522107],[30.485482,50.522148],[30.48542,50.522191],[30.485362,50.522236],[30.485308,50.522284],[30.48526,50.522335],[30.485217,50.522387],[30.48518,50.52244],[30.485148,50.522496],[30.485122,50.522552],[30.485101,50.522609],[30.485087,50.522667],[30.485078,50.522726],[30.485076,50.522785],[30.48508,50.522844],[30.485089,50.522902],[30.485105,50.52296],[30.485126,50.523017],[30.485154,50.523074],[30.485187,50.523128],[30.485225,50.523182],[30.485269,50.523234],[30.485319,50.523283],[30.485373,50.523331],[30.485432,50.523376],[30.485495,50.523419],[30.485563,50.523459],[30.485635,50.523496],[30.48571,50.52353],[30.485789,50.52356],[30.485871,50.523588],[30.485955,50.523612],[30.486041,50.523632],[30.48613,50.523649],[30.48622,50.523662],[30.486311,50.523671],[30.486403,50.523676],[30.486495,50.523678],[30.486587,50.523676],[30.486679,50.523669],[30.48677,50.52366],[30.48686,50.523646],[30.486948,50.523628],[30.486958,50.523626],[30.48696,50.52363],[30.487004,50.523682],[30.487054,50.523731],[30.487108,50.523779],[30.487167,50.523824],[30.48723,50.523867],[30.487298,50.523907],[30.48737,50.523944],[30.487445,50.523978],[30.487524,50.524008],[30.487592,50.524031],[30.48755,50.524068],[30.487502,50.524119],[30.487459,50.524171],[30.487422,50.524224],[30.48739,50.52428],[30.487364,50.524336],[30.487343,50.524393],[30.487329,50.524452],[30.48732,50.52451],[30.487318,50.524569],[30.487322,50.524628],[30.487331,50.524686],[30.487347,50.524744],[30.487368,50.524801],[30.487396,50.524858],[30.487429,50.524912],[30.487467,50.524966],[30.487511,50.525018],[30.487561,50.525067],[30.487615,50.525115],[30.487674,50.52516],[30.487737,50.525203],[30.487805,50.525243],[30.487877,50.52528],[30.487952,50.525314],[30.488031,50.525344],[30.488113,50.525372],[30.488197,50.525396],[30.488284,50.525416],[30.488372,50.525433],[30.488462,50.525446],[30.488553,50.525455],[30.488645,50.52546],[30.488737,50.525462],[30.48883,50.52546],[30.488921,50.525453],[30.488955,50.52545],[30.488964,50.525463],[30.489008,50.525515],[30.489058,50.525564],[30.489112,50.525612],[30.489171,50.525657],[30.489234,50.5257],[30.489302,50.52574],[30.489374,50.525777],[30.489449,50.525811],[30.489528,50.525841],[30.48961,50.525869],[30.489694,50.525893],[30.489781,50.525913],[30.489869,50.52593],[30.489959,50.525943],[30.49005,50.525952],[30.490142,50.525957],[30.490234,50.525959],[30.490327,50.525957],[30.490418,50.52595],[30.490509,50.52594],[30.490599,50.525927],[30.490687,50.525909],[30.490773,50.525888],[30.490857,50.525864],[30.490938,50.525836],[30.491016,50.525804],[30.491091,50.52577],[30.491162,50.525732],[30.491229,50.525691],[30.491291,50.525648],[30.491349,50.525603],[30.491403,50.525554],[30.491451,50.525504],[30.491465,50.525487],[30.491498,50.525482],[30.491586,50.525464],[30.491672,50.525443],[30.491756,50.525419],[30.491759,50.525417],[30.49177,50.525433],[30.491814,50.525485],[30.491864,50.525534],[30.491918,50.525582],[30.491977,50.525627],[30.49204,50.52567],[30.492108,50.52571],[30.49218,50.525747],[30.492255,50.525781],[30.492334,50.525811],[30.492416,50.525839],[30.4925,50.525863],[30.492587,50.525883],[30.492675,50.5259],[30.492765,50.525913],[30.492856,50.525922],[30.492948,50.525927],[30.49304,50.525929],[30.493133,50.525927],[30.493224,50.52592],[30.493315,50.52591],[30.493405,50.525897],[30.493493,50.525879],[30.493579,50.525858],[30.493663,50.525834],[30.493744,50.525806],[30.493822,50.525774],[30.493897,50.52574],[30.493968,50.525702],[30.494035,50.525661],[30.494097,50.525618],[30.494155,50.525572],[30.494209,50.525524],[30.494257,50.525474],[30.4943,50.525422],[30.494337,50.525368],[30.494369,50.525313],[30.494392,50.525265],[30.494398,50.525283],[30.494426,50.52534],[30.494459,50.525395],[30.494497,50.525448],[30.494541,50.5255],[30.494591,50.525549],[30.494645,50.525597],[30.494704,50.525642],[30.494768,50.525685],[30.494835,50.525725],[30.494907,50.525762],[30.494982,50.525796],[30.495061,50.525826],[30.495143,50.525854],[30.495227,50.525878],[30.495314,50.525898],[30.495402,50.525915],[30.495492,50.525928],[30.495583,50.525937],[30.495675,50.525942],[30.495767,50.525944],[30.49586,50.525942],[30.495951,50.525935],[30.496042,50.525925],[30.496132,50.525912],[30.49622,50.525894],[30.496306,50.525873],[30.49639,50.525849],[30.496471,50.52582],[30.496549,50.525789],[30.496624,50.525755],[30.496695,50.525717],[30.496762,50.525676],[30.496824,50.525633],[30.496882,50.525587],[30.496936,50.525539],[30.496984,50.525489],[30.497027,50.525437],[30.497064,50.525383],[30.497096,50.525328],[30.497123,50.525272],[30.497143,50.525214],[30.497144,50.525211],[30.4972,50.525197],[30.497284,50.525173],[30.497365,50.525144],[30.497443,50.525113],[30.497518,50.525079],[30.497589,50.525041],[30.497656,50.525],[30.497718,50.524957],[30.497776,50.524911],[30.49783,50.524863],[30.497878,50.524813],[30.497911,50.524773],[30.497955,50.524772],[30.498046,50.524765],[30.498137,50.524755],[30.498227,50.524742],[30.498315,50.524724],[30.498401,50.524703],[30.498485,50.524679],[30.498566,50.52465],[30.498644,50.524619],[30.498719,50.524584],[30.49879,50.524547],[30.498857,50.524506],[30.498919,50.524463],[30.498977,50.524417],[30.499031,50.524369],[30.499079,50.524319],[30.499122,50.524267],[30.499159,50.524213],[30.499191,50.524158],[30.499218,50.524102],[30.499238,50.524044],[30.499252,50.523986],[30.499261,50.523928],[30.499263,50.523879],[30.499336,50.523864],[30.499368,50.523856],[30.499434,50.523863],[30.499526,50.523868],[30.499618,50.52387],[30.499711,50.523868],[30.499802,50.523861],[30.499893,50.523851],[30.499983,50.523838],[30.500071,50.52382],[30.500157,50.523799],[30.500241,50.523775],[30.500322,50.523746],[30.5004,50.523715],[30.500475,50.52368],[30.500546,50.523643],[30.500613,50.523602],[30.500675,50.523559],[30.500733,50.523513],[30.500787,50.523465],[30.500835,50.523415],[30.500878,50.523363],[30.500915,50.523309],[30.500947,50.523254],[30.500974,50.523198],[30.500994,50.52314],[30.501008,50.523082],[30.501017,50.523024],[30.501019,50.522965],[30.501015,50.522906],[30.501006,50.522848],[30.50099,50.52279],[30.500969,50.522732],[30.500941,50.522676],[30.500919,50.52264],[30.500944,50.522597],[30.50097,50.522541],[30.500991,50.522483],[30.501005,50.522425],[30.501014,50.522367],[30.501016,50.522308],[30.501012,50.522249],[30.501003,50.522191],[30.500987,50.522133],[30.500966,50.522075],[30.500938,50.522019],[30.500905,50.521964],[30.500866,50.521911],[30.500822,50.521859],[30.500773,50.52181],[30.500719,50.521762],[30.50066,50.521717],[30.500596,50.521674],[30.500529,50.521634],[30.500515,50.521627],[30.500515,50.521627],[30.500456,50.521582],[30.500392,50.521539],[30.500325,50.521499],[30.500253,50.521462],[30.500177,50.521428],[30.500099,50.521397],[30.500017,50.52137],[30.499933,50.521346],[30.499846,50.521326],[30.499758,50.521309],[30.499668,50.521296],[30.499577,50.521287],[30.499485,50.521282],[30.499393,50.52128],[30.4993,50.521282],[30.499215,50.521288],[30.499198,50.521281],[30.499116,50.521254],[30.499032,50.52123],[30.498945,50.52121],[30.498857,50.521193],[30.498767,50.52118],[30.498676,50.521171],[30.498584,50.521166],[30.498492,50.521164],[30.498399,50.521166],[30.498308,50.521173],[30.498217,50.521183],[30.498127,50.521196],[30.498039,50.521214],[30.497953,50.521235],[30.497869,50.521259],[30.497788,50.521288],[30.49771,50.521319],[30.497635,50.521354],[30.497564,50.521391],[30.497497,50.521432],[30.497435,50.521475],[30.497392,50.521509],[30.497346,50.521525],[30.497268,50.521556],[30.497193,50.521591],[30.497122,50.521628],[30.497055,50.521669],[30.496993,50.521712],[30.496935,50.521758],[30.496881,50.521806],[30.496833,50.521856],[30.49679,50.521908],[30.496753,50.521962],[30.496721,50.522017],[30.496695,50.522073],[30.496674,50.522131],[30.49666,50.522189],[30.496651,50.522247],[30.496649,50.522306],[30.496653,50.522365],[30.496662,50.522423],[30.496678,50.522481],[30.496687,50.522506],[30.496669,50.522537],[30.496643,50.522594],[30.496622,50.522651],[30.496608,50.522709],[30.4966,50.522768],[30.496597,50.522826],[30.496601,50.522885],[30.496611,50.522944],[30.496626,50.523002],[30.496648,50.523059],[30.496675,50.523115],[30.496708,50.52317],[30.496747,50.523223],[30.496791,50.523275],[30.496794,50.523282],[30.496787,50.523287],[30.496729,50.523333],[30.496675,50.523381],[30.496627,50.523431],[30.496594,50.523471],[30.49655,50.523472],[30.496459,50.523479],[30.496368,50.523489],[30.496278,50.523502],[30.496239,50.52351],[30.496214,50.523491],[30.49615,50.523448],[30.496083,50.523408],[30.496011,50.523371],[30.495936,50.523337],[30.495857,50.523307],[30.495775,50.523279],[30.495691,50.523255],[30.495604,50.523235],[30.495516,50.523218],[30.495426,50.523205],[30.495335,50.523196],[30.495243,50.523191],[30.495151,50.523189],[30.495058,50.523191],[30.494967,50.523198],[30.494876,50.523208],[30.494786,50.523221],[30.494698,50.523239],[30.494612,50.52326],[30.494528,50.523284],[30.494447,50.523313],[30.494369,50.523344],[30.494294,50.523378],[30.494223,50.523416],[30.494156,50.523457],[30.494094,50.5235],[30.494036,50.523546],[30.493982,50.523594],[30.493934,50.523644],[30.493891,50.523696],[30.493854,50.52375],[30.493822,50.523805],[30.493796,50.523861],[30.493783,50.523898],[30.493767,50.523856],[30.493739,50.523799],[30.493706,50.523744],[30.493668,50.523691],[30.493624,50.523639],[30.493574,50.52359],[30.49352,50.523542],[30.493461,50.523497],[30.493397,50.523454],[30.49333,50.523414],[30.493258,50.523377],[30.493183,50.523343],[30.493104,50.523313],[30.493022,50.523285],[30.492938,50.523261],[30.492851,50.523241],[30.492763,50.523224],[30.492673,50.523211],[30.492582,50.523202],[30.49249,50.523197],[30.492398,50.523195],[30.492305,50.523197],[30.492214,50.523204],[30.492123,50.523214],[30.492033,50.523227],[30.491945,50.523245],[30.491859,50.523266],[30.491775,50.52329],[30.491694,50.523318],[30.491616,50.52335],[30.491609,50.523353],[30.49162,50.523308],[30.491629,50.52325],[30.491631,50.523191],[30.49163,50.52318],[30.491631,50.52318],[30.491698,50.523139],[30.49176,50.523096],[30.491818,50.523051],[30.491872,50.523002],[30.49192,50.522952],[30.491963,50.5229],[30.492,50.522847],[30.492032,50.522791],[30.492058,50.522735],[30.492079,50.522678],[30.492093,50.522619],[30.492102,50.522561],[30.492104,50.522502],[30.4921,50.522443],[30.492091,50.522385],[30.492075,50.522327],[30.492054,50.52227],[30.492026,50.522213],[30.491993,50.522158],[30.491955,50.522105],[30.49191,50.522053],[30.491861,50.522004],[30.491807,50.521956],[30.491748,50.521911],[30.491684,50.521868],[30.491617,50.521828],[30.491545,50.521791],[30.49147,50.521757],[30.491391,50.521727],[30.491309,50.521699],[30.491225,50.521675],[30.491138,50.521655],[30.49105,50.521638],[30.49096,50.521625],[30.490869,50.521616],[30.490777,50.521611],[30.490685,50.521609],[30.490592,50.521611],[30.490501,50.521618],[30.49041,50.521628],[30.49032,50.521641],[30.490232,50.521659],[30.490147,50.52168],[30.49013,50.521667],[30.490066,50.521624],[30.489999,50.521584],[30.489927,50.521547],[30.489852,50.521513],[30.489773,50.521483],[30.489691,50.521455],[30.489607,50.521431],[30.48952,50.521411],[30.489432,50.521394],[30.489342,50.521381],[30.489251,50.521372],[30.489159,50.521367],[30.489067,50.521365],[30.488975,50.521367],[30.488883,50.521374],[30.488792,50.521384],[30.488702,50.521397],[30.488614,50.521415],[30.488528,50.521436],[30.488459,50.521456],[30.488533,50.521426],[30.488608,50.521392],[30.488679,50.521354],[30.488746,50.521313],[30.488808,50.52127],[30.488866,50.521225],[30.48892,50.521177],[30.488968,50.521126],[30.489011,50.521074],[30.489048,50.521021],[30.48908,50.520965],[30.489106,50.520909],[30.489127,50.520852],[30.489141,50.520793],[30.48915,50.520735],[30.489152,50.520676],[30.489148,50.520617],[30.489139,50.520559],[30.489123,50.520501],[30.489102,50.520444],[30.489074,50.520387],[30.489041,50.520333],[30.489003,50.520279],[30.488992,50.520267],[30.48904,50.520225],[30.489088,50.520174],[30.489131,50.520122],[30.489168,50.520069],[30.4892,50.520013],[30.489226,50.519957],[30.489247,50.5199],[30.489261,50.519841],[30.48927,50.519783],[30.489272,50.519724],[30.489268,50.519665],[30.489259,50.519607],[30.489243,50.51955],[30.489294,50.519549],[30.489386,50.519542],[30.489477,50.519533],[30.489567,50.519519],[30.489655,50.519501],[30.489741,50.51948],[30.489825,50.519456],[30.489906,50.519428],[30.489984,50.519396],[30.490059,50.519362],[30.49013,50.519324],[30.490197,50.519283],[30.490259,50.51924],[30.490317,50.519195],[30.490371,50.519146],[30.490419,50.519096],[30.490419,50.519096],[30.490434,50.519105],[30.490506,50.519142],[30.490581,50.519176],[30.490598,50.519182],[30.490574,50.519196],[30.490507,50.519236],[30.490444,50.519279],[30.490386,50.519325],[30.490333,50.519373],[30.490285,50.519423],[30.490242,50.519475],[30.490204,50.519529],[30.490172,50.519584],[30.490146,50.519641],[30.490126,50.519698],[30.490111,50.519756],[30.490103,50.519815],[30.4901,50.519873],[30.490104,50.519932],[30.490114,50.519991],[30.490129,50.520049],[30.490151,50.520106],[30.490178,50.520162],[30.490211,50.520217],[30.49025,50.52027],[30.490294,50.520322],[30.490343,50.520372],[30.490397,50.520419],[30.490456,50.520465],[30.49052,50.520507],[30.490588,50.520547],[30.490659,50.520584],[30.490735,50.520618],[30.490813,50.520649],[30.490895,50.520676],[30.490979,50.5207],[30.491066,50.520721],[30.491154,50.520737],[30.491244,50.52075],[30.491318,50.520758],[30.491364,50.520804],[30.491418,50.520852],[30.491477,50.520897],[30.491541,50.52094],[30.491608,50.52098],[30.49168,50.521017],[30.491755,50.521051],[30.491834,50.521081],[30.491916,50.521109],[30.492,50.521133],[30.492087,50.521153],[30.492175,50.52117],[30.492265,50.521183],[30.492356,50.521192],[30.492448,50.521197],[30.49254,50.521199],[30.492633,50.521197],[30.492724,50.52119],[30.492776,50.521185],[30.492742,50.52122],[30.492699,50.521272],[30.492662,50.521326],[30.49263,50.521381],[30.492604,50.521437],[30.492583,50.521494],[30.492569,50.521553],[30.49256,50.521611],[30.492558,50.52167],[30.492562,50.521729],[30.492571,50.521787],[30.492587,50.521845],[30.492608,50.521902],[30.492611,50.521908],[30.492598,50.521943],[30.492584,50.522002],[30.492575,50.52206],[30.492573,50.522119],[30.492577,50.522178],[30.492586,50.522236],[30.492602,50.522294],[30.492623,50.522351],[30.492651,50.522408],[30.492684,50.522463],[30.492723,50.522516],[30.492767,50.522568],[30.492816,50.522617],[30.49287,50.522665],[30.492929,50.52271],[30.492993,50.522753],[30.49306,50.522793],[30.493132,50.52283],[30.493207,50.522864],[30.493286,50.522894],[30.493368,50.522922],[30.493452,50.522946],[30.493539,50.522966],[30.493627,50.522983],[30.493717,50.522996],[30.493808,50.523005],[30.4939,50.52301],[30.493992,50.523012],[30.494085,50.52301],[30.494176,50.523003],[30.494267,50.522993],[30.494357,50.52298],[30.494445,50.522962],[30.494531,50.522941],[30.494615,50.522917],[30.494696,50.522889],[30.494774,50.522857],[30.494849,50.522823],[30.49492,50.522785],[30.494987,50.522744],[30.495049,50.522701],[30.495107,50.522655],[30.495161,50.522607],[30.495209,50.522557],[30.495252,50.522505],[30.495289,50.522451],[30.495321,50.522396],[30.495347,50.52234],[30.495368,50.522282],[30.495382,50.522224],[30.495391,50.522166],[30.495393,50.522107],[30.495389,50.522048],[30.49538,50.52199],[30.495364,50.521932],[30.495343,50.521875],[30.49534,50.521869],[30.495353,50.521833],[30.495367,50.521775],[30.495376,50.521717],[30.495377,50.521692],[30.495458,50.521711],[30.495546,50.521728],[30.495636,50.521741],[30.495727,50.52175],[30.495819,50.521755],[30.495911,50.521757],[30.496004,50.521755],[30.496095,50.521748],[30.496186,50.521738],[30.496276,50.521725],[30.496364,50.521707],[30.49645,50.521686],[30.496534,50.521662],[30.496615,50.521633],[30.496693,50.521602],[30.496768,50.521568],[30.496839,50.52153],[30.496906,50.521489],[30.496968,50.521446],[30.497026,50.5214],[30.497073,50.521358],[30.497138,50.521342],[30.497222,50.521318],[30.497303,50.521289],[30.497381,50.521258],[30.497456,50.521224],[30.497527,50.521186],[30.497594,50.521145],[30.497656,50.521102],[30.497714,50.521056],[30.497768,50.521008],[30.497816,50.520958],[30.497859,50.520906],[30.497896,50.520852],[30.497928,50.520797],[30.497954,50.520741],[30.497975,50.520683],[30.497989,50.520625],[30.497998,50.520567],[30.498,50.520508],[30.497996,50.520449],[30.497987,50.520391],[30.497971,50.520333],[30.49795,50.520276],[30.497922,50.520219],[30.497889,50.520164],[30.49785,50.520111],[30.497806,50.520059],[30.497757,50.52001],[30.497703,50.519962],[30.497644,50.519917],[30.49758,50.519874],[30.497513,50.519834],[30.497441,50.519797],[30.497366,50.519763],[30.497287,50.519732],[30.497205,50.519705],[30.497121,50.519681],[30.497034,50.519661],[30.496946,50.519644],[30.496856,50.519631],[30.496765,50.519622],[30.496673,50.519617],[30.496581,50.519615],[30.496575,50.519615],[30.49661,50.519584],[30.496658,50.519534],[30.496701,50.519482],[30.496738,50.519428],[30.49677,50.519373],[30.496796,50.519317],[30.496817,50.519259],[30.496831,50.519201],[30.49684,50.519143],[30.496842,50.519084],[30.496838,50.519025],[30.496838,50.519021],[30.496862,50.519014],[30.496943,50.518985],[30.497021,50.518954],[30.497096,50.51892],[30.497167,50.518882],[30.497234,50.518841],[30.497296,50.518798],[30.497354,50.518752],[30.497408,50.518704],[30.497456,50.518654],[30.497499,50.518602],[30.497536,50.518548],[30.497568,50.518493],[30.497594,50.518437],[30.497615,50.518379],[30.497629,50.518321],[30.497638,50.518263],[30.49764,50.518204],[30.497636,50.518145],[30.497627,50.518087],[30.497611,50.518029],[30.497589,50.517972],[30.497562,50.517915],[30.497529,50.51786],[30.49749,50.517807],[30.497446,50.517755],[30.497397,50.517706],[30.497343,50.517658],[30.497284,50.517613],[30.49722,50.51757],[30.497153,50.51753],[30.497081,50.517493],[30.497005,50.517459],[30.496927,50.517428],[30.496845,50.517401],[30.496761,50.517377],[30.496674,50.517357],[30.496586,50.51734],[30.496496,50.517327],[30.496405,50.517318],[30.496313,50.517313],[30.496221,50.517311],[30.496128,50.517313],[30.496037,50.51732],[30.495946,50.51733],[30.495856,50.517343],[30.495768,50.517361],[30.495682,50.517382],[30.495598,50.517406],[30.495517,50.517435],[30.495439,50.517466],[30.495364,50.5175],[30.495293,50.517538],[30.495226,50.517579],[30.495164,50.517622],[30.495106,50.517668],[30.495052,50.517716],[30.495004,50.517766],[30.494961,50.517818],[30.494924,50.517872],[30.494903,50.517908],[30.494892,50.517898],[30.494833,50.517853],[30.494769,50.51781],[30.494702,50.51777],[30.494688,50.517763],[30.494685,50.517716],[30.494676,50.517658],[30.49466,50.5176],[30.494638,50.517543],[30.494611,50.517486],[30.494578,50.517431],[30.494539,50.517378],[30.494495,50.517326],[30.494446,50.517277],[30.494399,50.517235],[30.494437,50.517236],[30.49453,50.517234],[30.494621,50.517227],[30.494712,50.517217],[30.494802,50.517204],[30.49489,50.517186],[30.494976,50.517165],[30.49506,50.517141],[30.495141,50.517112],[30.495219,50.517081],[30.495294,50.517047],[30.495365,50.517009],[30.495432,50.516968],[30.495494,50.516925],[30.495552,50.516879],[30.495606,50.516831],[30.495635,50.516801],[30.495636,50.516801],[30.495714,50.516831],[30.495796,50.516859],[30.49588,50.516883],[30.495967,50.516903],[30.496055,50.51692],[30.496145,50.516933],[30.496236,50.516942],[30.496328,50.516947],[30.49642,50.516949],[30.496513,50.516947],[30.496604,50.51694],[30.496695,50.51693],[30.496785,50.516917],[30.496873,50.516899],[30.496959,50.516878],[30.497043,50.516854],[30.497124,50.516825],[30.497202,50.516794],[30.497277,50.51676],[30.497348,50.516722],[30.497415,50.516681],[30.497477,50.516638],[30.497535,50.516592],[30.497589,50.516544],[30.497637,50.516494],[30.49768,50.516442],[30.497717,50.516388],[30.497749,50.516333],[30.497775,50.516277],[30.497796,50.516219],[30.49781,50.516161],[30.497818,50.516103],[30.497821,50.516044],[30.497817,50.515985],[30.497808,50.515927],[30.497792,50.515869],[30.49777,50.515812],[30.497743,50.515755],[30.49771,50.5157],[30.497671,50.515647],[30.497627,50.515595],[30.497578,50.515546],[30.497524,50.515498],[30.497465,50.515453],[30.497401,50.51541],[30.497333,50.51537],[30.497262,50.515333],[30.497186,50.515299],[30.497108,50.515268],[30.497026,50.515241],[30.496942,50.515217],[30.496855,50.515197],[30.496767,50.51518],[30.496677,50.515167],[30.496586,50.515158],[30.496518,50.515154],[30.496512,50.515134],[30.496491,50.515077],[30.496463,50.51502],[30.49643,50.514966],[30.496392,50.514912],[30.496348,50.51486],[30.496298,50.514811],[30.496244,50.514763],[30.496185,50.514718],[30.496122,50.514675],[30.496054,50.514635],[30.495982,50.514598],[30.495907,50.514564],[30.495828,50.514534],[30.495747,50.514506],[30.495662,50.514482],[30.495576,50.514462],[30.495501,50.514448],[30.495573,50.514423],[30.495651,50.514392],[30.495667,50.514384],[30.495683,50.514387],[30.495773,50.5144],[30.495864,50.514409],[30.495956,50.514415],[30.496048,50.514416],[30.49614,50.514414],[30.496232,50.514408],[30.496323,50.514398],[30.496412,50.514384],[30.496501,50.514367],[30.496587,50.514345],[30.49667,50.514321],[30.496752,50.514293],[30.49683,50.514261],[30.496904,50.514227],[30.496975,50.514189],[30.497042,50.514149],[30.497105,50.514105],[30.497163,50.51406],[30.497216,50.514012],[30.497264,50.513962],[30.497307,50.513909],[30.497322,50.513888],[30.497353,50.513897],[30.49744,50.513917],[30.497528,50.513934],[30.497618,50.513947],[30.497709,50.513956],[30.497801,50.513961],[30.497893,50.513963],[30.497986,50.513961],[30.498077,50.513954],[30.498168,50.513944],[30.498258,50.513931],[30.498346,50.513913],[30.498432,50.513892],[30.498516,50.513868],[30.498597,50.513839],[30.498604,50.513837],[30.498608,50.513839],[30.49869,50.513866],[30.498774,50.51389],[30.498861,50.51391],[30.498867,50.513911],[30.498883,50.513944],[30.498916,50.513999],[30.498955,50.514052],[30.498999,50.514104],[30.499048,50.514153],[30.499102,50.514201],[30.499161,50.514246],[30.499225,50.514289],[30.499293,50.514329],[30.499364,50.514366],[30.49944,50.5144],[30.499518,50.514431],[30.4996,50.514458],[30.499684,50.514482],[30.499771,50.514502],[30.499859,50.514519],[30.499949,50.514532],[30.50004,50.514541],[30.500086,50.514544],[30.500095,50.514599],[30.500111,50.514657],[30.500132,50.514714],[30.50016,50.514771],[30.500193,50.514826],[30.500231,50.514879],[30.500275,50.514931],[30.500325,50.51498],[30.500379,50.515028],[30.500438,50.515073],[30.500501,50.515116],[30.500569,50.515156],[30.500641,50.515193],[30.500716,50.515227],[30.500795,50.515257],[30.500877,50.515285],[30.500961,50.515309],[30.501047,50.515329],[30.501136,50.515346],[30.501226,50.515359],[30.501317,50.515368],[30.501409,50.515373],[30.501501,50.515375],[30.501593,50.515373],[30.501685,50.515366],[30.501776,50.515356],[30.501786,50.515355],[30.501789,50.515363],[30.501816,50.515419],[30.501849,50.515474],[30.501888,50.515528],[30.501932,50.515579],[30.501981,50.515629],[30.502035,50.515677],[30.502094,50.515722],[30.502158,50.515765],[30.502226,50.515805],[30.502297,50.515842],[30.502373,50.515876],[30.502451,50.515906],[30.502533,50.515934],[30.502617,50.515958],[30.502704,50.515978],[30.502782,50.515993],[30.502748,50.515992],[30.502656,50.515994],[30.502565,50.516001],[30.502474,50.516011],[30.502384,50.516024],[30.502296,50.516042],[30.50221,50.516063],[30.502126,50.516087],[30.502045,50.516116],[30.501967,50.516147],[30.501892,50.516182],[30.501821,50.516219],[30.501754,50.51626],[30.501692,50.516303],[30.501634,50.516349],[30.50158,50.516397],[30.501532,50.516447],[30.501489,50.516499],[30.501452,50.516553],[30.50142,50.516608],[30.501394,50.516664],[30.501373,50.516722],[30.501359,50.51678],[30.501351,50.516838],[30.501348,50.516897],[30.501352,50.516956],[30.501361,50.517014],[30.501377,50.517072],[30.50139,50.517106],[30.501364,50.517108],[30.501273,50.517118],[30.501183,50.517131],[30.501095,50.517149],[30.501009,50.51717],[30.500925,50.517194],[30.500844,50.517223],[30.500766,50.517254],[30.500691,50.517289],[30.50062,50.517326],[30.500553,50.517367],[30.500491,50.51741],[30.500433,50.517456],[30.500379,50.517504],[30.500331,50.517554],[30.500288,50.517606],[30.500251,50.51766],[30.500219,50.517715],[30.500193,50.517771],[30.500172,50.517829],[30.500158,50.517887],[30.500149,50.517945],[30.500147,50.518004],[30.500151,50.518063],[30.50016,50.518121],[30.500176,50.518179],[30.500198,50.518237],[30.500225,50.518293],[30.500258,50.518348],[30.500297,50.518401],[30.500341,50.518453],[30.50039,50.518502],[30.500444,50.51855],[30.500503,50.518595],[30.500567,50.518638],[30.500635,50.518678],[30.500706,50.518715],[30.500782,50.518749],[30.50086,50.51878],[30.500942,50.518807],[30.501026,50.518831],[30.501113,50.518851],[30.501201,50.518868],[30.501291,50.518881],[30.501382,50.51889],[30.501474,50.518895],[30.501567,50.518897],[30.501659,50.518895],[30.50175,50.518888],[30.501841,50.518878],[30.501931,50.518865],[30.502019,50.518847],[30.502105,50.518826],[30.502189,50.518802],[30.50227,50.518773],[30.502348,50.518742],[30.502423,50.518707],[30.502494,50.51867],[30.502561,50.518629],[30.502623,50.518586],[30.502681,50.51854],[30.502735,50.518492],[30.502783,50.518442],[30.502826,50.51839],[30.502863,50.518336],[30.502895,50.518281],[30.502921,50.518225],[30.502942,50.518167],[30.502956,50.518109],[30.502965,50.518051],[30.502967,50.517992],[30.502963,50.517933],[30.502954,50.517875],[30.502938,50.517817],[30.502925,50.517783],[30.502952,50.517781],[30.503042,50.517771],[30.503132,50.517758],[30.503137,50.517757],[30.503161,50.517773],[30.503229,50.517813],[30.5033,50.51785],[30.503376,50.517884],[30.503454,50.517915],[30.503536,50.517942],[30.50362,50.517966],[30.503707,50.517986],[30.503795,50.518003],[30.503885,50.518016],[30.503976,50.518025],[30.504068,50.51803],[30.504161,50.518032],[30.504253,50.51803],[30.504345,50.518023],[30.504435,50.518013],[30.504525,50.518],[30.504613,50.517982],[30.504699,50.517961],[30.504783,50.517937],[30.504864,50.517908],[30.504942,50.517877],[30.505017,50.517842],[30.505088,50.517805],[30.505155,50.517764],[30.505217,50.517721],[30.505275,50.517675],[30.505329,50.517627],[30.505377,50.517577],[30.50542,50.517525],[30.505457,50.517471],[30.505489,50.517416],[30.505515,50.51736],[30.505536,50.517302],[30.50555,50.517244],[30.505559,50.517186],[30.505561,50.517127],[30.505557,50.517068],[30.505548,50.51701],[30.505532,50.516952],[30.50551,50.516894],[30.505483,50.516838],[30.50545,50.516783],[30.505411,50.51673],[30.505367,50.516678],[30.505318,50.516629],[30.505264,50.516581],[30.505205,50.516536],[30.505141,50.516493],[30.505073,50.516453],[30.505002,50.516416],[30.504926,50.516382],[30.504848,50.516351],[30.504766,50.516324],[30.504682,50.5163],[30.504595,50.51628],[30.504507,50.516263],[30.504417,50.51625],[30.504326,50.516241],[30.504234,50.516236],[30.504141,50.516234],[30.504049,50.516236],[30.503957,50.516243],[30.503867,50.516253],[30.503777,50.516266],[30.503772,50.516267],[30.503748,50.516251],[30.50368,50.516211],[30.503609,50.516174],[30.503533,50.51614],[30.503455,50.516109],[30.503373,50.516082],[30.503289,50.516058],[30.503202,50.516038],[30.503124,50.516023],[30.503158,50.516024],[30.50325,50.516021],[30.503342,50.516015],[30.503432,50.516005],[30.503522,50.515991],[30.50361,50.515974],[30.503696,50.515953],[30.50378,50.515928],[30.503861,50.5159],[30.503939,50.515869],[30.504014,50.515834],[30.504085,50.515797],[30.504152,50.515756],[30.504214,50.515713],[30.504272,50.515667],[30.504326,50.515619],[30.504374,50.515569],[30.504417,50.515517],[30.504452,50.515467],[30.504529,50.515468],[30.504621,50.515466],[30.504713,50.515459],[30.504803,50.515449],[30.504893,50.515436],[30.504981,50.515418],[30.505067,50.515397],[30.505151,50.515373],[30.505232,50.515344],[30.50531,50.515313],[30.505385,50.515278],[30.505456,50.515241],[30.505523,50.5152],[30.505585,50.515157],[30.505643,50.515111],[30.505697,50.515063],[30.505745,50.515013],[30.505788,50.514961],[30.505825,50.514907],[30.505857,50.514852],[30.505883,50.514796],[30.505904,50.514738],[30.505916,50.514689],[30.505994,50.514715],[30.506078,50.514739],[30.506165,50.514759],[30.506253,50.514776],[30.506343,50.514789],[30.506435,50.514798],[30.506526,50.514803],[30.506604,50.514805],[30.506601,50.514828],[30.506598,50.514887],[30.506602,50.514946],[30.506611,50.515004],[30.506627,50.515062],[30.506649,50.51512],[30.506654,50.51513],[30.506599,50.515127],[30.506506,50.515125],[30.506414,50.515127],[30.506322,50.515134],[30.506232,50.515144],[30.506142,50.515157],[30.506054,50.515175],[30.505968,50.515196],[30.505884,50.51522],[30.505803,50.515249],[30.505725,50.51528],[30.50565,50.515315],[30.505579,50.515352],[30.505512,50.515393],[30.50545,50.515436],[30.505392,50.515482],[30.505338,50.51553],[30.50529,50.51558],[30.505247,50.515632],[30.50521,50.515686],[30.505178,50.515741],[30.505152,50.515797],[30.505131,50.515855],[30.505117,50.515913],[30.505109,50.515971],[30.505106,50.51603],[30.50511,50.516089],[30.505119,50.516147],[30.505135,50.516205],[30.505157,50.516263],[30.505184,50.516319],[30.505217,50.516374],[30.505256,50.516427],[30.5053,50.516479],[30.505349,50.516529],[30.505403,50.516576],[30.505462,50.516621],[30.505526,50.516664],[30.505594,50.516704],[30.505665,50.516741],[30.505741,50.516775],[30.505819,50.516806],[30.505901,50.516833],[30.505985,50.516857],[30.505988,50.516858],[30.505966,50.516869],[30.505899,50.51691],[30.505837,50.516953],[30.505779,50.516999],[30.505725,50.517047],[30.505677,50.517097],[30.505634,50.517149],[30.505597,50.517203],[30.505565,50.517258],[30.505539,50.517314],[30.505518,50.517372],[30.505504,50.51743],[30.505495,50.517488],[30.505493,50.517547],[30.505497,50.517606],[30.505506,50.517664],[30.505522,50.517722],[30.505544,50.51778],[30.505571,50.517836],[30.505604,50.517891],[30.505643,50.517944],[30.505687,50.517996],[30.505736,50.518046],[30.50579,50.518093],[30.505849,50.518138],[30.505852,50.51814],[30.505794,50.518175],[30.505732,50.518218],[30.505674,50.518264],[30.50562,50.518312],[30.505572,50.518362],[30.505529,50.518414],[30.505492,50.518468],[30.50546,50.518523],[30.505434,50.518579],[30.505413,50.518637],[30.505399,50.518695],[30.50539,50.518753],[30.50539,50.518768],[30.505362,50.518772],[30.505274,50.51879],[30.505188,50.518811],[30.505104,50.518835],[30.505023,50.518864],[30.504945,50.518895],[30.50487,50.51893],[30.504799,50.518967],[30.504732,50.519008],[30.50467,50.519051],[30.504612,50.519097],[30.504558,50.519145],[30.50451,50.519195],[30.504467,50.519247],[30.504447,50.519275],[30.504418,50.519258],[30.504346,50.519221],[30.504271,50.519187],[30.504192,50.519157],[30.504111,50.519129],[30.504026,50.519105],[30.50394,50.519085],[30.503851,50.519068],[30.503761,50.519055],[30.50367,50.519046],[30.503578,50.519041],[30.503486,50.519039],[30.503394,50.519042],[30.50332,50.519046],[30.50331,50.519041],[30.503234,50.519007],[30.503156,50.518976],[30.503074,50.518949],[30.50299,50.518925],[30.502903,50.518905],[30.502815,50.518888],[30.502725,50.518875],[30.502634,50.518866],[30.502542,50.518861],[30.502449,50.518859],[30.502357,50.518861],[30.502266,50.518868],[30.502175,50.518878],[30.502085,50.518891],[30.501997,50.518909],[30.501911,50.51893],[30.501827,50.518954],[30.501746,50.518983],[30.501668,50.519014],[30.501593,50.519049],[30.501522,50.519086],[30.501455,50.519127],[30.501393,50.51917],[30.501335,50.519216],[30.501281,50.519264],[30.501233,50.519314],[30.50119,50.519366],[30.501153,50.51942],[30.501121,50.519475],[30.501095,50.519531],[30.501074,50.519589],[30.50106,50.519647],[30.501051,50.519705],[30.501049,50.519764],[30.501053,50.519823],[30.501062,50.519881],[30.501078,50.519939],[30.5011,50.519997],[30.501127,50.520053],[30.50116,50.520108],[30.501199,50.520161],[30.501243,50.520213],[30.501292,50.520262],[30.501346,50.52031],[30.501405,50.520355],[30.501469,50.520398],[30.501537,50.520438],[30.501608,50.520475],[30.501684,50.520509],[30.501762,50.52054],[30.501844,50.520567],[30.501928,50.520591],[30.502015,50.520611],[30.502103,50.520628],[30.502193,50.520641],[30.502284,50.52065],[30.502363,50.520655],[30.502376,50.520662],[30.502447,50.520699],[30.502523,50.520733],[30.502601,50.520764],[30.502683,50.520791],[30.502767,50.520815],[30.502854,50.520835],[30.502942,50.520852],[30.503032,50.520865],[30.503123,50.520874],[30.503215,50.520879],[30.503308,50.520881],[30.5034,50.520879],[30.503492,50.520872],[30.503582,50.520862],[30.503672,50.520849],[30.50376,50.520831],[30.503846,50.52081],[30.503859,50.520807],[30.50387,50.520805],[30.503958,50.520787],[30.504044,50.520766],[30.504128,50.520742],[30.504209,50.520714],[30.504287,50.520682],[30.504362,50.520648],[30.504432,50.52061],[30.504499,50.520569],[30.504562,50.520526],[30.50462,50.520481],[30.504673,50.520432],[30.504722,50.520382],[30.504764,50.52033],[30.504784,50.520302],[30.504814,50.520319],[30.504885,50.520356],[30.504961,50.52039],[30.505039,50.520421],[30.505121,50.520448],[30.505183,50.520466],[30.505192,50.520498],[30.505214,50.520556],[30.505241,50.520612],[30.505274,50.520667],[30.505313,50.52072],[30.505357,50.520772],[30.505406,50.520822],[30.50546,50.520869],[30.505519,50.520914],[30.505583,50.520957],[30.505651,50.520997],[30.505722,50.521034],[30.505733,50.521039],[30.505737,50.521096],[30.505746,50.521154],[30.50576,50.521204],[30.505696,50.521189],[30.505608,50.521172],[30.505518,50.521159],[30.505427,50.52115],[30.505335,50.521145],[30.505242,50.521143],[30.50515,50.521145],[30.505058,50.521152],[30.504968,50.521162],[30.504878,50.521175],[30.50479,50.521193],[30.504704,50.521214],[30.50462,50.521238],[30.504539,50.521267],[30.504461,50.521298],[30.504386,50.521333],[30.504315,50.52137],[30.504248,50.521411],[30.504186,50.521454],[30.504128,50.5215],[30.504074,50.521548],[30.504026,50.521598],[30.503983,50.52165],[30.503946,50.521704],[30.503914,50.521759],[30.503888,50.521815],[30.503867,50.521873],[30.503853,50.521931],[30.503844,50.521989],[30.503842,50.522048],[30.503846,50.522107],[30.503855,50.522165],[30.503871,50.522223],[30.503892,50.522281],[30.50392,50.522337],[30.503953,50.522392],[30.503992,50.522445],[30.504036,50.522497],[30.504085,50.522546],[30.504139,50.522594],[30.504198,50.522639],[30.504262,50.522682],[30.504329,50.522722],[30.504401,50.522759],[30.504477,50.522793],[30.504555,50.522824],[30.504637,50.522851],[30.504721,50.522875],[30.504808,50.522895],[30.504896,50.522912],[30.504986,50.522925],[30.505077,50.522934],[30.505169,50.522939],[30.505262,50.522941],[30.505354,50.522939],[30.505446,50.522932],[30.505537,50.522922],[30.505626,50.522909],[30.505714,50.522891],[30.5058,50.52287],[30.505884,50.522846],[30.505965,50.522817],[30.506043,50.522786],[30.506118,50.522751],[30.506189,50.522714],[30.506256,50.522673],[30.506318,50.52263],[30.506377,50.522584],[30.50643,50.522536],[30.506478,50.522486],[30.506521,50.522434],[30.506558,50.52238],[30.50659,50.522325],[30.506617,50.522269],[30.506637,50.522211],[30.506651,50.522153],[30.50666,50.522095],[30.506662,50.522036],[30.506658,50.521977],[30.506649,50.521919],[30.506635,50.521869],[30.506699,50.521884],[30.506787,50.521901],[30.506877,50.521914],[30.506969,50.521923],[30.50706,50.521928],[30.507153,50.52193],[30.507245,50.521928],[30.507257,50.521927],[30.507286,50.521927],[30.507378,50.521925],[30.50747,50.521919],[30.507561,50.521909],[30.50765,50.521895],[30.507738,50.521878],[30.507825,50.521857],[30.507908,50.521832],[30.507989,50.521804],[30.508067,50.521772],[30.508142,50.521738],[30.508213,50.5217],[30.50828,50.52166],[30.508343,50.521616],[30.508401,50.521571],[30.508454,50.521523],[30.508502,50.521473],[30.508545,50.52142],[30.508582,50.521367],[30.508614,50.521311],[30.508641,50.521255],[30.508661,50.521198],[30.508675,50.52114],[30.508684,50.521081],[30.508686,50.521022],[30.508682,50.520963],[30.508673,50.520905],[30.508669,50.520891],[30.508682,50.520882],[30.508741,50.520836],[30.508794,50.520788],[30.508842,50.520738],[30.508885,50.520686],[30.508922,50.520632],[30.508954,50.520577],[30.50898,50.520521],[30.509001,50.520463],[30.509015,50.520405],[30.509024,50.520347],[30.509026,50.520288],[30.509022,50.520229],[30.509013,50.520171],[30.508997,50.520113],[30.508975,50.520055],[30.508948,50.519999],[30.508915,50.519944],[30.508876,50.519891],[30.508832,50.519839],[30.508783,50.519789],[30.508729,50.519742],[30.50867,50.519697],[30.508606,50.519654],[30.508538,50.519614],[30.508467,50.519577],[30.508391,50.519543],[30.508313,50.519512],[30.508304,50.519509],[30.508305,50.519479],[30.508301,50.51942],[30.508292,50.519362],[30.508276,50.519304],[30.508254,50.519246],[30.508227,50.51919],[30.508194,50.519135],[30.508155,50.519082],[30.508145,50.51907],[30.508162,50.519033],[30.508183,50.518975],[30.508197,50.518917],[30.508206,50.518859],[30.508208,50.5188],[30.508204,50.518741],[30.508195,50.518683],[30.508179,50.518625],[30.508157,50.518567],[30.50813,50.518511],[30.508097,50.518456],[30.508058,50.518403],[30.508014,50.518351],[30.507965,50.518301],[30.507911,50.518254],[30.507852,50.518209],[30.507849,50.518207],[30.507907,50.518172],[30.507969,50.518129],[30.508027,50.518083],[30.508081,50.518035],[30.508129,50.517985],[30.508172,50.517933],[30.508209,50.517879],[30.508241,50.517824],[30.508267,50.517768],[30.508288,50.51771],[30.508302,50.517652],[30.508311,50.517594],[30.508313,50.517535],[30.508309,50.517476],[30.5083,50.517418],[30.508284,50.51736],[30.508262,50.517302],[30.508235,50.517246],[30.508202,50.517191],[30.508163,50.517138],[30.508119,50.517086],[30.50807,50.517036],[30.508016,50.516989],[30.507957,50.516944],[30.507893,50.516901],[30.507825,50.516861],[30.507754,50.516824],[30.507678,50.51679],[30.5076,50.516759],[30.507518,50.516732],[30.507434,50.516708],[30.507431,50.516707],[30.507453,50.516696],[30.50752,50.516655],[30.507582,50.516612],[30.50764,50.516566],[30.507694,50.516518],[30.507742,50.516468],[30.507785,50.516416],[30.507822,50.516362],[30.507854,50.516307],[30.507878,50.516255],[30.507919,50.516303],[30.507968,50.516353],[30.508022,50.5164],[30.508081,50.516445],[30.508145,50.516488],[30.508213,50.516528],[30.508284,50.516565],[30.50836,50.516599],[30.508438,50.51663],[30.50852,50.516657],[30.508604,50.516681],[30.508691,50.516701],[30.508779,50.516718],[30.508869,50.516731],[30.508961,50.51674],[30.509052,50.516745],[30.509145,50.516747],[30.509237,50.516745],[30.509329,50.516738],[30.50942,50.516728],[30.509509,50.516715],[30.509597,50.516697],[30.509683,50.516676],[30.509767,50.516651],[30.509848,50.516623],[30.509926,50.516592],[30.510001,50.516557],[30.510072,50.51652],[30.510139,50.516479],[30.510201,50.516436],[30.510259,50.51639],[30.510313,50.516342],[30.510361,50.516292],[30.510404,50.51624],[30.510441,50.516186],[30.510473,50.516131],[30.510499,50.516075],[30.51052,50.516017],[30.510534,50.515959],[30.510542,50.515901],[30.510545,50.515842],[30.510541,50.515783],[30.510532,50.515725],[30.510516,50.515667],[30.510494,50.515609],[30.510467,50.515553],[30.510434,50.515498],[30.510395,50.515445],[30.510351,50.515393],[30.510302,50.515343],[30.510248,50.515296],[30.510189,50.515251],[30.510125,50.515208],[30.510057,50.515168],[30.509986,50.515131],[30.509953,50.515116],[30.510004,50.515092],[30.510075,50.515055],[30.510142,50.515014],[30.510204,50.514971],[30.510262,50.514925],[30.510316,50.514877],[30.510364,50.514827],[30.510407,50.514775],[30.510444,50.514721],[30.510476,50.514666],[30.510502,50.51461],[30.510523,50.514552],[30.510537,50.514494],[30.510545,50.514436],[30.510548,50.514377],[30.510544,50.514318],[30.510535,50.51426],[30.510519,50.514202],[30.510497,50.514144],[30.51047,50.514088],[30.510437,50.514033],[30.510398,50.51398],[30.510354,50.513928],[30.510305,50.513878],[30.510251,50.513831],[30.510192,50.513786],[30.510128,50.513743],[30.51006,50.513703],[30.509989,50.513666],[30.509913,50.513632],[30.509835,50.513601],[30.509753,50.513574],[30.509669,50.51355],[30.509582,50.51353],[30.509508,50.513516],[30.509503,50.513488],[30.509488,50.51343],[30.509466,50.513372],[30.509439,50.513316],[30.509406,50.513261],[30.509367,50.513208],[30.509323,50.513156],[30.509274,50.513106],[30.50922,50.513059],[30.509197,50.513042],[30.509239,50.513004],[30.509287,50.512954],[30.50933,50.512902],[30.509367,50.512848],[30.509399,50.512793],[30.509425,50.512737],[30.509446,50.51268],[30.50946,50.512621],[30.509468,50.512563],[30.509471,50.512504],[30.509467,50.512445],[30.509457,50.512387],[30.509448,50.512353],[30.509484,50.512331],[30.509546,50.512288],[30.509604,50.512242],[30.509658,50.512194],[30.509706,50.512144],[30.509749,50.512092],[30.509786,50.512038],[30.509796,50.512021],[30.509819,50.512019],[30.50991,50.512009],[30.509999,50.511996],[30.510087,50.511978],[30.510173,50.511957],[30.510257,50.511932],[30.510338,50.511904],[30.510416,50.511873],[30.510491,50.511838],[30.510562,50.511801],[30.510629,50.51176],[30.510691,50.511717],[30.510749,50.511671],[30.510803,50.511623],[30.510851,50.511573],[30.510894,50.511521],[30.510931,50.511467],[30.510963,50.511412],[30.510989,50.511356],[30.51101,50.511298],[30.511024,50.51124],[30.511032,50.511182],[30.511035,50.511123],[30.511031,50.511064],[30.511021,50.511006],[30.511006,50.510948],[30.510984,50.51089],[30.510957,50.510834],[30.510924,50.510779],[30.510885,50.510726],[30.510841,50.510674],[30.510792,50.510624],[30.510738,50.510577],[30.510678,50.510532],[30.510615,50.510489],[30.510547,50.510449],[30.510476,50.510412],[30.5104,50.510378],[30.510321,50.510347],[30.510266,50.510329],[30.510318,50.510281],[30.510367,50.510231],[30.51041,50.510179],[30.510447,50.510125],[30.510479,50.51007],[30.510505,50.510014],[30.510525,50.509956],[30.51054,50.509898],[30.510548,50.50984],[30.510551,50.509781],[30.510547,50.509722],[30.510537,50.509664],[30.510535,50.509655],[30.510595,50.509623],[30.510662,50.509582],[30.510724,50.509539],[30.510782,50.509493],[30.510835,50.509445],[30.510884,50.509395],[30.510927,50.509343],[30.51093,50.509339],[30.510944,50.509354],[30.510999,50.509401],[30.511058,50.509446],[30.511121,50.509489],[30.511189,50.509529],[30.511261,50.509566],[30.511329,50.509597],[30.511301,50.509622],[30.511253,50.509672],[30.51121,50.509724],[30.511173,50.509778],[30.511141,50.509833],[30.511115,50.509889],[30.511095,50.509947],[30.51108,50.510005],[30.511072,50.510063],[30.511069,50.510122],[30.511073,50.510181],[30.511083,50.510239],[30.511098,50.510297],[30.51112,50.510355],[30.511147,50.510411],[30.51118,50.510466],[30.511219,50.510519],[30.511263,50.510571],[30.511312,50.510621],[30.511367,50.510668],[30.511426,50.510713],[30.511489,50.510756],[30.511557,50.510796],[30.511629,50.510833],[30.511704,50.510867],[30.511783,50.510898],[30.511864,50.510925],[30.511949,50.510949],[30.512035,50.510969],[30.512124,50.510986],[30.512214,50.510999],[30.512305,50.511008],[30.512397,50.511013],[30.512489,50.511015],[30.512581,50.511013],[30.512673,50.511006],[30.512764,50.510996],[30.512853,50.510983],[30.512941,50.510965],[30.513027,50.510944],[30.513111,50.510919],[30.513192,50.510891],[30.51327,50.51086],[30.513345,50.510825],[30.513416,50.510788],[30.513483,50.510747],[30.513545,50.510704],[30.513603,50.510658],[30.513657,50.51061],[30.513705,50.51056],[30.513748,50.510508],[30.513785,50.510454],[30.513817,50.510399],[30.513843,50.510343],[30.513864,50.510285],[30.513878,50.510227],[30.513886,50.510169],[30.513889,50.51011],[30.513885,50.510051],[30.513875,50.509993],[30.51386,50.509935],[30.513838,50.509877],[30.513811,50.509821],[30.513778,50.509766],[30.513739,50.509713],[30.513695,50.509661],[30.513646,50.509611],[30.513591,50.509564],[30.513532,50.509519],[30.513469,50.509476],[30.513401,50.509436],[30.513329,50.509399],[30.513261,50.509368],[30.513289,50.509343],[30.513337,50.509293],[30.51338,50.509241],[30.513417,50.509187],[30.513449,50.509132],[30.513475,50.509076],[30.513495,50.509018],[30.51351,50.50896],[30.513518,50.508902],[30.513521,50.508843],[30.513517,50.508784],[30.513507,50.508726],[30.513492,50.508668],[30.51347,50.50861],[30.513443,50.508554],[30.513423,50.508521],[30.513453,50.508493],[30.513502,50.508443],[30.513545,50.508391],[30.513582,50.508337],[30.513614,50.508282],[30.51364,50.508226],[30.51366,50.508168],[30.513675,50.50811],[30.513683,50.508052],[30.513686,50.507993],[30.513682,50.507934],[30.513672,50.507876],[30.513657,50.507818],[30.513635,50.50776],[30.513608,50.507704],[30.513575,50.507649],[30.513536,50.507596],[30.513492,50.507544],[30.513443,50.507494],[30.513388,50.507447],[30.513329,50.507402],[30.513266,50.507359],[30.513244,50.507346],[30.513332,50.50734],[30.513423,50.50733],[30.513512,50.507317],[30.5136,50.507299],[30.513686,50.507278],[30.51377,50.507253],[30.513851,50.507225],[30.513929,50.507194],[30.514004,50.507159],[30.514075,50.507122],[30.514142,50.507081],[30.514204,50.507038],[30.514262,50.506992],[30.514315,50.506944],[30.514364,50.506894],[30.514407,50.506842],[30.514444,50.506788],[30.514476,50.506733],[30.514502,50.506677],[30.514522,50.506619],[30.514537,50.506561],[30.514545,50.506503],[30.514546,50.506492],[30.51459,50.506461],[30.514648,50.506415],[30.514701,50.506367],[30.51475,50.506317],[30.514793,50.506265],[30.51483,50.506211],[30.514862,50.506156],[30.514888,50.5061],[30.514908,50.506042],[30.514923,50.505984],[30.514931,50.505926],[30.514934,50.505867],[30.51493,50.505808],[30.51492,50.505749],[30.514905,50.505692],[30.514883,50.505634],[30.514856,50.505578],[30.514823,50.505523],[30.514784,50.50547],[30.51474,50.505418],[30.514691,50.505368],[30.514636,50.505321],[30.514577,50.505276],[30.514514,50.505233],[30.514446,50.505193],[30.514374,50.505156],[30.514299,50.505122],[30.51422,50.505091],[30.514139,50.505064],[30.514054,50.50504],[30.513968,50.50502],[30.513879,50.505003],[30.513789,50.50499],[30.513698,50.504981],[30.513606,50.504976],[30.513514,50.504974],[30.513422,50.504976],[30.51333,50.504983],[30.513239,50.504993],[30.51315,50.505006],[30.513062,50.505024],[30.512976,50.505045],[30.512892,50.50507],[30.512811,50.505098],[30.512733,50.505129],[30.512658,50.505164],[30.512587,50.505201],[30.51252,50.505242],[30.51247,50.505277],[30.512443,50.505277],[30.512351,50.505284],[30.51226,50.505294],[30.512171,50.505307],[30.512083,50.505325],[30.511997,50.505346],[30.511913,50.505371],[30.511832,50.505399],[30.511754,50.50543],[30.511683,50.505463],[30.511638,50.505462],[30.511546,50.505465],[30.511454,50.505471],[30.511363,50.505481],[30.511273,50.505494],[30.511185,50.505512],[30.511099,50.505533],[30.511015,50.505558],[30.510934,50.505586],[30.510856,50.505617],[30.510782,50.505652],[30.510711,50.505689],[30.510644,50.50573],[30.510581,50.505773],[30.510523,50.505819],[30.51047,50.505867],[30.510422,50.505917],[30.510379,50.505969],[30.510341,50.506023],[30.51031,50.506078],[30.510283,50.506134],[30.510263,50.506192],[30.510249,50.50625],[30.51024,50.506309],[30.510238,50.506367],[30.510242,50.506426],[30.510251,50.506485],[30.510267,50.506543],[30.510288,50.5066],[30.510316,50.506656],[30.510349,50.506711],[30.510388,50.506764],[30.510432,50.506816],[30.510481,50.506866],[30.510535,50.506913],[30.510594,50.506958],[30.510658,50.507001],[30.510725,50.507041],[30.510797,50.507078],[30.510872,50.507112],[30.510951,50.507143],[30.511033,50.50717],[30.511117,50.507194],[30.511137,50.507199],[30.511148,50.507206],[30.511216,50.507246],[30.511288,50.507283],[30.511361,50.507316],[30.511339,50.507327],[30.511272,50.507368],[30.51121,50.507411],[30.511152,50.507457],[30.511099,50.507505],[30.51105,50.507555],[30.511007,50.507607],[30.51097,50.507661],[30.510938,50.507716],[30.510912,50.507772],[30.510892,50.50783],[30.510877,50.507888],[30.510869,50.507946],[30.510866,50.508005],[30.51087,50.508064],[30.51088,50.508122],[30.510895,50.50818],[30.510917,50.508238],[30.510944,50.508294],[30.510964,50.508327],[30.510934,50.508355],[30.510885,50.508405],[30.510842,50.508457],[30.510839,50.508461],[30.510825,50.508446],[30.51077,50.508399],[30.510711,50.508354],[30.510648,50.508311],[30.51058,50.508271],[30.510508,50.508234],[30.510433,50.5082],[30.510354,50.508169],[30.510273,50.508142],[30.510189,50.508118],[30.510102,50.508098],[30.510013,50.508081],[30.509924,50.508068],[30.509832,50.508059],[30.509741,50.508054],[30.509648,50.508052],[30.509556,50.508054],[30.509464,50.508061],[30.509374,50.508071],[30.509369,50.508071],[30.509345,50.508061],[30.509266,50.50803],[30.509185,50.508002],[30.5091,50.507979],[30.509014,50.507958],[30.508925,50.507941],[30.508835,50.507929],[30.508744,50.507919],[30.508652,50.507914],[30.50856,50.507912],[30.508468,50.507915],[30.508376,50.507921],[30.508285,50.507931],[30.508271,50.507933],[30.508265,50.507931],[30.508178,50.507911],[30.50809,50.507894],[30.508,50.507881],[30.507908,50.507872],[30.507817,50.507867],[30.507724,50.507865],[30.507632,50.507867],[30.50754,50.507874],[30.507532,50.507874],[30.507518,50.507844],[30.507485,50.507789],[30.507446,50.507736],[30.507402,50.507684],[30.507353,50.507634],[30.507298,50.507587],[30.507239,50.507542],[30.507176,50.507499],[30.507108,50.507459],[30.507037,50.507422],[30.506961,50.507388],[30.506882,50.507357],[30.50681,50.507333],[30.506875,50.50732],[30.506961,50.507299],[30.507045,50.507274],[30.507126,50.507246],[30.507204,50.507215],[30.507279,50.50718],[30.50735,50.507143],[30.507393,50.507116],[30.507469,50.507124],[30.50756,50.507129],[30.507653,50.507131],[30.507745,50.507129],[30.507837,50.507122],[30.507927,50.507112],[30.508017,50.507099],[30.508105,50.507081],[30.508191,50.50706],[30.508275,50.507036],[30.508356,50.507007],[30.508434,50.506976],[30.508509,50.506941],[30.50858,50.506904],[30.508647,50.506863],[30.508709,50.50682],[30.508767,50.506774],[30.50882,50.506726],[30.508869,50.506676],[30.508911,50.506624],[30.508949,50.50657],[30.508981,50.506515],[30.509007,50.506459],[30.509027,50.506401],[30.509042,50.506343],[30.509104,50.506339],[30.509195,50.506329],[30.509285,50.506315],[30.509373,50.506298],[30.509459,50.506277],[30.509543,50.506252],[30.509624,50.506224],[30.509702,50.506193],[30.509776,50.506158],[30.509847,50.50612],[30.509914,50.50608],[30.509977,50.506037],[30.510035,50.505991],[30.510088,50.505943],[30.510136,50.505893],[30.510179,50.505841],[30.510216,50.505787],[30.510248,50.505732],[30.510275,50.505675],[30.510295,50.505618],[30.510309,50.50556],[30.510318,50.505501],[30.51032,50.505443],[30.510316,50.505384],[30.510307,50.505325],[30.510291,50.505267],[30.51027,50.50521],[30.510242,50.505154],[30.510209,50.505099],[30.51017,50.505046],[30.510126,50.504994],[30.510077,50.504944],[30.510023,50.504897],[30.509964,50.504851],[30.5099,50.504809],[30.509833,50.504769],[30.509768,50.504736],[30.509847,50.504708],[30.509925,50.504677],[30.51,50.504642],[30.510071,50.504605],[30.510138,50.504564],[30.5102,50.504521],[30.510258,50.504475],[30.510311,50.504427],[30.51036,50.504377],[30.510402,50.504325],[30.51044,50.504271],[30.510472,50.504216],[30.510498,50.50416],[30.510518,50.504102],[30.510533,50.504044],[30.510541,50.503986],[30.510544,50.503927],[30.51054,50.503868],[30.51053,50.50381],[30.510515,50.503752],[30.510493,50.503694],[30.510466,50.503638],[30.510433,50.503583],[30.510394,50.50353],[30.51035,50.503478],[30.510301,50.503428],[30.510246,50.503381],[30.510187,50.503336],[30.510124,50.503293],[30.510056,50.503253],[30.509984,50.503216],[30.509909,50.503182],[30.50983,50.503151],[30.509749,50.503124],[30.509664,50.5031],[30.509578,50.50308],[30.509489,50.503063],[30.5094,50.50305],[30.509308,50.503041],[30.509217,50.503036],[30.509124,50.503034],[30.509032,50.503036],[30.50894,50.503043],[30.50885,50.503053],[30.50876,50.503066],[30.508672,50.503084],[30.508586,50.503105],[30.508502,50.50313],[30.508421,50.503158],[30.508343,50.503189],[30.508268,50.503224],[30.508197,50.503261],[30.508173,50.503276],[30.508164,50.503268],[30.508148,50.503255],[30.508169,50.503242],[30.508232,50.503199],[30.50829,50.503153],[30.508343,50.503105],[30.508391,50.503055],[30.508434,50.503003],[30.508472,50.502949],[30.508504,50.502894],[30.50853,50.502838],[30.50855,50.50278],[30.508565,50.502722],[30.508573,50.502664],[30.508575,50.502605],[30.508572,50.502546],[30.508562,50.502488],[30.508547,50.50243],[30.508525,50.502372],[30.508498,50.502316],[30.508464,50.502261],[30.508426,50.502208],[30.508382,50.502156],[30.508333,50.502106],[30.508299,50.502077],[30.508353,50.502052],[30.508424,50.502014],[30.508491,50.501974],[30.508554,50.50193],[30.508612,50.501885],[30.508665,50.501837],[30.508713,50.501786],[30.508756,50.501734],[30.508794,50.501681],[30.508825,50.501625],[30.508852,50.501569],[30.508872,50.501512],[30.508886,50.501454],[30.508895,50.501395],[30.508897,50.501336],[30.508893,50.501277],[30.508884,50.501219],[30.508874,50.501181],[30.508948,50.501182],[30.509041,50.50118],[30.509132,50.501174],[30.509223,50.501164],[30.509313,50.50115],[30.509401,50.501133],[30.509487,50.501112],[30.509571,50.501087],[30.509652,50.501059],[30.50973,50.501027],[30.509804,50.500993],[30.509875,50.500955],[30.509942,50.500915],[30.510005,50.500872],[30.510063,50.500826],[30.510116,50.500778],[30.510164,50.500728],[30.510207,50.500676],[30.510245,50.500622],[30.510276,50.500567],[30.510303,50.50051],[30.510323,50.500453],[30.510337,50.500395],[30.510346,50.500336],[30.510348,50.500277],[30.510344,50.500219],[30.510335,50.50016],[30.510319,50.500102],[30.510298,50.500045],[30.51027,50.499989],[30.510237,50.499934],[30.510198,50.49988],[30.510154,50.499829],[30.510105,50.499779],[30.510051,50.499731],[30.509992,50.499686],[30.509928,50.499643],[30.509883,50.499617],[30.509933,50.499599],[30.510011,50.499568],[30.510086,50.499533],[30.510157,50.499496],[30.510223,50.499455],[30.510286,50.499412],[30.510344,50.499366],[30.510397,50.499318],[30.510445,50.499268],[30.510488,50.499216],[30.510526,50.499162],[30.510558,50.499107],[30.510584,50.499051],[30.510604,50.498993],[30.510619,50.498935],[30.510627,50.498877],[30.510629,50.498818],[30.510626,50.498759],[30.510616,50.498701],[30.5106,50.498643],[30.510579,50.498585],[30.510551,50.498529],[30.510518,50.498474],[30.51048,50.498421],[30.510436,50.498369],[30.510386,50.498319],[30.510332,50.498272],[30.510273,50.498227],[30.51021,50.498184],[30.510142,50.498144],[30.51007,50.498107],[30.509995,50.498073],[30.509916,50.498042],[30.509835,50.498015],[30.50975,50.497991],[30.509664,50.497971],[30.509575,50.497954],[30.509485,50.497941],[30.509394,50.497932],[30.509303,50.497927],[30.50921,50.497925],[30.509118,50.497927],[30.509026,50.497934],[30.508936,50.497944],[30.508846,50.497957],[30.508758,50.497975],[30.508672,50.497996],[30.508588,50.498021],[30.508507,50.498049],[30.508429,50.49808],[30.508354,50.498115],[30.508283,50.498152],[30.508217,50.498193],[30.508154,50.498236],[30.508096,50.498282],[30.508043,50.49833],[30.507995,50.49838],[30.507952,50.498432],[30.507914,50.498486],[30.507882,50.498541],[30.507856,50.498597],[30.507836,50.498655],[30.507821,50.498713],[30.507813,50.498771],[30.507811,50.49883],[30.507814,50.498889],[30.507815,50.498892],[30.50777,50.498865],[30.507698,50.498828],[30.507623,50.498794],[30.507544,50.498764],[30.507462,50.498736],[30.507378,50.498712],[30.507292,50.498692],[30.507203,50.498675],[30.507113,50.498662],[30.507054,50.498656],[30.50706,50.498635],[30.507068,50.498577],[30.50707,50.498518],[30.507067,50.498459],[30.507057,50.498401],[30.507041,50.498343],[30.50702,50.498285],[30.506992,50.498229],[30.506959,50.498174],[30.506921,50.498121],[30.506877,50.498069],[30.506827,50.498019],[30.506773,50.497972],[30.506714,50.497927],[30.506651,50.497884],[30.506583,50.497844],[30.506511,50.497807],[30.506436,50.497773],[30.506357,50.497742],[30.506276,50.497715],[30.506191,50.497691],[30.506105,50.497671],[30.506016,50.497654],[30.505927,50.497641],[30.505835,50.497632],[30.505744,50.497627],[30.505651,50.497625],[30.505559,50.497627],[30.505468,50.497634],[30.505377,50.497644],[30.505287,50.497657],[30.505199,50.497675],[30.505113,50.497696],[30.505029,50.49772],[30.504948,50.497749],[30.50487,50.49778],[30.504795,50.497815],[30.504725,50.497852],[30.504658,50.497893],[30.504595,50.497936],[30.504537,50.497982],[30.504484,50.49803],[30.504436,50.49808],[30.504393,50.498132],[30.504355,50.498186],[30.504323,50.498241],[30.504297,50.498297],[30.504277,50.498355],[30.504262,50.498413],[30.504254,50.498471],[30.504252,50.49853],[30.504255,50.498589],[30.504265,50.498647],[30.504281,50.498705],[30.504302,50.498763],[30.50433,50.498819],[30.504363,50.498874],[30.504401,50.498927],[30.504445,50.498979],[30.504494,50.499029],[30.504549,50.499076],[30.504608,50.499121],[30.504671,50.499164],[30.504739,50.499204],[30.504811,50.499241],[30.504886,50.499275],[30.504965,50.499306],[30.505046,50.499333],[30.505131,50.499357],[30.505217,50.499377],[30.505306,50.499394],[30.505395,50.499407],[30.505454,50.499413],[30.505449,50.499434],[30.505441,50.499493],[30.505438,50.499551],[30.505442,50.49961],[30.505452,50.499669],[30.505467,50.499727],[30.505489,50.499784],[30.505507,50.49982],[30.505432,50.499803],[30.505344,50.499786],[30.505254,50.499773],[30.505162,50.499764],[30.505071,50.499759],[30.504978,50.499757],[30.504886,50.499759],[30.504795,50.499766],[30.504704,50.499776],[30.504614,50.499789],[30.504526,50.499807],[30.50444,50.499828],[30.504356,50.499852],[30.504275,50.499881],[30.504197,50.499912],[30.504122,50.499947],[30.504052,50.499984],[30.503985,50.500025],[30.503922,50.500068],[30.503864,50.500114],[30.503811,50.500162],[30.503763,50.500212],[30.50372,50.500264],[30.503682,50.500318],[30.50365,50.500373],[30.503624,50.500429],[30.503604,50.500487],[30.503589,50.500545],[30.503581,50.500603],[30.503579,50.500662],[30.503582,50.500721],[30.503587,50.500753],[30.503587,50.500777],[30.50359,50.500835],[30.5036,50.500894],[30.503615,50.500952],[30.503637,50.501009],[30.503664,50.501065],[30.503697,50.50112],[30.503736,50.501174],[30.50378,50.501225],[30.503829,50.501275],[30.503884,50.501323],[30.503943,50.501368],[30.504006,50.50141],[30.504074,50.50145],[30.504146,50.501487],[30.504221,50.501521],[30.5043,50.501552],[30.504381,50.501579],[30.504465,50.501603],[30.504552,50.501624],[30.50464,50.50164],[30.50473,50.501653],[30.504821,50.501662],[30.504913,50.501668],[30.505006,50.501669],[30.505098,50.501667],[30.505189,50.501661],[30.50528,50.501651],[30.50537,50.501637],[30.505458,50.50162],[30.505544,50.501599],[30.505628,50.501574],[30.505709,50.501546],[30.505787,50.501514],[30.505862,50.50148],[30.505932,50.501442],[30.505999,50.501402],[30.506052,50.501365],[30.506066,50.501371],[30.50608,50.501375],[30.506082,50.501407],[30.506092,50.501466],[30.506107,50.501524],[30.506129,50.501581],[30.506156,50.501637],[30.506189,50.501692],[30.506228,50.501745],[30.506272,50.501797],[30.506321,50.501847],[30.506355,50.501876],[30.5063,50.501902],[30.506229,50.501939],[30.506163,50.50198],[30.5061,50.502023],[30.506042,50.502069],[30.505989,50.502117],[30.505941,50.502167],[30.505898,50.502219],[30.50586,50.502273],[30.505828,50.502328],[30.505802,50.502384],[30.505782,50.502442],[30.505767,50.5025],[30.505759,50.502558],[30.505757,50.502617],[30.50576,50.502676],[30.505761,50.50268],[30.505745,50.502684],[30.505661,50.502708],[30.50558,50.502737],[30.505502,50.502768],[30.505427,50.502803],[30.505356,50.50284],[30.50529,50.502881],[30.505227,50.502924],[30.505169,50.50297],[30.505116,50.503018],[30.505068,50.503068],[30.505025,50.50312],[30.504987,50.503174],[30.504955,50.503229],[30.504929,50.503285],[30.504909,50.503343],[30.504894,50.503401],[30.504886,50.503459],[30.504884,50.503518],[30.504887,50.503577],[30.504897,50.503635],[30.504912,50.503693],[30.504934,50.503751],[30.504961,50.503807],[30.504994,50.503862],[30.505033,50.503915],[30.505077,50.503967],[30.505126,50.504017],[30.505181,50.504064],[30.50524,50.504109],[30.505303,50.504152],[30.505371,50.504192],[30.505443,50.504229],[30.505518,50.504263],[30.505597,50.504294],[30.505678,50.504321],[30.505762,50.504345],[30.505849,50.504365],[30.505937,50.504382],[30.505956,50.504385],[30.505999,50.504417],[30.506062,50.50446],[30.50613,50.5045],[30.506202,50.504537],[30.506277,50.504571],[30.506356,50.504602],[30.506437,50.504629],[30.506521,50.504653],[30.506608,50.504673],[30.506696,50.50469],[30.506786,50.504703],[30.506878,50.504712],[30.506969,50.504717],[30.507062,50.504719],[30.507154,50.504717],[30.507246,50.50471],[30.507336,50.5047],[30.507426,50.504687],[30.507514,50.504669],[30.5076,50.504648],[30.507684,50.504624],[30.507765,50.504595],[30.507843,50.504564],[30.507918,50.504529],[30.507989,50.504492],[30.508013,50.504477],[30.508022,50.504485],[30.508081,50.50453],[30.508144,50.504573],[30.508212,50.504613],[30.508276,50.504646],[30.508197,50.504673],[30.508119,50.504705],[30.508045,50.504739],[30.507974,50.504777],[30.507907,50.504817],[30.507844,50.504861],[30.507786,50.504906],[30.507733,50.504954],[30.507685,50.505005],[30.507642,50.505057],[30.507605,50.50511],[30.507573,50.505166],[30.507563,50.505187],[30.507521,50.505186],[30.507429,50.505188],[30.507337,50.505195],[30.507247,50.505205],[30.507157,50.505218],[30.507069,50.505236],[30.506983,50.505257],[30.506959,50.505264],[30.506928,50.50524],[30.506865,50.505197],[30.506797,50.505157],[30.506725,50.50512],[30.50665,50.505086],[30.506571,50.505056],[30.50649,50.505028],[30.506405,50.505004],[30.506319,50.504984],[30.50623,50.504967],[30.50614,50.504954],[30.506049,50.504945],[30.505957,50.50494],[30.505865,50.504938],[30.505773,50.504941],[30.505681,50.504947],[30.50559,50.504957],[30.505501,50.504971],[30.505413,50.504988],[30.505327,50.505009],[30.505243,50.505034],[30.505162,50.505062],[30.505084,50.505093],[30.505009,50.505128],[30.504938,50.505165],[30.504871,50.505206],[30.504809,50.505249],[30.504751,50.505295],[30.504697,50.505343],[30.504649,50.505393],[30.504606,50.505445],[30.504569,50.505499],[30.504537,50.505554],[30.504511,50.50561],[30.50449,50.505668],[30.504476,50.505726],[30.504468,50.505785],[30.504465,50.505843],[30.504469,50.505902],[30.504479,50.505961],[30.504494,50.506019],[30.504516,50.506076],[30.504543,50.506132],[30.504576,50.506187],[30.504615,50.50624],[30.504659,50.506292],[30.504708,50.506342],[30.504762,50.506389],[30.504821,50.506435],[30.504885,50.506477],[30.504953,50.506517],[30.505009,50.506546],[30.505017,50.506594],[30.505032,50.506652],[30.505054,50.506709],[30.505081,50.506766],[30.505114,50.50682],[30.505153,50.506874],[30.505197,50.506926],[30.505246,50.506975],[30.505301,50.507023],[30.50536,50.507068],[30.505423,50.507111],[30.505491,50.507151],[30.505563,50.507188],[30.505638,50.507222],[30.505717,50.507252],[30.505789,50.507277],[30.505724,50.50729],[30.505638,50.507311],[30.505554,50.507335],[30.505473,50.507364],[30.505395,50.507395],[30.50532,50.50743],[30.505249,50.507467],[30.505182,50.507508],[30.50512,50.507551],[30.505062,50.507597],[30.505009,50.507645],[30.50496,50.507695],[30.504918,50.507747],[30.50488,50.507801],[30.504848,50.507856],[30.504822,50.507912],[30.504802,50.50797],[30.504787,50.508028],[30.504779,50.508086],[30.504776,50.508145],[30.50478,50.508204],[30.50479,50.508262],[30.504805,50.50832],[30.504827,50.508378],[30.504854,50.508434],[30.504887,50.508489],[30.504926,50.508542],[30.50497,50.508594],[30.505019,50.508644],[30.505074,50.508691],[30.505133,50.508736],[30.505196,50.508779],[30.505264,50.508819],[30.505335,50.508856],[30.505411,50.50889],[30.50549,50.508921],[30.505571,50.508948],[30.505655,50.508972],[30.505742,50.508992],[30.50583,50.509009],[30.50592,50.509022],[30.506012,50.509031],[30.506103,50.509036],[30.506196,50.509038],[30.506288,50.509036],[30.50638,50.509029],[30.506388,50.509029],[30.506402,50.509059],[30.506435,50.509114],[30.506474,50.509167],[30.506518,50.509219],[30.506567,50.509269],[30.506622,50.509316],[30.506681,50.509361],[30.506744,50.509404],[30.506812,50.509444],[30.506872,50.509475],[30.506867,50.509492],[30.506852,50.50955],[30.506844,50.509608],[30.506841,50.509667],[30.506845,50.509726],[30.506855,50.509784],[30.50687,50.509842],[30.506892,50.5099],[30.506919,50.509956],[30.506952,50.510011],[30.506991,50.510064],[30.507001,50.510076],[30.506996,50.510078],[30.506918,50.510109],[30.506843,50.510144],[30.506772,50.510181],[30.506705,50.510222],[30.506643,50.510265],[30.506585,50.510311],[30.506532,50.510359],[30.506483,50.510409],[30.50644,50.510461],[30.506403,50.510515],[30.506371,50.51057],[30.506345,50.510626],[30.506325,50.510684],[30.50631,50.510742],[30.506302,50.5108],[30.506299,50.510859],[30.506303,50.510918],[30.506313,50.510976],[30.506328,50.511034],[30.50635,50.511092],[30.506377,50.511148],[30.50641,50.511203],[30.506449,50.511256],[30.506493,50.511308],[30.506542,50.511358],[30.506596,50.511405],[30.506655,50.51145],[30.506719,50.511493],[30.506787,50.511533],[30.506858,50.51157],[30.506934,50.511604],[30.507012,50.511635],[30.507072,50.511655],[30.50707,50.511706],[30.507074,50.511765],[30.507084,50.511823],[30.507093,50.511857],[30.507057,50.511879],[30.506995,50.511922],[30.506937,50.511968],[30.506883,50.512016],[30.506835,50.512066],[30.506792,50.512118],[30.506755,50.512172],[30.506723,50.512227],[30.506697,50.512283],[30.506676,50.512341],[30.506662,50.512399],[30.506654,50.512458],[30.506651,50.512516],[30.506655,50.512575],[30.506665,50.512634],[30.50668,50.512692],[30.506702,50.512749],[30.506729,50.512805],[30.506762,50.51286],[30.506801,50.512913],[30.506845,50.512965],[30.506894,50.513015],[30.50691,50.513028],[30.506875,50.513023],[30.506783,50.513014],[30.506692,50.513009],[30.506599,50.513007],[30.506507,50.513009],[30.506415,50.513016],[30.506325,50.513026],[30.506235,50.513039],[30.506181,50.51305],[30.506189,50.512994],[30.506192,50.512935],[30.506188,50.512876],[30.506178,50.512818],[30.506163,50.51276],[30.506141,50.512702],[30.506114,50.512646],[30.506081,50.512591],[30.506042,50.512538],[30.505998,50.512486],[30.505949,50.512436],[30.505895,50.512389],[30.505836,50.512344],[30.505772,50.512301],[30.505704,50.512261],[30.505633,50.512224],[30.505557,50.51219],[30.505479,50.512159],[30.505397,50.512132],[30.505313,50.512108],[30.505226,50.512088],[30.505138,50.512071],[30.505048,50.512058],[30.504957,50.512049],[30.504865,50.512044],[30.504772,50.512042],[30.50468,50.512044],[30.504588,50.512051],[30.504498,50.512061],[30.504408,50.512074],[30.50432,50.512092],[30.504234,50.512113],[30.50415,50.512137],[30.504069,50.512166],[30.503991,50.512197],[30.503916,50.512232],[30.503845,50.512269],[30.503778,50.51231],[30.503716,50.512353],[30.503658,50.512399],[30.503605,50.512447],[30.503556,50.512497],[30.503513,50.512549],[30.503476,50.512603],[30.503444,50.512658],[30.503418,50.512714],[30.503397,50.512772],[30.503383,50.51283],[30.503375,50.512888],[30.503372,50.512947],[30.503376,50.513006],[30.503386,50.513064],[30.503401,50.513122],[30.503423,50.51318],[30.50345,50.513236],[30.503483,50.513291],[30.503522,50.513344],[30.503566,50.513396],[30.503615,50.513445],[30.503669,50.513493],[30.503728,50.513538],[30.503792,50.513581],[30.50386,50.513621],[30.503931,50.513658],[30.504007,50.513692],[30.504071,50.513717],[30.504057,50.51372],[30.503971,50.513741],[30.503887,50.513765],[30.503806,50.513794],[30.503728,50.513825],[30.503653,50.51386],[30.503582,50.513897],[30.503515,50.513938],[30.503453,50.513981],[30.503395,50.514027],[30.503341,50.514075],[30.503293,50.514125],[30.50325,50.514177],[30.503215,50.514227],[30.503138,50.514226],[30.503046,50.514228],[30.503016,50.51423],[30.503007,50.514196],[30.502985,50.514139],[30.502958,50.514083],[30.502925,50.514028],[30.502886,50.513975],[30.502842,50.513923],[30.502793,50.513873],[30.502738,50.513826],[30.502679,50.51378],[30.502616,50.513738],[30.502548,50.513698],[30.502476,50.513661],[30.502401,50.513627],[30.502322,50.513596],[30.502241,50.513569],[30.502156,50.513545],[30.50207,50.513525],[30.501981,50.513508],[30.501891,50.513495],[30.5018,50.513486],[30.501708,50.51348],[30.501616,50.513479],[30.501599,50.513479],[30.501596,50.513468],[30.501574,50.51341],[30.501547,50.513354],[30.501514,50.513299],[30.501475,50.513246],[30.501431,50.513194],[30.501382,50.513145],[30.501328,50.513097],[30.501269,50.513052],[30.501205,50.513009],[30.501137,50.512969],[30.501066,50.512932],[30.50099,50.512898],[30.500912,50.512867],[30.50083,50.51284],[30.500746,50.512816],[30.500659,50.512796],[30.500653,50.512795],[30.500637,50.512762],[30.500604,50.512707],[30.500565,50.512654],[30.500521,50.512602],[30.500472,50.512553],[30.500418,50.512505],[30.500359,50.51246],[30.500295,50.512417],[30.500227,50.512377],[30.500156,50.51234],[30.50008,50.512306],[30.500002,50.512275],[30.499957,50.51226],[30.500006,50.512243],[30.500084,50.512212],[30.500159,50.512177],[30.50023,50.51214],[30.500297,50.512099],[30.500359,50.512056],[30.500417,50.51201],[30.50047,50.511962],[30.500519,50.511912],[30.500562,50.51186],[30.500599,50.511806],[30.500631,50.511751],[30.500657,50.511695],[30.500678,50.511637],[30.500692,50.511579],[30.5007,50.511521],[30.500703,50.511462],[30.500699,50.511403],[30.500689,50.511345],[30.500674,50.511287],[30.500652,50.511229],[30.500625,50.511173],[30.500592,50.511118],[30.500553,50.511065],[30.500509,50.511013],[30.50046,50.510964],[30.500406,50.510916],[30.500347,50.510871],[30.500283,50.510828],[30.500215,50.510788],[30.500144,50.510751],[30.500068,50.510717],[30.49999,50.510686],[30.499908,50.510659],[30.499824,50.510635],[30.499737,50.510615],[30.499649,50.510598],[30.499559,50.510585],[30.499468,50.510576],[30.499376,50.510571],[30.499284,50.510569],[30.499191,50.510571],[30.4991,50.510578],[30.499009,50.510588],[30.498919,50.510601],[30.498831,50.510619],[30.498745,50.51064],[30.498737,50.510642],[30.49867,50.510635],[30.498579,50.51063],[30.498486,50.510629],[30.498394,50.510631],[30.498302,50.510637],[30.498266,50.510641],[30.49824,50.510635],[30.498152,50.510618],[30.498062,50.510605],[30.497971,50.510596],[30.497879,50.510591],[30.497787,50.510589],[30.497694,50.510591],[30.497603,50.510598],[30.497517,50.510607],[30.497505,50.510591],[30.497536,50.510547],[30.497568,50.510491],[30.497594,50.510435],[30.497615,50.510378],[30.497629,50.51032],[30.497638,50.510261],[30.49764,50.510202],[30.497636,50.510143],[30.497627,50.510085],[30.497611,50.510027],[30.497589,50.50997],[30.497562,50.509913],[30.497529,50.509859],[30.49749,50.509805],[30.497446,50.509753],[30.497397,50.509704],[30.497343,50.509656],[30.497284,50.509611],[30.49722,50.509568],[30.497153,50.509528],[30.497081,50.509491],[30.497006,50.509457],[30.496927,50.509427],[30.496845,50.509399],[30.496761,50.509375],[30.496674,50.509355],[30.496586,50.509338],[30.496496,50.509325],[30.496405,50.509316],[30.496313,50.509311],[30.496221,50.509309],[30.496129,50.509312],[30.496037,50.509318],[30.495946,50.509328],[30.495856,50.509341],[30.495768,50.509359],[30.495682,50.50938],[30.495598,50.509405],[30.495517,50.509433],[30.495439,50.509464],[30.495365,50.509499],[30.495294,50.509536],[30.495227,50.509577],[30.495164,50.50962],[30.495106,50.509666],[30.495053,50.509714],[30.495005,50.509764],[30.494962,50.509816],[30.494924,50.50987],[30.494892,50.509925],[30.494866,50.509981],[30.494846,50.510039],[30.494831,50.510097],[30.494823,50.510155],[30.494821,50.510214],[30.494824,50.510273],[30.494834,50.510331],[30.494849,50.510389],[30.494871,50.510447],[30.494898,50.510503],[30.494918,50.510535],[30.494886,50.510549],[30.494815,50.510587],[30.494749,50.510628],[30.494686,50.510671],[30.494628,50.510717],[30.494575,50.510765],[30.494526,50.510815],[30.494484,50.510867],[30.494446,50.510921],[30.494414,50.510976],[30.494388,50.511032],[30.494368,50.51109],[30.494353,50.511148],[30.494345,50.511206],[30.494342,50.511265],[30.494346,50.511324],[30.494356,50.511382],[30.494371,50.51144],[30.494393,50.511497],[30.49442,50.511554],[30.494453,50.511609],[30.494492,50.511662],[30.494536,50.511714],[30.494585,50.511763],[30.494639,50.511811],[30.494698,50.511856],[30.494762,50.511899],[30.49483,50.511939],[30.494901,50.511976],[30.494977,50.51201],[30.495055,50.51204],[30.495137,50.512068],[30.495221,50.512092],[30.495308,50.512112],[30.495396,50.512129],[30.495486,50.512142],[30.495577,50.512151],[30.495669,50.512156],[30.495761,50.512158],[30.495854,50.512156],[30.495945,50.512149],[30.496036,50.512139],[30.496126,50.512126],[30.496214,50.512108],[30.4963,50.512087],[30.496384,50.512063],[30.496465,50.512034],[30.496543,50.512003],[30.496609,50.511972],[30.496629,50.511992],[30.496683,50.51204],[30.496742,50.512085],[30.496806,50.512128],[30.496874,50.512168],[30.496945,50.512205],[30.497021,50.512239],[30.497099,50.51227],[30.49714,50.512283],[30.497141,50.512298],[30.497141,50.512301],[30.497093,50.51232],[30.497018,50.512354],[30.496947,50.512392],[30.49688,50.512433],[30.496818,50.512476],[30.49676,50.512522],[30.496707,50.51257],[30.496658,50.51262],[30.496615,50.512672],[30.4966,50.512693],[30.496569,50.512684],[30.496483,50.512664],[30.496394,50.512647],[30.496304,50.512634],[30.496213,50.512625],[30.496121,50.51262],[30.496029,50.512618],[30.495937,50.512621],[30.495845,50.512627],[30.495754,50.512637],[30.495665,50.512651],[30.495576,50.512668],[30.49549,50.512689],[30.495407,50.512714],[30.495325,50.512742],[30.495247,50.512773],[30.495231,50.512781],[30.495215,50.512778],[30.495125,50.512765],[30.495034,50.512756],[30.494942,50.51275],[30.49485,50.512749],[30.494758,50.512751],[30.494666,50.512757],[30.494575,50.512767],[30.494486,50.512781],[30.494397,50.512798],[30.494311,50.512819],[30.494228,50.512844],[30.494146,50.512872],[30.494068,50.512903],[30.493994,50.512938],[30.493923,50.512976],[30.493856,50.513016],[30.493793,50.513059],[30.493735,50.513105],[30.493682,50.513153],[30.493634,50.513203],[30.493591,50.513255],[30.493553,50.513309],[30.493522,50.513364],[30.493495,50.513421],[30.493475,50.513478],[30.493461,50.513536],[30.493452,50.513595],[30.49345,50.513654],[30.493453,50.513712],[30.493463,50.513771],[30.493479,50.513829],[30.4935,50.513886],[30.493528,50.513942],[30.493561,50.513997],[30.493599,50.51405],[30.493643,50.514102],[30.493693,50.514152],[30.493747,50.5142],[30.493806,50.514245],[30.493869,50.514287],[30.493937,50.514327],[30.494009,50.514364],[30.494084,50.514398],[30.494163,50.514429],[30.494244,50.514456],[30.494329,50.51448],[30.494415,50.514501],[30.49449,50.514515],[30.494418,50.51454],[30.49434,50.514571],[30.494266,50.514606],[30.494195,50.514643],[30.494143,50.514675],[30.494071,50.514658],[30.493983,50.514641],[30.493893,50.514628],[30.493802,50.514619],[30.49371,50.514614],[30.493618,50.514612],[30.493525,50.514614],[30.493434,50.514621],[30.493343,50.514631],[30.493253,50.514644],[30.493165,50.514662],[30.493079,50.514683],[30.492995,50.514707],[30.492942,50.514726],[30.492934,50.514698],[30.492912,50.514641],[30.492885,50.514584],[30.492852,50.514529],[30.492813,50.514476],[30.492769,50.514424],[30.49272,50.514375],[30.492701,50.514358],[30.492716,50.51435],[30.492783,50.514309],[30.492845,50.514266],[30.492903,50.514221],[30.492956,50.514172],[30.493005,50.514122],[30.493048,50.51407],[30.493085,50.514016],[30.493117,50.513961],[30.493143,50.513905],[30.493164,50.513848],[30.493178,50.513789],[30.493186,50.513731],[30.493189,50.513672],[30.493185,50.513613],[30.493176,50.513555],[30.49316,50.513497],[30.493138,50.51344],[30.493111,50.513383],[30.493078,50.513328],[30.493039,50.513275],[30.492995,50.513223],[30.492946,50.513174],[30.492892,50.513126],[30.492833,50.513081],[30.492769,50.513038],[30.492702,50.512998],[30.49263,50.512961],[30.492554,50.512927],[30.492476,50.512897],[30.492396,50.51287],[30.492406,50.51287],[30.492498,50.512872],[30.492591,50.51287],[30.492682,50.512863],[30.492773,50.512853],[30.492863,50.51284],[30.492951,50.512822],[30.493037,50.512801],[30.493121,50.512777],[30.493202,50.512749],[30.49328,50.512717],[30.493355,50.512683],[30.493426,50.512645],[30.493492,50.512604],[30.493555,50.512561],[30.493613,50.512515],[30.493666,50.512467],[30.493715,50.512417],[30.493758,50.512365],[30.493795,50.512311],[30.493827,50.512256],[30.493853,50.5122],[30.493874,50.512143],[30.493888,50.512084],[30.493896,50.512026],[30.493899,50.511967],[30.493895,50.511908],[30.493885,50.51185],[30.49387,50.511792],[30.493848,50.511735],[30.493821,50.511678],[30.493788,50.511623],[30.493749,50.51157],[30.493705,50.511518],[30.493656,50.511469],[30.493602,50.511421],[30.493543,50.511376],[30.493479,50.511333],[30.493411,50.511293],[30.49334,50.511256],[30.493264,50.511222],[30.493186,50.511192],[30.493104,50.511164],[30.49302,50.51114],[30.492933,50.51112],[30.492845,50.511103],[30.492755,50.51109],[30.492664,50.511081],[30.492572,50.511076],[30.49248,50.511074],[30.492387,50.511076],[30.492296,50.511083],[30.492205,50.511093],[30.492115,50.511106],[30.492027,50.511124],[30.491941,50.511145],[30.491857,50.511169],[30.491776,50.511197],[30.491698,50.511229],[30.491623,50.511263],[30.491552,50.511301],[30.491486,50.511342],[30.491423,50.511385],[30.491365,50.51143],[30.491312,50.511479],[30.491263,50.511529],[30.491221,50.511581],[30.491183,50.511634],[30.491151,50.51169],[30.491125,50.511746],[30.491105,50.511803],[30.49109,50.511862],[30.491082,50.51192],[30.491079,50.511979],[30.491083,50.512038],[30.491093,50.512096],[30.491108,50.512154],[30.49113,50.512211],[30.491157,50.512268],[30.49119,50.512323],[30.491229,50.512376],[30.491273,50.512428],[30.491322,50.512477],[30.491376,50.512525],[30.491435,50.51257],[30.491499,50.512613],[30.491567,50.512653],[30.491638,50.51269],[30.491714,50.512724],[30.491792,50.512754],[30.491872,50.512781],[30.491862,50.512781],[30.49177,50.512779],[30.491677,50.512781],[30.491586,50.512788],[30.491495,50.512798],[30.491405,50.512811],[30.491317,50.512829],[30.491231,50.51285],[30.491147,50.512874],[30.491066,50.512902],[30.490988,50.512934],[30.490913,50.512968],[30.490842,50.513006],[30.490776,50.513047],[30.490713,50.51309],[30.490655,50.513135],[30.490619,50.513168],[30.490593,50.513145],[30.490534,50.5131],[30.49047,50.513057],[30.490403,50.513017],[30.490331,50.51298],[30.490256,50.512946],[30.490177,50.512916],[30.490095,50.512888],[30.490011,50.512864],[30.489924,50.512844],[30.489836,50.512827],[30.489746,50.512814],[30.489655,50.512805],[30.489563,50.5128],[30.489471,50.512798],[30.489379,50.5128],[30.489287,50.512807],[30.489196,50.512816],[30.489106,50.51283],[30.489018,50.512848],[30.488965,50.512861],[30.488946,50.512838],[30.488897,50.512789],[30.488843,50.512741],[30.488835,50.512735],[30.48887,50.512698],[30.488912,50.512646],[30.48895,50.512593],[30.488982,50.512537],[30.489008,50.512481],[30.489028,50.512424],[30.489043,50.512365],[30.489051,50.512307],[30.489054,50.512252],[30.489067,50.512255],[30.489157,50.512268],[30.489248,50.512277],[30.48934,50.512282],[30.489432,50.512284],[30.489524,50.512282],[30.489616,50.512275],[30.489707,50.512266],[30.489797,50.512252],[30.489885,50.512234],[30.489971,50.512213],[30.490055,50.512189],[30.490136,50.512161],[30.490214,50.512129],[30.490289,50.512095],[30.49036,50.512057],[30.490426,50.512016],[30.490489,50.511973],[30.490547,50.511928],[30.4906,50.511879],[30.490649,50.511829],[30.490691,50.511777],[30.490729,50.511724],[30.490761,50.511668],[30.490787,50.511612],[30.490807,50.511555],[30.490822,50.511496],[30.49083,50.511438],[30.490833,50.511379],[30.490829,50.51132],[30.490819,50.511262],[30.490804,50.511204],[30.490782,50.511147],[30.490755,50.51109],[30.490722,50.511036],[30.490683,50.510982],[30.490639,50.51093],[30.49059,50.510881],[30.490536,50.510833],[30.490477,50.510788],[30.490413,50.510745],[30.490346,50.510705],[30.490274,50.510668],[30.490198,50.510634],[30.49012,50.510604],[30.490038,50.510576],[30.489954,50.510552],[30.489867,50.510532],[30.489779,50.510515],[30.489689,50.510502],[30.489598,50.510493],[30.489506,50.510488],[30.489414,50.510486],[30.489322,50.510488],[30.48923,50.510495],[30.489139,50.510504],[30.489049,50.510518],[30.488961,50.510536],[30.488875,50.510557],[30.488791,50.510581],[30.48871,50.510609],[30.488632,50.510641],[30.488557,50.510675],[30.488487,50.510713],[30.48842,50.510754],[30.488357,50.510797],[30.488299,50.510842],[30.488246,50.510891],[30.488198,50.510941],[30.488155,50.510993],[30.488117,50.511046],[30.488085,50.511102],[30.488059,50.511158],[30.488039,50.511215],[30.488024,50.511274],[30.488016,50.511332],[30.488013,50.511387],[30.488,50.511384],[30.48791,50.511371],[30.487819,50.511362],[30.487727,50.511357],[30.487635,50.511355],[30.487543,50.511357],[30.487451,50.511364],[30.48736,50.511373],[30.487327,50.511379],[30.487307,50.511327],[30.48728,50.51127],[30.487247,50.511216],[30.487208,50.511162],[30.487164,50.51111],[30.487121,50.511067],[30.487122,50.511062],[30.48713,50.511004],[30.487133,50.510945],[30.487129,50.510886],[30.487119,50.510828],[30.487104,50.51077],[30.487082,50.510713],[30.487055,50.510656],[30.487022,50.510602],[30.486983,50.510548],[30.486939,50.510496],[30.48689,50.510447]],[[30.493972,50.51934],[30.494063,50.51933],[30.494073,50.519329],[30.4941,50.519385],[30.494133,50.51944],[30.49414,50.51945],[30.494127,50.519459],[30.494069,50.519505],[30.494068,50.519505],[30.494048,50.519465],[30.494015,50.51941],[30.493976,50.519357],[30.493963,50.519341],[30.493972,50.51934]],[[30.493924,50.520438],[30.493933,50.52045],[30.493977,50.520502],[30.494026,50.520551],[30.49408,50.520599],[30.494139,50.520644],[30.494203,50.520687],[30.49427,50.520727],[30.494342,50.520764],[30.494417,50.520798],[30.494493,50.520827],[30.494493,50.52083],[30.494412,50.520811],[30.494324,50.520794],[30.494234,50.520781],[30.494143,50.520772],[30.494051,50.520767],[30.493959,50.520765],[30.493866,50.520767],[30.493775,50.520774],[30.493723,50.520779],[30.493757,50.520744],[30.4938,50.520692],[30.493837,50.520638],[30.493869,50.520583],[30.493895,50.520527],[30.493916,50.52047],[30.493924,50.520438]],[[30.508276,50.499491],[30.508254,50.499498],[30.508253,50.49948],[30.508253,50.499477],[30.508276,50.499491]]],[[[30.47541,50.517151],[30.475356,50.517103],[30.475297,50.517058],[30.475234,50.517015],[30.475166,50.516975],[30.475094,50.516938],[30.475019,50.516904],[30.47494,50.516874],[30.474859,50.516846],[30.474774,50.516822],[30.474688,50.516802],[30.474599,50.516785],[30.474509,50.516772],[30.474418,50.516763],[30.474326,50.516758],[30.474234,50.516756],[30.474142,50.516758],[30.47405,50.516765],[30.473959,50.516774],[30.473869,50.516788],[30.473781,50.516806],[30.473695,50.516827],[30.473611,50.516851],[30.47353,50.516879],[30.473452,50.516911],[30.473378,50.516945],[30.473307,50.516983],[30.47324,50.517023],[30.473177,50.517067],[30.473119,50.517112],[30.473066,50.51716],[30.473017,50.517211],[30.472975,50.517263],[30.472937,50.517316],[30.472905,50.517371],[30.472879,50.517428],[30.472858,50.517485],[30.472844,50.517543],[30.472836,50.517602],[30.472833,50.517661],[30.472837,50.51772],[30.472846,50.517778],[30.472862,50.517836],[30.472883,50.517893],[30.472911,50.517949],[30.472944,50.518004],[30.472982,50.518058],[30.473026,50.518109],[30.473076,50.518159],[30.47313,50.518207],[30.473189,50.518252],[30.473252,50.518295],[30.47332,50.518335],[30.473392,50.518372],[30.473467,50.518406],[30.473546,50.518436],[30.473627,50.518464],[30.473712,50.518488],[30.473798,50.518508],[30.473887,50.518525],[30.473977,50.518538],[30.474068,50.518547],[30.47416,50.518552],[30.474252,50.518554],[30.474344,50.518552],[30.474436,50.518545],[30.474527,50.518536],[30.474617,50.518522],[30.474705,50.518504],[30.474791,50.518483],[30.474875,50.518459],[30.474956,50.518431],[30.475034,50.518399],[30.475108,50.518365],[30.475179,50.518327],[30.475246,50.518287],[30.475309,50.518243],[30.475367,50.518198],[30.47542,50.51815],[30.475469,50.518099],[30.475512,50.518047],[30.475549,50.517994],[30.475581,50.517939],[30.475607,50.517882],[30.475628,50.517825],[30.475642,50.517767],[30.475651,50.517708],[30.475653,50.517649],[30.475649,50.51759],[30.47564,50.517532],[30.475624,50.517474],[30.475603,50.517417],[30.475575,50.517361],[30.475542,50.517306],[30.475504,50.517252],[30.47546,50.517201],[30.47541,50.517151]]],[[[30.486479,50.517879],[30.486425,50.517831],[30.486366,50.517786],[30.486302,50.517743],[30.486234,50.517703],[30.486163,50.517666],[30.486087,50.517632],[30.486009,50.517602],[30.485927,50.517574],[30.485843,50.51755],[30.485756,50.51753],[30.485668,50.517513],[30.485578,50.5175],[30.485487,50.517491],[30.485395,50.517486],[30.485303,50.517484],[30.48521,50.517486],[30.485119,50.517493],[30.485028,50.517503],[30.484938,50.517516],[30.48485,50.517534],[30.484764,50.517555],[30.48468,50.517579],[30.484599,50.517608],[30.484521,50.517639],[30.484446,50.517674],[30.484375,50.517711],[30.484308,50.517752],[30.484246,50.517795],[30.484188,50.517841],[30.484134,50.517889],[30.484086,50.517939],[30.484043,50.517991],[30.484006,50.518045],[30.483974,50.5181],[30.483947,50.518156],[30.483927,50.518213],[30.483913,50.518272],[30.483904,50.51833],[30.483902,50.518389],[30.483905,50.518448],[30.483915,50.518506],[30.483931,50.518564],[30.483952,50.518621],[30.48398,50.518678],[30.484013,50.518733],[30.484051,50.518786],[30.484095,50.518838],[30.484145,50.518887],[30.484199,50.518935],[30.484258,50.51898],[30.484321,50.519023],[30.484389,50.519063],[30.484461,50.5191],[30.484536,50.519134],[30.484615,50.519165],[30.484696,50.519192],[30.484781,50.519216],[30.484867,50.519236],[30.484956,50.519253],[30.485046,50.519266],[30.485137,50.519275],[30.485229,50.51928],[30.485321,50.519282],[30.485413,50.51928],[30.485505,50.519274],[30.485596,50.519264],[30.485686,50.51925],[30.485774,50.519232],[30.48586,50.519211],[30.485944,50.519187],[30.486025,50.519159],[30.486103,50.519127],[30.486177,50.519093],[30.486248,50.519055],[30.486315,50.519015],[30.486378,50.518971],[30.486436,50.518926],[30.486489,50.518878],[30.486537,50.518827],[30.48658,50.518775],[30.486618,50.518722],[30.48665,50.518666],[30.486676,50.51861],[30.486696,50.518553],[30.486711,50.518495],[30.486719,50.518436],[30.486722,50.518377],[30.486718,50.518318],[30.486708,50.51826],[30.486693,50.518202],[30.486671,50.518145],[30.486644,50.518089],[30.486611,50.518034],[30.486572,50.51798],[30.486528,50.517929],[30.486479,50.517879]]],[[[30.486079,50.519809],[30.486025,50.519761],[30.485966,50.519716],[30.485903,50.519673],[30.485835,50.519633],[30.485763,50.519596],[30.485688,50.519562],[30.485609,50.519532],[30.485527,50.519504],[30.485443,50.51948],[30.485357,50.51946],[30.485268,50.519443],[30.485178,50.51943],[30.485087,50.519421],[30.484995,50.519416],[30.484903,50.519414],[30.484811,50.519416],[30.484719,50.519423],[30.484628,50.519432],[30.484538,50.519446],[30.48445,50.519464],[30.484364,50.519485],[30.48428,50.519509],[30.484199,50.519537],[30.484121,50.519569],[30.484046,50.519603],[30.483975,50.519641],[30.483908,50.519682],[30.483846,50.519725],[30.483788,50.51977],[30.483735,50.519818],[30.483686,50.519869],[30.483643,50.519921],[30.483606,50.519974],[30.483574,50.52003],[30.483548,50.520086],[30.483527,50.520143],[30.483513,50.520201],[30.483504,50.52026],[30.483502,50.520319],[30.483506,50.520378],[30.483515,50.520436],[30.483531,50.520494],[30.483552,50.520551],[30.48358,50.520608],[30.483613,50.520662],[30.483651,50.520716],[30.483696,50.520768],[30.483745,50.520817],[30.483799,50.520865],[30.483858,50.52091],[30.483921,50.520953],[30.483989,50.520993],[30.484061,50.52103],[30.484136,50.521064],[30.484215,50.521094],[30.484297,50.521122],[30.484381,50.521146],[30.484467,50.521166],[30.484556,50.521183],[30.484646,50.521196],[30.484737,50.521205],[30.484829,50.52121],[30.484921,50.521212],[30.485013,50.52121],[30.485105,50.521203],[30.485196,50.521194],[30.485286,50.52118],[30.485374,50.521162],[30.48546,50.521141],[30.485544,50.521117],[30.485625,50.521089],[30.485703,50.521057],[30.485778,50.521023],[30.485849,50.520985],[30.485916,50.520944],[30.485978,50.520901],[30.486036,50.520856],[30.48609,50.520808],[30.486138,50.520757],[30.486181,50.520705],[30.486218,50.520652],[30.48625,50.520596],[30.486276,50.52054],[30.486297,50.520483],[30.486311,50.520425],[30.48632,50.520366],[30.486322,50.520307],[30.486318,50.520248],[30.486309,50.52019],[30.486293,50.520132],[30.486272,50.520075],[30.486244,50.520018],[30.486211,50.519964],[30.486173,50.51991],[30.486128,50.519858],[30.486079,50.519809]]],[[[30.472048,50.534946],[30.471994,50.534898],[30.471935,50.534853],[30.471871,50.53481],[30.471803,50.53477],[30.471732,50.534733],[30.471656,50.534699],[30.471577,50.534669],[30.471496,50.534641],[30.471411,50.534617],[30.471325,50.534597],[30.471236,50.53458],[30.471146,50.534567],[30.471055,50.534558],[30.470963,50.534553],[30.470871,50.534551],[30.470779,50.534553],[30.470687,50.53456],[30.470596,50.534569],[30.470506,50.534583],[30.470418,50.534601],[30.470332,50.534622],[30.470248,50.534646],[30.470167,50.534674],[30.470089,50.534706],[30.470014,50.53474],[30.469943,50.534778],[30.469876,50.534818],[30.469814,50.534862],[30.469756,50.534907],[30.469702,50.534955],[30.469654,50.535005],[30.469611,50.535058],[30.469573,50.535111],[30.469542,50.535166],[30.469515,50.535223],[30.469495,50.53528],[30.46948,50.535338],[30.469472,50.535397],[30.46947,50.535456],[30.469473,50.535514],[30.469483,50.535573],[30.469498,50.535631],[30.46952,50.535688],[30.469547,50.535744],[30.46958,50.535799],[30.469619,50.535853],[30.469663,50.535904],[30.469712,50.535954],[30.469766,50.536002],[30.469825,50.536047],[30.469889,50.53609],[30.469957,50.53613],[30.470028,50.536167],[30.470104,50.536201],[30.470183,50.536231],[30.470264,50.536259],[30.470349,50.536283],[30.470435,50.536303],[30.470524,50.53632],[30.470614,50.536333],[30.470705,50.536342],[30.470797,50.536347],[30.470889,50.536349],[30.470981,50.536347],[30.471073,50.53634],[30.471164,50.536331],[30.471254,50.536317],[30.471342,50.536299],[30.471428,50.536278],[30.471512,50.536254],[30.471593,50.536226],[30.471671,50.536194],[30.471746,50.53616],[30.471817,50.536122],[30.471884,50.536082],[30.471946,50.536038],[30.472004,50.535993],[30.472058,50.535945],[30.472106,50.535895],[30.472149,50.535842],[30.472187,50.535789],[30.472218,50.535734],[30.472245,50.535677],[30.472265,50.53562],[30.47228,50.535562],[30.472288,50.535503],[30.47229,50.535444],[30.472287,50.535386],[30.472277,50.535327],[30.472262,50.535269],[30.47224,50.535212],[30.472213,50.535156],[30.47218,50.535101],[30.472141,50.535047],[30.472097,50.534996],[30.472048,50.534946]]],[[[30.468677,50.536476],[30.468628,50.536426],[30.468574,50.536378],[30.468515,50.536333],[30.468451,50.53629],[30.468383,50.53625],[30.468312,50.536213],[30.468236,50.536179],[30.468158,50.536149],[30.468076,50.536121],[30.467992,50.536097],[30.467905,50.536077],[30.467816,50.53606],[30.467726,50.536047],[30.467635,50.536038],[30.467543,50.536033],[30.467451,50.536031],[30.467359,50.536033],[30.467267,50.53604],[30.467176,50.536049],[30.467086,50.536063],[30.466998,50.536081],[30.466912,50.536102],[30.466828,50.536126],[30.466747,50.536154],[30.466669,50.536186],[30.466594,50.53622],[30.466523,50.536258],[30.466456,50.536298],[30.466394,50.536342],[30.466336,50.536387],[30.466282,50.536435],[30.466234,50.536485],[30.466191,50.536537],[30.466153,50.536591],[30.466122,50.536646],[30.466095,50.536703],[30.466075,50.53676],[30.46606,50.536818],[30.466052,50.536877],[30.46605,50.536936],[30.466053,50.536994],[30.466063,50.537053],[30.466078,50.537111],[30.4661,50.537168],[30.466127,50.537224],[30.46616,50.537279],[30.466199,50.537333],[30.466243,50.537384],[30.466292,50.537434],[30.466346,50.537482],[30.466405,50.537527],[30.466469,50.53757],[30.466537,50.53761],[30.466608,50.537647],[30.466684,50.537681],[30.466762,50.537711],[30.466844,50.537739],[30.466928,50.537763],[30.467015,50.537783],[30.467104,50.5378],[30.467194,50.537813],[30.467285,50.537822],[30.467377,50.537827],[30.467469,50.537829],[30.467561,50.537827],[30.467653,50.53782],[30.467744,50.537811],[30.467834,50.537797],[30.467922,50.537779],[30.468008,50.537758],[30.468092,50.537734],[30.468173,50.537706],[30.468251,50.537674],[30.468326,50.53764],[30.468397,50.537602],[30.468464,50.537562],[30.468526,50.537518],[30.468584,50.537473],[30.468638,50.537425],[30.468686,50.537375],[30.468729,50.537323],[30.468767,50.537269],[30.468799,50.537214],[30.468825,50.537157],[30.468845,50.5371],[30.46886,50.537042],[30.468868,50.536983],[30.468871,50.536924],[30.468867,50.536866],[30.468857,50.536807],[30.468842,50.536749],[30.46882,50.536692],[30.468793,50.536636],[30.46876,50.536581],[30.468721,50.536527],[30.468677,50.536476]]],[[[30.490216,50.542483],[30.490161,50.542435],[30.490102,50.54239],[30.490039,50.542347],[30.489971,50.542307],[30.489899,50.54227],[30.489824,50.542236],[30.489745,50.542206],[30.489664,50.542178],[30.489579,50.542154],[30.489493,50.542134],[30.489404,50.542117],[30.489314,50.542104],[30.489223,50.542095],[30.489131,50.54209],[30.489039,50.542088],[30.488946,50.54209],[30.488855,50.542097],[30.488764,50.542107],[30.488674,50.54212],[30.488586,50.542138],[30.4885,50.542159],[30.488416,50.542183],[30.488335,50.542211],[30.488257,50.542243],[30.488182,50.542277],[30.488111,50.542315],[30.488044,50.542356],[30.487981,50.542399],[30.487923,50.542444],[30.48787,50.542493],[30.487822,50.542543],[30.487779,50.542595],[30.487741,50.542648],[30.487709,50.542704],[30.487683,50.54276],[30.487663,50.542817],[30.487648,50.542876],[30.48764,50.542934],[30.487637,50.542993],[30.487641,50.543052],[30.487651,50.54311],[30.487666,50.543168],[30.487688,50.543225],[30.487715,50.543282],[30.487748,50.543336],[30.487787,50.54339],[30.487831,50.543442],[30.48788,50.543491],[30.487934,50.543539],[30.487994,50.543584],[30.488057,50.543627],[30.488125,50.543667],[30.488197,50.543704],[30.488272,50.543738],[30.488351,50.543768],[30.488432,50.543796],[30.488517,50.54382],[30.488603,50.54384],[30.488692,50.543857],[30.488782,50.54387],[30.488873,50.543879],[30.488965,50.543884],[30.489057,50.543886],[30.48915,50.543884],[30.489241,50.543877],[30.489332,50.543867],[30.489422,50.543854],[30.48951,50.543836],[30.489596,50.543815],[30.489618,50.543809],[30.489625,50.543837],[30.489647,50.543894],[30.489674,50.543951],[30.489707,50.544005],[30.489746,50.544059],[30.48979,50.544111],[30.489839,50.54416],[30.489893,50.544208],[30.489953,50.544253],[30.490016,50.544296],[30.490084,50.544336],[30.490156,50.544373],[30.490231,50.544407],[30.49031,50.544437],[30.490391,50.544465],[30.490476,50.544489],[30.490562,50.544509],[30.490651,50.544526],[30.490741,50.544539],[30.490832,50.544548],[30.490924,50.544553],[30.491016,50.544555],[30.491109,50.544553],[30.4912,50.544546],[30.491291,50.544536],[30.491381,50.544523],[30.491469,50.544505],[30.491555,50.544484],[30.491639,50.54446],[30.49172,50.544432],[30.491799,50.5444],[30.491873,50.544366],[30.491944,50.544328],[30.492011,50.544287],[30.492074,50.544244],[30.492132,50.544199],[30.492185,50.54415],[30.492233,50.5441],[30.492276,50.544048],[30.492314,50.543995],[30.492346,50.543939],[30.492372,50.543883],[30.492392,50.543826],[30.492407,50.543767],[30.492415,50.543709],[30.492418,50.54365],[30.492414,50.543591],[30.492404,50.543533],[30.492389,50.543475],[30.492367,50.543418],[30.49234,50.543361],[30.492307,50.543306],[30.492268,50.543253],[30.492224,50.543201],[30.492175,50.543152],[30.49212,50.543104],[30.492061,50.543059],[30.491998,50.543016],[30.49193,50.542976],[30.491858,50.542939],[30.491783,50.542905],[30.491704,50.542875],[30.491623,50.542847],[30.491538,50.542823],[30.491452,50.542803],[30.491363,50.542786],[30.491273,50.542773],[30.491182,50.542764],[30.49109,50.542759],[30.490998,50.542757],[30.490905,50.542759],[30.490814,50.542766],[30.490723,50.542776],[30.490633,50.542789],[30.490545,50.542807],[30.490459,50.542828],[30.490437,50.542834],[30.49043,50.542806],[30.490408,50.542749],[30.490381,50.542692],[30.490348,50.542638],[30.490309,50.542584],[30.490265,50.542532],[30.490216,50.542483]]],[[[30.486507,50.543133],[30.486453,50.543085],[30.486394,50.54304],[30.48633,50.542997],[30.486262,50.542957],[30.48619,50.54292],[30.486115,50.542886],[30.486036,50.542856],[30.485955,50.542828],[30.48587,50.542804],[30.485784,50.542784],[30.485695,50.542767],[30.485605,50.542754],[30.485514,50.542745],[30.485422,50.54274],[30.48533,50.542738],[30.485238,50.54274],[30.485146,50.542747],[30.485055,50.542756],[30.484965,50.54277],[30.484877,50.542788],[30.484791,50.542809],[30.484707,50.542833],[30.484626,50.542861],[30.484548,50.542893],[30.484473,50.542927],[30.484402,50.542965],[30.484335,50.543006],[30.484272,50.543049],[30.484214,50.543094],[30.484161,50.543142],[30.484113,50.543193],[30.48407,50.543245],[30.484032,50.543298],[30.484,50.543354],[30.483974,50.54341],[30.483954,50.543467],[30.483939,50.543525],[30.483931,50.543584],[30.483928,50.543643],[30.483932,50.543702],[30.483942,50.54376],[30.483957,50.543818],[30.483979,50.543875],[30.484006,50.543932],[30.484039,50.543986],[30.484078,50.54404],[30.484122,50.544092],[30.484171,50.544141],[30.484225,50.544189],[30.484284,50.544234],[30.484348,50.544277],[30.484416,50.544317],[30.484488,50.544354],[30.484563,50.544388],[30.484642,50.544418],[30.484723,50.544446],[30.484808,50.54447],[30.484894,50.54449],[30.484983,50.544507],[30.485073,50.54452],[30.485164,50.544529],[30.485256,50.544534],[30.485348,50.544536],[30.48544,50.544534],[30.485532,50.544527],[30.485623,50.544518],[30.485713,50.544504],[30.485801,50.544486],[30.485887,50.544465],[30.485971,50.544441],[30.486052,50.544413],[30.48613,50.544381],[30.486205,50.544347],[30.486276,50.544309],[30.486343,50.544268],[30.486406,50.544225],[30.486464,50.54418],[30.486517,50.544132],[30.486565,50.544081],[30.486608,50.544029],[30.486646,50.543976],[30.486678,50.54392],[30.486704,50.543864],[30.486724,50.543807],[30.486739,50.543748],[30.486747,50.54369],[30.48675,50.543631],[30.486746,50.543572],[30.486736,50.543514],[30.486721,50.543456],[30.486699,50.543399],[30.486672,50.543342],[30.486639,50.543288],[30.4866,50.543234],[30.486556,50.543182],[30.486507,50.543133]]],[[[30.468492,50.550626],[30.468438,50.550578],[30.468379,50.550533],[30.468315,50.55049],[30.468248,50.55045],[30.468176,50.550413],[30.4681,50.550379],[30.468022,50.550349],[30.46794,50.550321],[30.467856,50.550297],[30.467769,50.550277],[30.467681,50.55026],[30.467591,50.550247],[30.467499,50.550238],[30.467407,50.550233],[30.467315,50.550231],[30.467223,50.550233],[30.467131,50.55024],[30.46704,50.550249],[30.46695,50.550263],[30.466862,50.550281],[30.466776,50.550302],[30.466692,50.550326],[30.466611,50.550354],[30.466533,50.550386],[30.466458,50.55042],[30.466387,50.550458],[30.46632,50.550498],[30.466257,50.550542],[30.466199,50.550587],[30.466146,50.550635],[30.466098,50.550685],[30.466055,50.550737],[30.466017,50.550791],[30.465985,50.550846],[30.465959,50.550903],[30.465938,50.55096],[30.465924,50.551018],[30.465916,50.551077],[30.465913,50.551136],[30.465917,50.551194],[30.465926,50.551253],[30.465942,50.551311],[30.465963,50.551368],[30.465991,50.551424],[30.466024,50.551479],[30.466063,50.551533],[30.466107,50.551584],[30.466156,50.551634],[30.46621,50.551682],[30.466269,50.551727],[30.466333,50.55177],[30.4664,50.55181],[30.466472,50.551847],[30.466548,50.551881],[30.466626,50.551911],[30.466708,50.551939],[30.466792,50.551963],[30.466879,50.551983],[30.466967,50.552],[30.467057,50.552013],[30.467149,50.552022],[30.467241,50.552027],[30.467333,50.552029],[30.467425,50.552027],[30.467517,50.55202],[30.467608,50.552011],[30.467698,50.551997],[30.467786,50.551979],[30.467872,50.551958],[30.467956,50.551934],[30.468037,50.551906],[30.468115,50.551874],[30.46819,50.55184],[30.468261,50.551802],[30.468328,50.551762],[30.468391,50.551718],[30.468449,50.551673],[30.468502,50.551625],[30.46855,50.551575],[30.468593,50.551523],[30.468631,50.551469],[30.468663,50.551414],[30.468689,50.551357],[30.46871,50.5513],[30.468724,50.551242],[30.468732,50.551183],[30.468735,50.551124],[30.468731,50.551066],[30.468722,50.551007],[30.468706,50.550949],[30.468685,50.550892],[30.468657,50.550836],[30.468624,50.550781],[30.468585,50.550727],[30.468541,50.550676],[30.468492,50.550626]]],[[[30.499521,50.484884],[30.499467,50.484836],[30.499408,50.484791],[30.499345,50.484748],[30.499277,50.484708],[30.499205,50.484671],[30.49913,50.484637],[30.499051,50.484606],[30.49897,50.484579],[30.498885,50.484555],[30.498799,50.484535],[30.498711,50.484518],[30.498621,50.484505],[30.49853,50.484496],[30.498438,50.484491],[30.498346,50.484489],[30.498253,50.484491],[30.498162,50.484498],[30.498071,50.484508],[30.497981,50.484521],[30.497893,50.484539],[30.497807,50.48456],[30.497723,50.484584],[30.497642,50.484613],[30.497564,50.484644],[30.49749,50.484678],[30.497419,50.484716],[30.497352,50.484757],[30.497289,50.4848],[30.497231,50.484846],[30.497178,50.484894],[30.49713,50.484944],[30.497087,50.484996],[30.49705,50.48505],[30.497018,50.485105],[30.496992,50.485161],[30.496971,50.485219],[30.496957,50.485277],[30.496948,50.485335],[30.496946,50.485394],[30.49695,50.485453],[30.496959,50.485511],[30.496975,50.485569],[30.496996,50.485626],[30.497024,50.485683],[30.497041,50.485711],[30.496999,50.485731],[30.496928,50.485769],[30.496861,50.485809],[30.496798,50.485852],[30.49674,50.485898],[30.496687,50.485946],[30.496639,50.485996],[30.496596,50.486048],[30.496559,50.486102],[30.496527,50.486157],[30.4965,50.486214],[30.49648,50.486271],[30.496466,50.486329],[30.496461,50.48636],[30.496445,50.486371],[30.496387,50.486417],[30.496334,50.486465],[30.496286,50.486515],[30.496243,50.486567],[30.496206,50.486621],[30.496174,50.486676],[30.496148,50.486732],[30.496127,50.48679],[30.496113,50.486848],[30.496104,50.486906],[30.496102,50.486965],[30.496106,50.487024],[30.496115,50.487082],[30.496131,50.48714],[30.496152,50.487197],[30.49618,50.487254],[30.496213,50.487309],[30.496251,50.487362],[30.496295,50.487414],[30.496345,50.487463],[30.496399,50.487511],[30.496458,50.487556],[30.496521,50.487599],[30.496589,50.487639],[30.496661,50.487676],[30.496736,50.48771],[30.496815,50.487741],[30.496896,50.487768],[30.496981,50.487792],[30.497067,50.487812],[30.497155,50.487829],[30.497245,50.487842],[30.497336,50.487851],[30.497428,50.487856],[30.49752,50.487858],[30.497613,50.487856],[30.497704,50.487849],[30.497795,50.487839],[30.497885,50.487826],[30.497973,50.487808],[30.497985,50.487805],[30.498023,50.487809],[30.498115,50.487814],[30.498207,50.487816],[30.4983,50.487814],[30.498391,50.487807],[30.498482,50.487797],[30.498572,50.487784],[30.49866,50.487766],[30.498746,50.487745],[30.49883,50.487721],[30.498911,50.487692],[30.498989,50.487661],[30.499063,50.487626],[30.499134,50.487589],[30.499201,50.487548],[30.499264,50.487505],[30.499322,50.487459],[30.499375,50.487411],[30.499423,50.487361],[30.499466,50.487309],[30.499503,50.487255],[30.499535,50.4872],[30.499561,50.487144],[30.499582,50.487086],[30.499596,50.487028],[30.499605,50.48697],[30.499607,50.486911],[30.499603,50.486852],[30.499594,50.486794],[30.499578,50.486736],[30.499557,50.486679],[30.499529,50.486622],[30.499496,50.486567],[30.499458,50.486514],[30.499414,50.486462],[30.499364,50.486413],[30.49931,50.486365],[30.499261,50.486328],[30.49926,50.486317],[30.499244,50.486259],[30.499222,50.486202],[30.499195,50.486146],[30.499178,50.486117],[30.49922,50.486097],[30.499291,50.48606],[30.499358,50.486019],[30.499421,50.485976],[30.499479,50.48593],[30.499532,50.485882],[30.49958,50.485832],[30.499623,50.48578],[30.49966,50.485726],[30.499692,50.485671],[30.499718,50.485615],[30.499739,50.485557],[30.499753,50.485499],[30.499762,50.485441],[30.499764,50.485382],[30.49976,50.485323],[30.499751,50.485265],[30.499735,50.485207],[30.499714,50.48515],[30.499686,50.485093],[30.499653,50.485038],[30.499614,50.484985],[30.49957,50.484933],[30.499521,50.484884]]],[[[30.498072,50.489122],[30.498018,50.489074],[30.497959,50.489029],[30.497896,50.488986],[30.497828,50.488946],[30.497756,50.488909],[30.497681,50.488875],[30.497602,50.488844],[30.497521,50.488817],[30.497437,50.488793],[30.49735,50.488773],[30.497262,50.488756],[30.497172,50.488743],[30.497081,50.488734],[30.496989,50.488729],[30.496897,50.488727],[30.496804,50.488729],[30.496713,50.488736],[30.496622,50.488746],[30.496532,50.488759],[30.496444,50.488777],[30.496358,50.488798],[30.496274,50.488822],[30.496193,50.488851],[30.496115,50.488882],[30.496041,50.488916],[30.49597,50.488954],[30.495903,50.488995],[30.49584,50.489038],[30.495782,50.489084],[30.495729,50.489132],[30.495681,50.489182],[30.495638,50.489234],[30.495601,50.489288],[30.495569,50.489343],[30.495542,50.489399],[30.495522,50.489457],[30.495508,50.489515],[30.495499,50.489573],[30.495497,50.489632],[30.495501,50.489691],[30.49551,50.489749],[30.495526,50.489807],[30.495547,50.489864],[30.495575,50.489921],[30.495608,50.489976],[30.495646,50.490029],[30.49569,50.490081],[30.49574,50.49013],[30.495794,50.490178],[30.495853,50.490223],[30.495916,50.490266],[30.495984,50.490306],[30.496056,50.490343],[30.496131,50.490377],[30.49621,50.490408],[30.496291,50.490435],[30.496375,50.490459],[30.496462,50.490479],[30.49655,50.490496],[30.49664,50.490509],[30.496731,50.490518],[30.496823,50.490523],[30.496915,50.490525],[30.497008,50.490523],[30.497099,50.490516],[30.49719,50.490506],[30.49728,50.490493],[30.497368,50.490475],[30.497454,50.490454],[30.497538,50.49043],[30.497619,50.490401],[30.497697,50.49037],[30.497771,50.490336],[30.497842,50.490298],[30.497909,50.490257],[30.497972,50.490214],[30.49803,50.490168],[30.498083,50.49012],[30.498131,50.49007],[30.498174,50.490018],[30.498211,50.489964],[30.498243,50.489909],[30.49827,50.489853],[30.49829,50.489795],[30.498304,50.489737],[30.498313,50.489679],[30.498315,50.48962],[30.498311,50.489561],[30.498302,50.489503],[30.498286,50.489445],[30.498265,50.489388],[30.498237,50.489331],[30.498204,50.489276],[30.498166,50.489223],[30.498122,50.489171],[30.498072,50.489122]]],[[[30.497892,50.498012],[30.497806,50.497992],[30.497717,50.497975],[30.497627,50.497962],[30.497536,50.497953],[30.497444,50.497948],[30.497352,50.497946],[30.49726,50.497948],[30.497168,50.497955],[30.497077,50.497964],[30.496988,50.497978],[30.496899,50.497996],[30.496813,50.498017],[30.49673,50.498041],[30.496649,50.498069],[30.496571,50.498101],[30.496496,50.498135],[30.496425,50.498173],[30.496358,50.498214],[30.496296,50.498257],[30.496238,50.498302],[30.496184,50.498351],[30.496136,50.498401],[30.496093,50.498453],[30.496056,50.498507],[30.496024,50.498562],[30.495998,50.498618],[30.495977,50.498675],[30.495963,50.498734],[30.495954,50.498792],[30.495952,50.498851],[30.495956,50.49891],[30.495965,50.498968],[30.495981,50.499026],[30.496003,50.499083],[30.49603,50.49914],[30.496063,50.499195],[30.496102,50.499248],[30.496146,50.4993],[30.496195,50.499349],[30.496249,50.499397],[30.496308,50.499442],[30.496372,50.499485],[30.496439,50.499525],[30.496511,50.499562],[30.496586,50.499596],[30.496665,50.499626],[30.496747,50.499654],[30.496831,50.499678],[30.496917,50.499698],[30.497006,50.499715],[30.497096,50.499728],[30.497187,50.499737],[30.497279,50.499742],[30.497371,50.499744],[30.497463,50.499742],[30.497555,50.499735],[30.497646,50.499725],[30.497735,50.499712],[30.497823,50.499694],[30.497909,50.499673],[30.497993,50.499649],[30.498074,50.49962],[30.498152,50.499589],[30.498227,50.499554],[30.498298,50.499517],[30.498365,50.499476],[30.498427,50.499433],[30.498485,50.499387],[30.498539,50.499339],[30.498587,50.499289],[30.498628,50.49924],[30.498649,50.499246],[30.498736,50.499266],[30.498824,50.499283],[30.498914,50.499296],[30.499005,50.499305],[30.499097,50.49931],[30.499189,50.499312],[30.499282,50.49931],[30.499373,50.499303],[30.499464,50.499293],[30.499554,50.49928],[30.499642,50.499262],[30.499728,50.499241],[30.499812,50.499217],[30.499893,50.499188],[30.499971,50.499157],[30.500045,50.499122],[30.500116,50.499085],[30.500183,50.499044],[30.500246,50.499001],[30.500304,50.498955],[30.500357,50.498907],[30.500405,50.498857],[30.500448,50.498805],[30.500486,50.498751],[30.500518,50.498696],[30.500544,50.49864],[30.500564,50.498582],[30.500579,50.498524],[30.500587,50.498466],[30.500589,50.498407],[30.500586,50.498348],[30.500576,50.49829],[30.50056,50.498232],[30.500539,50.498174],[30.500512,50.498118],[30.500478,50.498063],[30.50044,50.49801],[30.500396,50.497958],[30.500347,50.497909],[30.500292,50.497861],[30.500233,50.497816],[30.50017,50.497773],[30.500102,50.497733],[30.50003,50.497696],[30.499955,50.497662],[30.499876,50.497631],[30.499795,50.497604],[30.499711,50.49758],[30.499624,50.49756],[30.499536,50.497543],[30.499446,50.49753],[30.499355,50.497521],[30.499263,50.497516],[30.499171,50.497514],[30.499078,50.497516],[30.498987,50.497523],[30.498896,50.497533],[30.498806,50.497546],[30.498718,50.497564],[30.498632,50.497585],[30.498548,50.497609],[30.498467,50.497638],[30.498389,50.497669],[30.498315,50.497704],[30.498244,50.497741],[30.498177,50.497782],[30.498114,50.497825],[30.498056,50.497871],[30.498003,50.497919],[30.497955,50.497969],[30.497914,50.498018],[30.497892,50.498012]]],[[[30.496395,50.499997],[30.496304,50.500007],[30.496214,50.500021],[30.496126,50.500039],[30.49604,50.50006],[30.495956,50.500084],[30.495875,50.500112],[30.495797,50.500144],[30.495723,50.500178],[30.495652,50.500216],[30.495585,50.500256],[30.495522,50.5003],[30.495464,50.500345],[30.495411,50.500393],[30.495363,50.500444],[30.49532,50.500496],[30.495282,50.500549],[30.495251,50.500605],[30.495224,50.500661],[30.495204,50.500718],[30.49519,50.500777],[30.495181,50.500835],[30.495179,50.500894],[30.495182,50.500953],[30.495192,50.501011],[30.495208,50.501069],[30.495229,50.501126],[30.495257,50.501183],[30.49529,50.501237],[30.495328,50.501291],[30.495372,50.501343],[30.495422,50.501392],[30.495476,50.50144],[30.495535,50.501485],[30.495598,50.501528],[30.495666,50.501568],[30.495738,50.501605],[30.495813,50.501639],[30.495892,50.501669],[30.495973,50.501697],[30.496058,50.501721],[30.496144,50.501741],[30.496233,50.501758],[30.49631,50.501769],[30.496278,50.501803],[30.496235,50.501855],[30.496197,50.501909],[30.496165,50.501964],[30.496139,50.50202],[30.496119,50.502078],[30.496104,50.502136],[30.496096,50.502194],[30.496094,50.502253],[30.496096,50.502289],[30.496095,50.50232],[30.496098,50.502379],[30.496108,50.502437],[30.496123,50.502495],[30.496145,50.502552],[30.496172,50.502609],[30.496205,50.502664],[30.496244,50.502717],[30.496288,50.502769],[30.496337,50.502818],[30.496392,50.502866],[30.496451,50.502911],[30.496514,50.502954],[30.496582,50.502994],[30.496653,50.503031],[30.496729,50.503065],[30.496807,50.503096],[30.496889,50.503123],[30.496973,50.503147],[30.49706,50.503167],[30.497148,50.503184],[30.497238,50.503197],[30.497329,50.503206],[30.497421,50.503211],[30.497513,50.503213],[30.497606,50.503211],[30.497697,50.503204],[30.497788,50.503194],[30.497878,50.503181],[30.497966,50.503163],[30.498052,50.503142],[30.498136,50.503118],[30.498217,50.503089],[30.498236,50.503082],[30.498278,50.503099],[30.49836,50.503126],[30.498444,50.50315],[30.498531,50.50317],[30.498619,50.503187],[30.498709,50.5032],[30.4988,50.503209],[30.498892,50.503214],[30.498984,50.503216],[30.499077,50.503214],[30.499168,50.503207],[30.499259,50.503197],[30.499349,50.503184],[30.499437,50.503166],[30.499523,50.503145],[30.499607,50.503121],[30.499688,50.503092],[30.499766,50.503061],[30.499841,50.503026],[30.499911,50.502989],[30.499978,50.502948],[30.500041,50.502905],[30.500099,50.502859],[30.500152,50.502811],[30.5002,50.502761],[30.500243,50.502709],[30.500281,50.502655],[30.500313,50.5026],[30.500339,50.502544],[30.500356,50.502496],[30.500378,50.5025],[30.500468,50.502513],[30.500559,50.502522],[30.500651,50.502527],[30.500744,50.502529],[30.500836,50.502527],[30.500927,50.50252],[30.501018,50.50251],[30.501108,50.502497],[30.501196,50.502479],[30.501282,50.502458],[30.501366,50.502434],[30.501447,50.502405],[30.501525,50.502374],[30.5016,50.502339],[30.50167,50.502302],[30.501737,50.502261],[30.5018,50.502218],[30.501858,50.502172],[30.501911,50.502124],[30.501959,50.502074],[30.502002,50.502022],[30.50204,50.501968],[30.502072,50.501913],[30.502098,50.501857],[30.502118,50.501799],[30.502133,50.501741],[30.502141,50.501683],[30.502143,50.501624],[30.50214,50.501565],[30.50213,50.501507],[30.502115,50.501449],[30.502093,50.501391],[30.502066,50.501335],[30.502033,50.50128],[30.501994,50.501227],[30.50195,50.501175],[30.501901,50.501126],[30.501846,50.501078],[30.501787,50.501033],[30.501724,50.50099],[30.501656,50.50095],[30.501584,50.500913],[30.501509,50.500879],[30.50143,50.500848],[30.501349,50.500821],[30.501265,50.500797],[30.501178,50.500777],[30.50109,50.50076],[30.501,50.500747],[30.500909,50.500738],[30.500817,50.500733],[30.500725,50.500731],[30.500672,50.500732],[30.50066,50.500689],[30.500639,50.500631],[30.500612,50.500575],[30.500579,50.50052],[30.50054,50.500467],[30.500496,50.500415],[30.500447,50.500366],[30.500392,50.500318],[30.500333,50.500273],[30.50027,50.50023],[30.500202,50.50019],[30.50013,50.500153],[30.500055,50.500119],[30.499976,50.500088],[30.499895,50.500061],[30.499811,50.500037],[30.499724,50.500017],[30.499636,50.5],[30.499546,50.499987],[30.499455,50.499978],[30.499363,50.499973],[30.499271,50.499971],[30.499178,50.499973],[30.499087,50.49998],[30.498996,50.49999],[30.498906,50.500003],[30.498879,50.500009],[30.498811,50.50001],[30.49872,50.500017],[30.498629,50.500027],[30.498539,50.50004],[30.498451,50.500058],[30.498365,50.500079],[30.498281,50.500103],[30.4982,50.500132],[30.498174,50.500142],[30.498167,50.500139],[30.498085,50.500112],[30.498001,50.500088],[30.497914,50.500068],[30.497826,50.500051],[30.497736,50.500038],[30.497645,50.500029],[30.497553,50.500024],[30.497461,50.500022],[30.497368,50.500024],[30.497277,50.500031],[30.497186,50.500041],[30.497108,50.500052],[30.497032,50.500035],[30.496944,50.500018],[30.496854,50.500005],[30.496763,50.499996],[30.496671,50.49999],[30.496579,50.499989],[30.496487,50.499991],[30.496395,50.499997]]],[[[30.49459,50.50282],[30.494536,50.502772],[30.494477,50.502727],[30.494413,50.502684],[30.494346,50.502644],[30.494274,50.502607],[30.494199,50.502573],[30.49412,50.502543],[30.494038,50.502515],[30.493954,50.502491],[30.493867,50.502471],[30.493779,50.502454],[30.493689,50.502441],[30.493598,50.502432],[30.493506,50.502427],[30.493414,50.502425],[30.493322,50.502427],[30.49323,50.502434],[30.493139,50.502444],[30.49307,50.502454],[30.493013,50.502448],[30.492921,50.502443],[30.492829,50.502442],[30.492737,50.502444],[30.492645,50.50245],[30.492554,50.50246],[30.492464,50.502474],[30.492376,50.502491],[30.49229,50.502512],[30.492206,50.502537],[30.492125,50.502565],[30.492047,50.502596],[30.491973,50.502631],[30.491902,50.502669],[30.491835,50.502709],[30.491772,50.502752],[30.491714,50.502798],[30.491661,50.502846],[30.491613,50.502896],[30.49157,50.502948],[30.491532,50.503002],[30.4915,50.503057],[30.491474,50.503114],[30.491454,50.503171],[30.491439,50.503229],[30.491431,50.503288],[30.491429,50.503346],[30.491432,50.503405],[30.491442,50.503464],[30.491458,50.503522],[30.491479,50.503579],[30.491506,50.503635],[30.491539,50.50369],[30.491578,50.503743],[30.491622,50.503795],[30.491671,50.503845],[30.491726,50.503892],[30.491785,50.503938],[30.491848,50.50398],[30.491916,50.50402],[30.491987,50.504057],[30.492063,50.504091],[30.492141,50.504122],[30.492223,50.504149],[30.492307,50.504173],[30.492394,50.504194],[30.492482,50.50421],[30.492572,50.504223],[30.492663,50.504232],[30.492755,50.504238],[30.492847,50.504239],[30.49294,50.504237],[30.493031,50.504231],[30.493122,50.504221],[30.493192,50.50421],[30.493249,50.504216],[30.49334,50.504221],[30.493433,50.504223],[30.493525,50.504221],[30.493617,50.504215],[30.493707,50.504205],[30.493797,50.504191],[30.493885,50.504173],[30.493971,50.504152],[30.494055,50.504128],[30.494136,50.5041],[30.494214,50.504068],[30.494289,50.504034],[30.49436,50.503996],[30.494427,50.503955],[30.494489,50.503912],[30.494547,50.503867],[30.4946,50.503819],[30.494649,50.503768],[30.494692,50.503716],[30.494729,50.503663],[30.494761,50.503607],[30.494787,50.503551],[30.494808,50.503494],[30.494822,50.503435],[30.49483,50.503377],[30.494833,50.503318],[30.494829,50.503259],[30.49482,50.503201],[30.494804,50.503143],[30.494782,50.503086],[30.494755,50.503029],[30.494722,50.502975],[30.494683,50.502921],[30.494639,50.502869],[30.49459,50.50282]]],[[[30.497125,50.503961],[30.497071,50.503913],[30.497012,50.503868],[30.496948,50.503825],[30.49688,50.503785],[30.496809,50.503748],[30.496733,50.503714],[30.496655,50.503684],[30.496573,50.503656],[30.496489,50.503632],[30.496402,50.503612],[30.496314,50.503595],[30.496224,50.503582],[30.496133,50.503573],[30.496041,50.503568],[30.495949,50.503566],[30.495856,50.503568],[30.495765,50.503575],[30.495674,50.503585],[30.495584,50.503598],[30.495496,50.503616],[30.49541,50.503637],[30.495326,50.503662],[30.495245,50.50369],[30.495167,50.503721],[30.495093,50.503756],[30.495022,50.503793],[30.494955,50.503834],[30.494892,50.503877],[30.494834,50.503923],[30.494781,50.503971],[30.494733,50.504021],[30.49469,50.504073],[30.494652,50.504127],[30.49462,50.504182],[30.494594,50.504238],[30.494574,50.504296],[30.494559,50.504354],[30.494551,50.504412],[30.494549,50.504471],[30.494552,50.50453],[30.494562,50.504588],[30.494577,50.504646],[30.494599,50.504704],[30.494626,50.50476],[30.494659,50.504815],[30.494698,50.504868],[30.494742,50.50492],[30.494791,50.50497],[30.494846,50.505017],[30.494905,50.505062],[30.494968,50.505105],[30.495036,50.505145],[30.495097,50.505176],[30.495053,50.505192],[30.494975,50.505223],[30.4949,50.505257],[30.49483,50.505295],[30.494763,50.505336],[30.4947,50.505379],[30.494642,50.505425],[30.494589,50.505473],[30.494541,50.505523],[30.494498,50.505575],[30.49446,50.505629],[30.494428,50.505684],[30.494402,50.50574],[30.494382,50.505798],[30.494367,50.505856],[30.494359,50.505914],[30.494356,50.505973],[30.49436,50.506032],[30.49437,50.50609],[30.494385,50.506148],[30.494407,50.506205],[30.494434,50.506262],[30.494467,50.506317],[30.494506,50.50637],[30.49455,50.506422],[30.494599,50.506471],[30.494653,50.506519],[30.494712,50.506564],[30.494776,50.506607],[30.494844,50.506647],[30.494915,50.506684],[30.494991,50.506718],[30.495069,50.506748],[30.495151,50.506776],[30.495235,50.5068],[30.495322,50.50682],[30.49541,50.506837],[30.4955,50.50685],[30.495591,50.506859],[30.495683,50.506864],[30.495775,50.506866],[30.495868,50.506864],[30.495959,50.506857],[30.496006,50.506852],[30.495967,50.5069],[30.495929,50.506954],[30.495897,50.507009],[30.495871,50.507065],[30.495851,50.507123],[30.495836,50.507181],[30.495836,50.507183],[30.495822,50.507179],[30.495735,50.507159],[30.495647,50.507142],[30.495557,50.507129],[30.495466,50.50712],[30.495374,50.507115],[30.495282,50.507113],[30.495189,50.507115],[30.495098,50.507122],[30.495007,50.507132],[30.494917,50.507145],[30.494829,50.507163],[30.494743,50.507184],[30.494659,50.507208],[30.494578,50.507237],[30.4945,50.507268],[30.494425,50.507302],[30.494355,50.50734],[30.494288,50.507381],[30.494225,50.507424],[30.494167,50.50747],[30.494114,50.507518],[30.494105,50.507526],[30.494105,50.507525],[30.494072,50.50747],[30.494033,50.507416],[30.493989,50.507365],[30.49394,50.507315],[30.493886,50.507267],[30.493827,50.507222],[30.493763,50.507179],[30.493695,50.507139],[30.493624,50.507102],[30.493548,50.507068],[30.49347,50.507038],[30.493388,50.50701],[30.493304,50.506986],[30.493217,50.506966],[30.493129,50.506949],[30.493039,50.506936],[30.492962,50.506929],[30.492934,50.506896],[30.492885,50.506846],[30.49283,50.506799],[30.492772,50.506754],[30.492708,50.506711],[30.49264,50.506671],[30.492569,50.506634],[30.492493,50.5066],[30.492415,50.506569],[30.492333,50.506542],[30.492249,50.506518],[30.492162,50.506498],[30.492074,50.506481],[30.491984,50.506468],[30.491893,50.506459],[30.491801,50.506453],[30.491709,50.506452],[30.491616,50.506454],[30.491525,50.50646],[30.491434,50.50647],[30.491344,50.506484],[30.491256,50.506501],[30.49117,50.506523],[30.491086,50.506547],[30.491005,50.506575],[30.490927,50.506607],[30.490852,50.506641],[30.490781,50.506679],[30.490715,50.506719],[30.490652,50.506763],[30.490594,50.506808],[30.490541,50.506856],[30.490492,50.506906],[30.49045,50.506959],[30.490412,50.507012],[30.49038,50.507067],[30.490354,50.507124],[30.490334,50.507181],[30.490319,50.507239],[30.490311,50.507298],[30.490308,50.507357],[30.490312,50.507416],[30.490322,50.507474],[30.490337,50.507532],[30.490359,50.507589],[30.490386,50.507645],[30.490419,50.5077],[30.490458,50.507754],[30.490502,50.507805],[30.490551,50.507855],[30.490605,50.507903],[30.490664,50.507948],[30.490728,50.507991],[30.490795,50.508031],[30.490867,50.508068],[30.490942,50.508102],[30.491021,50.508132],[30.491103,50.50816],[30.491187,50.508184],[30.491274,50.508204],[30.491362,50.508221],[30.491452,50.508234],[30.491529,50.508241],[30.491557,50.508274],[30.491606,50.508324],[30.49166,50.508371],[30.491719,50.508416],[30.491783,50.508459],[30.491851,50.508499],[30.491922,50.508536],[30.491998,50.50857],[30.492076,50.508601],[30.492158,50.508628],[30.492242,50.508652],[30.492329,50.508672],[30.492417,50.508689],[30.492507,50.508702],[30.492598,50.508711],[30.49269,50.508717],[30.492782,50.508718],[30.492874,50.508716],[30.492966,50.50871],[30.493057,50.5087],[30.493147,50.508686],[30.493235,50.508669],[30.493321,50.508647],[30.493405,50.508623],[30.493486,50.508595],[30.493564,50.508563],[30.493639,50.508529],[30.493709,50.508491],[30.493776,50.508451],[30.493839,50.508407],[30.493897,50.508362],[30.49395,50.508314],[30.493958,50.508305],[30.493959,50.508307],[30.493992,50.508362],[30.494031,50.508415],[30.494075,50.508467],[30.494124,50.508516],[30.494178,50.508564],[30.494237,50.508609],[30.494301,50.508652],[30.494369,50.508692],[30.49444,50.508729],[30.494516,50.508763],[30.494594,50.508793],[30.494676,50.508821],[30.49476,50.508845],[30.494847,50.508865],[30.494935,50.508882],[30.495025,50.508895],[30.495116,50.508904],[30.495208,50.508909],[30.4953,50.508911],[30.495393,50.508909],[30.495484,50.508902],[30.495575,50.508892],[30.495665,50.508879],[30.495753,50.508861],[30.495839,50.50884],[30.495923,50.508816],[30.49593,50.508813],[30.49597,50.50886],[30.496019,50.508909],[30.496073,50.508957],[30.496132,50.509002],[30.496196,50.509045],[30.496264,50.509085],[30.496335,50.509122],[30.496411,50.509156],[30.496489,50.509187],[30.496571,50.509214],[30.496655,50.509238],[30.496742,50.509258],[30.49683,50.509275],[30.49692,50.509288],[30.497011,50.509297],[30.497103,50.509302],[30.497195,50.509304],[30.497288,50.509302],[30.497379,50.509295],[30.49747,50.509285],[30.49756,50.509272],[30.497648,50.509254],[30.497734,50.509233],[30.497818,50.509209],[30.497899,50.50918],[30.497977,50.509149],[30.498052,50.509115],[30.498123,50.509077],[30.498189,50.509036],[30.498252,50.508993],[30.49831,50.508947],[30.498363,50.508899],[30.498412,50.508849],[30.498454,50.508797],[30.498492,50.508743],[30.498524,50.508688],[30.49855,50.508632],[30.49857,50.508574],[30.498585,50.508516],[30.498593,50.508458],[30.498596,50.508399],[30.498592,50.50834],[30.498588,50.508317],[30.498605,50.508325],[30.498683,50.508356],[30.498765,50.508383],[30.498849,50.508407],[30.498936,50.508427],[30.499024,50.508444],[30.499114,50.508457],[30.499205,50.508466],[30.499297,50.508471],[30.499389,50.508473],[30.499482,50.508471],[30.499573,50.508464],[30.499664,50.508454],[30.499754,50.508441],[30.499842,50.508423],[30.499928,50.508402],[30.500012,50.508378],[30.500093,50.508349],[30.500093,50.508349],[30.500118,50.508401],[30.500151,50.508456],[30.50019,50.508509],[30.500234,50.508561],[30.500283,50.508611],[30.500338,50.508658],[30.500397,50.508704],[30.50046,50.508746],[30.500528,50.508786],[30.5006,50.508823],[30.500675,50.508857],[30.500754,50.508888],[30.500835,50.508915],[30.500919,50.508939],[30.501006,50.50896],[30.501094,50.508976],[30.501184,50.508989],[30.501276,50.508998],[30.501367,50.509004],[30.50146,50.509005],[30.501552,50.509003],[30.501644,50.508997],[30.501734,50.508987],[30.501824,50.508973],[30.501912,50.508956],[30.501998,50.508935],[30.502082,50.50891],[30.502163,50.508882],[30.502241,50.508851],[30.502316,50.508816],[30.502387,50.508778],[30.502417,50.50876],[30.502482,50.508775],[30.50257,50.508792],[30.50266,50.508805],[30.502751,50.508814],[30.502843,50.508819],[30.502936,50.508821],[30.503028,50.508819],[30.503119,50.508812],[30.50321,50.508802],[30.5033,50.508789],[30.503388,50.508771],[30.503474,50.50875],[30.503558,50.508726],[30.503639,50.508697],[30.503717,50.508666],[30.503792,50.508631],[30.503863,50.508594],[30.50393,50.508553],[30.503992,50.50851],[30.50405,50.508464],[30.504103,50.508416],[30.504152,50.508366],[30.504194,50.508314],[30.504232,50.50826],[30.504264,50.508205],[30.50429,50.508149],[30.50431,50.508091],[30.504325,50.508033],[30.504333,50.507975],[30.504336,50.507916],[30.504332,50.507857],[30.504322,50.507799],[30.504307,50.507741],[30.504285,50.507683],[30.504258,50.507627],[30.504225,50.507572],[30.504186,50.507519],[30.504142,50.507467],[30.504093,50.507418],[30.504039,50.50737],[30.50398,50.507325],[30.503916,50.507282],[30.503848,50.507242],[30.503777,50.507205],[30.503701,50.507171],[30.503623,50.50714],[30.503541,50.507113],[30.503491,50.507099],[30.503558,50.507086],[30.503644,50.507065],[30.503727,50.50704],[30.503808,50.507012],[30.503886,50.506981],[30.503961,50.506946],[30.504032,50.506909],[30.504099,50.506868],[30.504161,50.506825],[30.50422,50.506779],[30.504273,50.506731],[30.504321,50.506681],[30.504364,50.506629],[30.504401,50.506575],[30.504433,50.50652],[30.504459,50.506463],[30.50448,50.506406],[30.504494,50.506348],[30.504503,50.506289],[30.504505,50.506231],[30.504501,50.506172],[30.504492,50.506113],[30.504476,50.506055],[30.504454,50.505998],[30.504427,50.505942],[30.504394,50.505887],[30.504355,50.505834],[30.504311,50.505782],[30.504262,50.505732],[30.504208,50.505685],[30.504149,50.505639],[30.504085,50.505597],[30.504018,50.505557],[30.503946,50.50552],[30.503871,50.505486],[30.503792,50.505455],[30.50371,50.505428],[30.503626,50.505404],[30.503539,50.505384],[30.503451,50.505367],[30.503361,50.505354],[30.50327,50.505345],[30.503178,50.505339],[30.503086,50.505338],[30.502994,50.50534],[30.502902,50.505346],[30.502811,50.505356],[30.502721,50.50537],[30.502633,50.505387],[30.502547,50.505409],[30.502463,50.505433],[30.502382,50.505461],[30.502304,50.505493],[30.50223,50.505527],[30.502159,50.505565],[30.502092,50.505605],[30.502029,50.505649],[30.501971,50.505694],[30.501918,50.505742],[30.50187,50.505793],[30.501827,50.505845],[30.501789,50.505898],[30.501758,50.505954],[30.501731,50.50601],[30.501711,50.506067],[30.501697,50.506125],[30.501688,50.506184],[30.501686,50.506243],[30.501689,50.506302],[30.501699,50.50636],[30.501715,50.506418],[30.501736,50.506475],[30.501764,50.506531],[30.501797,50.506586],[30.501835,50.50664],[30.501879,50.506691],[30.501929,50.506741],[30.501983,50.506789],[30.502042,50.506834],[30.502105,50.506877],[30.502173,50.506917],[30.502245,50.506954],[30.50232,50.506988],[30.502399,50.507018],[30.502481,50.507046],[30.50253,50.50706],[30.502464,50.507073],[30.502378,50.507094],[30.502294,50.507118],[30.502213,50.507147],[30.502135,50.507178],[30.50206,50.507213],[30.501989,50.50725],[30.501959,50.507269],[30.501894,50.507253],[30.501806,50.507237],[30.501716,50.507224],[30.501625,50.507214],[30.501533,50.507209],[30.501441,50.507208],[30.501348,50.50721],[30.501257,50.507216],[30.501166,50.507226],[30.501076,50.50724],[30.500988,50.507257],[30.500902,50.507278],[30.500818,50.507303],[30.500737,50.507331],[30.500737,50.507331],[30.500712,50.507279],[30.500679,50.507224],[30.500647,50.507181],[30.500643,50.507122],[30.500634,50.507064],[30.500618,50.507006],[30.500597,50.506949],[30.500569,50.506892],[30.500536,50.506838],[30.500497,50.506784],[30.500453,50.506732],[30.500404,50.506683],[30.50035,50.506635],[30.500291,50.50659],[30.500227,50.506547],[30.50016,50.506507],[30.500088,50.50647],[30.500013,50.506436],[30.499934,50.506406],[30.499852,50.506378],[30.499768,50.506354],[30.499682,50.506334],[30.499593,50.506317],[30.499503,50.506304],[30.499412,50.506295],[30.49932,50.50629],[30.499228,50.506288],[30.499136,50.506291],[30.499044,50.506297],[30.498953,50.506307],[30.498863,50.50632],[30.498775,50.506338],[30.498689,50.506359],[30.498605,50.506384],[30.498524,50.506412],[30.498446,50.506443],[30.498372,50.506478],[30.498301,50.506515],[30.498234,50.506556],[30.498171,50.506599],[30.498156,50.506611],[30.498086,50.506575],[30.49801,50.506541],[30.497932,50.50651],[30.49785,50.506483],[30.497766,50.506459],[30.497679,50.506439],[30.497591,50.506422],[30.497501,50.506409],[30.49741,50.5064],[30.497318,50.506395],[30.497226,50.506393],[30.497133,50.506395],[30.497042,50.506402],[30.496995,50.506407],[30.497034,50.506359],[30.497072,50.506305],[30.497104,50.50625],[30.49713,50.506194],[30.49715,50.506136],[30.497165,50.506078],[30.497173,50.50602],[30.497176,50.505961],[30.497172,50.505902],[30.497162,50.505844],[30.497147,50.505786],[30.497125,50.505729],[30.497098,50.505672],[30.497065,50.505617],[30.497026,50.505564],[30.496982,50.505512],[30.496933,50.505463],[30.496879,50.505415],[30.49682,50.50537],[30.496756,50.505327],[30.496688,50.505287],[30.496627,50.505256],[30.496671,50.505241],[30.496749,50.505209],[30.496824,50.505175],[30.496895,50.505137],[30.496961,50.505097],[30.497024,50.505053],[30.497082,50.505008],[30.497135,50.50496],[30.497183,50.504909],[30.497226,50.504857],[30.497264,50.504804],[30.497296,50.504748],[30.497322,50.504692],[30.497342,50.504635],[30.497357,50.504576],[30.497365,50.504518],[30.497368,50.504459],[30.497364,50.5044],[30.497354,50.504342],[30.497339,50.504284],[30.497317,50.504227],[30.49729,50.50417],[30.497257,50.504116],[30.497218,50.504062],[30.497174,50.50401],[30.497125,50.503961]]],[[[30.504006,50.488797],[30.503956,50.488748],[30.503902,50.4887],[30.503843,50.488655],[30.50378,50.488612],[30.503712,50.488572],[30.50364,50.488535],[30.503565,50.488501],[30.503486,50.48847],[30.503405,50.488443],[30.50332,50.488419],[30.503234,50.488399],[30.503145,50.488382],[30.503056,50.488369],[30.502964,50.48836],[30.502873,50.488355],[30.50278,50.488353],[30.502688,50.488355],[30.502597,50.488362],[30.502506,50.488372],[30.502416,50.488385],[30.502328,50.488403],[30.502242,50.488424],[30.502158,50.488448],[30.502077,50.488477],[30.501999,50.488508],[30.501925,50.488543],[30.501854,50.48858],[30.501787,50.488621],[30.501724,50.488664],[30.501666,50.48871],[30.501613,50.488758],[30.501565,50.488808],[30.501522,50.48886],[30.501485,50.488914],[30.501453,50.488969],[30.501426,50.489025],[30.501406,50.489083],[30.501392,50.489141],[30.501383,50.489199],[30.501381,50.489258],[30.501385,50.489317],[30.501394,50.489375],[30.50141,50.489433],[30.501431,50.489491],[30.501459,50.489547],[30.501492,50.489602],[30.50153,50.489655],[30.501574,50.489707],[30.501624,50.489756],[30.501678,50.489804],[30.501737,50.489849],[30.5018,50.489892],[30.501868,50.489932],[30.50194,50.489969],[30.502015,50.490003],[30.502094,50.490034],[30.502175,50.490061],[30.50226,50.490085],[30.502346,50.490105],[30.502435,50.490122],[30.502524,50.490135],[30.502616,50.490144],[30.502707,50.490149],[30.5028,50.490151],[30.502892,50.490149],[30.502983,50.490142],[30.503074,50.490132],[30.503164,50.490119],[30.503252,50.490101],[30.503338,50.49008],[30.503422,50.490056],[30.503503,50.490027],[30.503581,50.489996],[30.503655,50.489961],[30.503726,50.489924],[30.503793,50.489883],[30.503856,50.48984],[30.503914,50.489794],[30.503967,50.489746],[30.504015,50.489696],[30.504058,50.489644],[30.504095,50.48959],[30.504127,50.489535],[30.504154,50.489479],[30.504174,50.489421],[30.504188,50.489363],[30.504197,50.489305],[30.504199,50.489246],[30.504195,50.489187],[30.504186,50.489129],[30.50417,50.489071],[30.504149,50.489013],[30.504121,50.488957],[30.504088,50.488902],[30.50405,50.488849],[30.504006,50.488797]]],[[[30.50653,50.492035],[30.506458,50.491998],[30.506383,50.491964],[30.506304,50.491933],[30.506223,50.491906],[30.506138,50.491882],[30.506052,50.491862],[30.505963,50.491845],[30.505874,50.491832],[30.505782,50.491823],[30.505691,50.491818],[30.505598,50.491816],[30.505506,50.491818],[30.505415,50.491825],[30.505324,50.491835],[30.505234,50.491848],[30.505146,50.491866],[30.50506,50.491887],[30.504976,50.491911],[30.504895,50.49194],[30.504817,50.491971],[30.504743,50.492006],[30.504672,50.492043],[30.504605,50.492084],[30.504542,50.492127],[30.504484,50.492173],[30.504431,50.492221],[30.504383,50.492271],[30.50434,50.492323],[30.504302,50.492377],[30.504271,50.492432],[30.504244,50.492488],[30.504224,50.492546],[30.50421,50.492604],[30.504201,50.492662],[30.504199,50.492721],[30.504202,50.49278],[30.504212,50.492838],[30.504228,50.492896],[30.504249,50.492954],[30.504277,50.49301],[30.50431,50.493065],[30.504348,50.493118],[30.504392,50.49317],[30.504442,50.49322],[30.504496,50.493267],[30.504555,50.493312],[30.504618,50.493355],[30.504686,50.493395],[30.504758,50.493432],[30.504833,50.493466],[30.504912,50.493497],[30.504993,50.493524],[30.505078,50.493548],[30.505164,50.493568],[30.505253,50.493585],[30.505342,50.493598],[30.505434,50.493607],[30.505525,50.493612],[30.505618,50.493614],[30.505679,50.493612],[30.505702,50.493659],[30.505735,50.493714],[30.505773,50.493767],[30.505817,50.493819],[30.505867,50.493869],[30.505921,50.493916],[30.50598,50.493961],[30.506043,50.494004],[30.506067,50.494018],[30.506084,50.494035],[30.506138,50.494082],[30.506197,50.494127],[30.50626,50.49417],[30.506328,50.49421],[30.5064,50.494247],[30.506475,50.494281],[30.506554,50.494312],[30.506635,50.494339],[30.50672,50.494363],[30.506806,50.494383],[30.506895,50.4944],[30.506985,50.494413],[30.507076,50.494422],[30.507167,50.494427],[30.50726,50.494429],[30.507352,50.494427],[30.507443,50.49442],[30.507534,50.49441],[30.507624,50.494397],[30.507712,50.494379],[30.507798,50.494358],[30.507867,50.494338],[30.507882,50.494392],[30.507903,50.49445],[30.507931,50.494506],[30.507964,50.494561],[30.508002,50.494614],[30.508046,50.494666],[30.508096,50.494716],[30.50815,50.494763],[30.508209,50.494808],[30.508272,50.494851],[30.50834,50.494891],[30.508412,50.494928],[30.508487,50.494962],[30.508566,50.494993],[30.508647,50.49502],[30.508732,50.495044],[30.508818,50.495064],[30.508907,50.495081],[30.508997,50.495094],[30.509088,50.495103],[30.509179,50.495108],[30.509272,50.49511],[30.509364,50.495108],[30.509456,50.495101],[30.509546,50.495091],[30.509636,50.495078],[30.509724,50.49506],[30.50981,50.495039],[30.509894,50.495014],[30.509975,50.494986],[30.510053,50.494955],[30.510128,50.49492],[30.510198,50.494883],[30.510265,50.494842],[30.510328,50.494799],[30.510383,50.494755],[30.510463,50.494767],[30.510554,50.494776],[30.510646,50.494781],[30.510738,50.494783],[30.51083,50.494781],[30.510922,50.494774],[30.510936,50.494773],[30.511006,50.494804],[30.511085,50.494835],[30.511167,50.494863],[30.511251,50.494886],[30.511337,50.494907],[30.511426,50.494924],[30.511516,50.494936],[30.511607,50.494946],[30.511699,50.494951],[30.511791,50.494953],[30.511883,50.49495],[30.511975,50.494944],[30.512066,50.494934],[30.512155,50.49492],[30.512243,50.494903],[30.512329,50.494882],[30.512413,50.494857],[30.512494,50.494829],[30.512572,50.494798],[30.512647,50.494763],[30.512718,50.494725],[30.512784,50.494685],[30.51282,50.49466],[30.512883,50.494689],[30.512962,50.49472],[30.513043,50.494747],[30.513128,50.494771],[30.513214,50.494791],[30.513303,50.494808],[30.513393,50.494821],[30.513484,50.49483],[30.513576,50.494835],[30.513668,50.494837],[30.51376,50.494835],[30.513852,50.494828],[30.513942,50.494818],[30.514021,50.494806],[30.514055,50.494836],[30.514114,50.494881],[30.514177,50.494924],[30.514245,50.494964],[30.514317,50.495001],[30.514392,50.495035],[30.514471,50.495065],[30.514552,50.495093],[30.514637,50.495117],[30.514723,50.495137],[30.514812,50.495154],[30.514902,50.495166],[30.514993,50.495176],[30.515085,50.495181],[30.515177,50.495183],[30.515269,50.49518],[30.515361,50.495174],[30.515451,50.495164],[30.515541,50.49515],[30.515629,50.495133],[30.515715,50.495112],[30.515799,50.495087],[30.51588,50.495059],[30.515958,50.495028],[30.516033,50.494993],[30.516103,50.494955],[30.51617,50.494915],[30.516233,50.494872],[30.516291,50.494826],[30.516344,50.494778],[30.516356,50.494766],[30.516405,50.494773],[30.516496,50.494782],[30.516588,50.494787],[30.51668,50.494789],[30.516772,50.494787],[30.516864,50.49478],[30.516955,50.49477],[30.517044,50.494757],[30.517046,50.494756],[30.517118,50.494789],[30.517197,50.494819],[30.517278,50.494847],[30.517362,50.494871],[30.517449,50.494891],[30.517537,50.494908],[30.517627,50.494921],[30.517718,50.49493],[30.51781,50.494935],[30.517902,50.494937],[30.517995,50.494934],[30.518086,50.494928],[30.518177,50.494918],[30.518267,50.494904],[30.518355,50.494887],[30.518441,50.494866],[30.518525,50.494841],[30.518606,50.494813],[30.518684,50.494782],[30.518758,50.494747],[30.518829,50.494709],[30.518896,50.494669],[30.518909,50.49466],[30.518954,50.494681],[30.519033,50.494712],[30.519115,50.494739],[30.519199,50.494763],[30.519285,50.494783],[30.51936,50.494797],[30.519343,50.494834],[30.519323,50.494892],[30.519308,50.49495],[30.5193,50.495008],[30.519298,50.495067],[30.519301,50.495126],[30.519311,50.495185],[30.519327,50.495242],[30.519348,50.4953],[30.519363,50.495329],[30.51935,50.495331],[30.51926,50.495344],[30.519172,50.495362],[30.519086,50.495383],[30.519002,50.495408],[30.518921,50.495436],[30.518843,50.495467],[30.518769,50.495502],[30.518698,50.495539],[30.518631,50.49558],[30.518568,50.495623],[30.51851,50.495669],[30.518457,50.495717],[30.518409,50.495767],[30.518366,50.495819],[30.518329,50.495873],[30.518297,50.495928],[30.51827,50.495984],[30.51825,50.496042],[30.518236,50.4961],[30.518227,50.496159],[30.518225,50.496217],[30.518229,50.496276],[30.518238,50.496335],[30.518254,50.496393],[30.518276,50.49645],[30.518283,50.496466],[30.518215,50.496476],[30.518127,50.496494],[30.518041,50.496515],[30.517957,50.49654],[30.517876,50.496568],[30.517798,50.496599],[30.517723,50.496634],[30.517652,50.496671],[30.517586,50.496712],[30.517523,50.496755],[30.517465,50.496801],[30.517412,50.496849],[30.517364,50.496899],[30.517321,50.496951],[30.517283,50.497005],[30.517251,50.49706],[30.517225,50.497116],[30.517205,50.497174],[30.51719,50.497232],[30.517182,50.49729],[30.51718,50.497349],[30.517183,50.497408],[30.517193,50.497467],[30.517209,50.497525],[30.517229,50.497577],[30.517196,50.497582],[30.517108,50.4976],[30.517022,50.497621],[30.516938,50.497646],[30.516857,50.497674],[30.516779,50.497705],[30.516704,50.49774],[30.516633,50.497777],[30.516567,50.497818],[30.516504,50.497861],[30.516448,50.497905],[30.51644,50.497905],[30.516348,50.497912],[30.516257,50.497922],[30.516168,50.497935],[30.51608,50.497953],[30.515994,50.497974],[30.51591,50.497999],[30.515829,50.498027],[30.515751,50.498058],[30.515676,50.498093],[30.515605,50.49813],[30.515539,50.498171],[30.515476,50.498214],[30.515418,50.49826],[30.515365,50.498308],[30.515317,50.498358],[30.515274,50.49841],[30.515236,50.498464],[30.515204,50.498519],[30.515178,50.498575],[30.515158,50.498633],[30.515143,50.498691],[30.515135,50.498749],[30.515133,50.498808],[30.515136,50.498867],[30.515146,50.498926],[30.515162,50.498983],[30.515183,50.499041],[30.515192,50.49906],[30.515162,50.499112],[30.515136,50.499168],[30.515116,50.499226],[30.515101,50.499284],[30.515093,50.499342],[30.515092,50.499366],[30.515046,50.499403],[30.514993,50.499451],[30.514945,50.499501],[30.514902,50.499553],[30.514864,50.499607],[30.514832,50.499662],[30.514806,50.499718],[30.514786,50.499776],[30.514771,50.499834],[30.514763,50.499892],[30.514761,50.499951],[30.514764,50.50001],[30.514774,50.500069],[30.51479,50.500126],[30.514811,50.500184],[30.514839,50.50024],[30.514872,50.500295],[30.51491,50.500348],[30.514954,50.5004],[30.515004,50.50045],[30.515043,50.500484],[30.515047,50.500491],[30.515019,50.500502],[30.514944,50.500537],[30.514873,50.500574],[30.514806,50.500615],[30.514744,50.500658],[30.514686,50.500704],[30.514633,50.500752],[30.514585,50.500802],[30.514542,50.500854],[30.514504,50.500908],[30.514472,50.500963],[30.514446,50.501019],[30.514446,50.50102],[30.514412,50.501024],[30.514322,50.501037],[30.514234,50.501055],[30.514148,50.501076],[30.514064,50.501101],[30.513983,50.501129],[30.513905,50.50116],[30.513831,50.501195],[30.51376,50.501232],[30.513693,50.501273],[30.51363,50.501316],[30.513572,50.501362],[30.513519,50.50141],[30.513471,50.50146],[30.513428,50.501512],[30.513391,50.501566],[30.513359,50.501621],[30.513333,50.501678],[30.513312,50.501735],[30.513298,50.501793],[30.513289,50.501852],[30.513287,50.50191],[30.513291,50.501969],[30.5133,50.502028],[30.513316,50.502086],[30.513338,50.502143],[30.513365,50.502199],[30.513398,50.502254],[30.513437,50.502307],[30.513481,50.502359],[30.51353,50.502409],[30.513584,50.502456],[30.513643,50.502502],[30.513707,50.502544],[30.513775,50.502584],[30.513846,50.502621],[30.513922,50.502655],[30.514,50.502686],[30.514082,50.502713],[30.514166,50.502737],[30.514253,50.502757],[30.514341,50.502774],[30.514431,50.502787],[30.514522,50.502796],[30.514614,50.502802],[30.514706,50.502803],[30.514798,50.502801],[30.51489,50.502795],[30.514981,50.502785],[30.515071,50.502771],[30.515159,50.502753],[30.515245,50.502732],[30.515329,50.502708],[30.51541,50.50268],[30.515488,50.502648],[30.515562,50.502614],[30.515633,50.502576],[30.5157,50.502535],[30.515763,50.502492],[30.515821,50.502446],[30.515874,50.502398],[30.515922,50.502348],[30.515965,50.502296],[30.516002,50.502242],[30.516034,50.502187],[30.51606,50.502131],[30.516061,50.50213],[30.516095,50.502126],[30.516184,50.502113],[30.516272,50.502095],[30.516358,50.502074],[30.516442,50.502049],[30.516523,50.502021],[30.516601,50.50199],[30.516676,50.501955],[30.516747,50.501918],[30.516814,50.501877],[30.516876,50.501834],[30.516934,50.501788],[30.516987,50.50174],[30.517036,50.50169],[30.517045,50.501679],[30.517104,50.501677],[30.517196,50.501671],[30.517287,50.501661],[30.517377,50.501647],[30.517465,50.50163],[30.517551,50.501609],[30.517635,50.501584],[30.517716,50.501556],[30.517794,50.501525],[30.517868,50.50149],[30.517939,50.501452],[30.518006,50.501412],[30.518069,50.501369],[30.518127,50.501323],[30.51818,50.501275],[30.518228,50.501225],[30.518271,50.501173],[30.518308,50.501119],[30.518311,50.501115],[30.518342,50.501121],[30.518432,50.501134],[30.518523,50.501143],[30.518615,50.501148],[30.518707,50.50115],[30.518799,50.501148],[30.518891,50.501141],[30.518982,50.501131],[30.519071,50.501118],[30.519159,50.5011],[30.519245,50.501079],[30.519329,50.501054],[30.51941,50.501026],[30.519488,50.500995],[30.519563,50.50096],[30.519634,50.500923],[30.519701,50.500882],[30.519763,50.500839],[30.519821,50.500793],[30.519874,50.500745],[30.519923,50.500695],[30.519965,50.500643],[30.520003,50.500589],[30.520035,50.500534],[30.520043,50.500515],[30.520083,50.500479],[30.520115,50.500447],[30.520162,50.500418],[30.520224,50.500375],[30.520282,50.500329],[30.520335,50.500281],[30.520384,50.500231],[30.520426,50.500179],[30.520464,50.500125],[30.520496,50.50007],[30.520522,50.500014],[30.520542,50.499956],[30.520557,50.499898],[30.520565,50.49984],[30.520567,50.499781],[30.520564,50.499722],[30.520554,50.499663],[30.520538,50.499605],[30.520517,50.499548],[30.520517,50.499548],[30.520521,50.499548],[30.520613,50.499541],[30.520704,50.499531],[30.520793,50.499518],[30.520881,50.4995],[30.520967,50.499479],[30.521051,50.499454],[30.521132,50.499426],[30.52121,50.499395],[30.521285,50.49936],[30.521356,50.499323],[30.521423,50.499282],[30.521485,50.499239],[30.521543,50.499193],[30.521596,50.499145],[30.521644,50.499095],[30.521687,50.499043],[30.521725,50.498989],[30.521757,50.498934],[30.521783,50.498878],[30.521803,50.49882],[30.521818,50.498762],[30.521826,50.498703],[30.521828,50.498645],[30.521825,50.498586],[30.521815,50.498527],[30.521799,50.498469],[30.521778,50.498412],[30.52175,50.498356],[30.521717,50.498301],[30.521679,50.498248],[30.521635,50.498196],[30.521585,50.498146],[30.521531,50.498099],[30.521472,50.498054],[30.521409,50.498011],[30.521388,50.497999],[30.521423,50.497962],[30.521466,50.49791],[30.521504,50.497856],[30.521536,50.497801],[30.521562,50.497745],[30.521582,50.497687],[30.521597,50.497629],[30.521605,50.497571],[30.521607,50.497512],[30.521604,50.497453],[30.521594,50.497394],[30.521578,50.497336],[30.521563,50.497297],[30.521579,50.497297],[30.521671,50.49729],[30.521686,50.497289],[30.521698,50.497289],[30.52179,50.497291],[30.521882,50.497289],[30.521974,50.497282],[30.522065,50.497272],[30.522154,50.497259],[30.522242,50.497241],[30.522328,50.49722],[30.522412,50.497195],[30.522493,50.497167],[30.522571,50.497136],[30.522646,50.497101],[30.522717,50.497064],[30.522784,50.497023],[30.522846,50.49698],[30.522904,50.496934],[30.522957,50.496886],[30.523005,50.496836],[30.523048,50.496784],[30.523086,50.49673],[30.523118,50.496675],[30.523144,50.496619],[30.523164,50.496561],[30.523177,50.496509],[30.523231,50.496501],[30.523319,50.496483],[30.523405,50.496462],[30.523489,50.496437],[30.523527,50.496424],[30.523578,50.496414],[30.523664,50.496393],[30.523748,50.496368],[30.523829,50.49634],[30.523907,50.496309],[30.523982,50.496274],[30.524053,50.496237],[30.52412,50.496196],[30.524182,50.496153],[30.52424,50.496107],[30.524293,50.496059],[30.524341,50.496009],[30.524384,50.495957],[30.524422,50.495903],[30.524454,50.495848],[30.52448,50.495792],[30.5245,50.495734],[30.524515,50.495676],[30.524523,50.495617],[30.524525,50.495559],[30.524522,50.4955],[30.524512,50.495441],[30.524496,50.495383],[30.524475,50.495326],[30.524447,50.49527],[30.524414,50.495215],[30.524376,50.495162],[30.524331,50.49511],[30.524282,50.49506],[30.524228,50.495013],[30.524169,50.494968],[30.524105,50.494925],[30.524038,50.494885],[30.523966,50.494848],[30.523923,50.494829],[30.523991,50.494797],[30.524061,50.49476],[30.524116,50.494776],[30.524202,50.494796],[30.524291,50.494813],[30.524381,50.494826],[30.524472,50.494835],[30.524564,50.49484],[30.524656,50.494842],[30.524748,50.49484],[30.52484,50.494833],[30.524931,50.494823],[30.52502,50.49481],[30.525108,50.494792],[30.525194,50.494771],[30.525278,50.494746],[30.525359,50.494718],[30.525437,50.494687],[30.525512,50.494652],[30.525583,50.494615],[30.52565,50.494574],[30.525712,50.494531],[30.52577,50.494485],[30.525823,50.494437],[30.525871,50.494387],[30.525914,50.494335],[30.525952,50.494281],[30.525984,50.494226],[30.52601,50.49417],[30.52603,50.494112],[30.526044,50.494054],[30.526053,50.493995],[30.526055,50.493937],[30.526052,50.493878],[30.526042,50.493819],[30.526026,50.493761],[30.526005,50.493704],[30.525977,50.493648],[30.525944,50.493593],[30.525905,50.49354],[30.525861,50.493488],[30.525812,50.493438],[30.525758,50.493391],[30.525699,50.493346],[30.525635,50.493303],[30.525568,50.493263],[30.525496,50.493226],[30.525537,50.493194],[30.525555,50.493178],[30.525565,50.493178],[30.525657,50.49318],[30.525749,50.493178],[30.525841,50.493171],[30.525932,50.493161],[30.526021,50.493148],[30.526109,50.49313],[30.526195,50.493109],[30.526279,50.493084],[30.52636,50.493056],[30.526438,50.493025],[30.526513,50.49299],[30.526584,50.492953],[30.52665,50.492912],[30.526713,50.492869],[30.526771,50.492823],[30.526824,50.492775],[30.526872,50.492725],[30.526915,50.492673],[30.526953,50.492619],[30.526985,50.492564],[30.527011,50.492508],[30.527031,50.49245],[30.527037,50.492428],[30.527066,50.492429],[30.527158,50.492431],[30.52725,50.492429],[30.527342,50.492422],[30.527433,50.492412],[30.527522,50.492399],[30.52761,50.492381],[30.527697,50.49236],[30.52778,50.492335],[30.527861,50.492307],[30.527939,50.492276],[30.528014,50.492241],[30.528085,50.492204],[30.528152,50.492163],[30.528214,50.49212],[30.528272,50.492074],[30.528325,50.492026],[30.528373,50.491976],[30.528416,50.491924],[30.528454,50.49187],[30.528486,50.491815],[30.528512,50.491758],[30.528532,50.491701],[30.528546,50.491643],[30.528555,50.491584],[30.528557,50.491526],[30.528553,50.491467],[30.528544,50.491408],[30.528528,50.49135],[30.528507,50.491293],[30.528479,50.491237],[30.528446,50.491182],[30.528407,50.491129],[30.528363,50.491077],[30.528314,50.491027],[30.52826,50.49098],[30.528201,50.490934],[30.528137,50.490892],[30.52807,50.490852],[30.527998,50.490815],[30.527923,50.490781],[30.527844,50.49075],[30.527793,50.490733],[30.52778,50.490686],[30.527759,50.490629],[30.527731,50.490573],[30.527698,50.490518],[30.527659,50.490465],[30.527615,50.490413],[30.527566,50.490363],[30.527512,50.490316],[30.527453,50.490271],[30.527389,50.490228],[30.527322,50.490188],[30.52725,50.490151],[30.527175,50.490117],[30.527096,50.490086],[30.527014,50.490059],[30.52693,50.490035],[30.526843,50.490015],[30.526755,50.489998],[30.526665,50.489985],[30.526574,50.489976],[30.526482,50.489971],[30.52639,50.489969],[30.526298,50.489971],[30.526206,50.489978],[30.526115,50.489988],[30.526026,50.490001],[30.525938,50.490019],[30.525852,50.49004],[30.525768,50.490065],[30.525687,50.490093],[30.525609,50.490124],[30.525534,50.490159],[30.525463,50.490196],[30.525397,50.490237],[30.525334,50.49028],[30.525276,50.490326],[30.525223,50.490374],[30.525175,50.490424],[30.525132,50.490476],[30.525094,50.49053],[30.525062,50.490585],[30.525036,50.490641],[30.525016,50.490699],[30.525002,50.490757],[30.524993,50.490816],[30.524991,50.490874],[30.524995,50.490933],[30.525004,50.490992],[30.52502,50.49105],[30.525041,50.491107],[30.525069,50.491163],[30.525102,50.491218],[30.525141,50.491271],[30.525185,50.491323],[30.525234,50.491373],[30.52528,50.491413],[30.525273,50.491414],[30.525185,50.491432],[30.525099,50.491453],[30.525042,50.49147],[30.524984,50.49144],[30.524909,50.491406],[30.52483,50.491375],[30.524748,50.491348],[30.524664,50.491324],[30.524578,50.491304],[30.524489,50.491287],[30.524399,50.491274],[30.524308,50.491265],[30.524216,50.49126],[30.524124,50.491258],[30.524032,50.49126],[30.52394,50.491267],[30.523849,50.491277],[30.52376,50.49129],[30.523672,50.491308],[30.523586,50.491329],[30.523502,50.491354],[30.523421,50.491382],[30.523343,50.491413],[30.523268,50.491448],[30.523197,50.491485],[30.523131,50.491526],[30.523068,50.491569],[30.52301,50.491615],[30.522957,50.491663],[30.522909,50.491713],[30.522866,50.491765],[30.522828,50.491819],[30.522796,50.491874],[30.52277,50.49193],[30.52275,50.491988],[30.522736,50.492046],[30.522727,50.492105],[30.522725,50.492163],[30.522729,50.492222],[30.522738,50.492281],[30.522754,50.492339],[30.522775,50.492396],[30.522803,50.492452],[30.522836,50.492507],[30.522875,50.49256],[30.522919,50.492612],[30.522968,50.492662],[30.523006,50.492695],[30.523008,50.492717],[30.523017,50.492776],[30.523033,50.492834],[30.523054,50.492891],[30.523082,50.492947],[30.523115,50.493002],[30.523144,50.493042],[30.523113,50.493056],[30.523042,50.493093],[30.522976,50.493134],[30.522913,50.493177],[30.52288,50.493203],[30.522841,50.493208],[30.522751,50.493221],[30.522663,50.493239],[30.522577,50.49326],[30.522493,50.493285],[30.522412,50.493313],[30.522334,50.493344],[30.522332,50.493345],[30.522252,50.493318],[30.522167,50.493294],[30.522081,50.493274],[30.521992,50.493257],[30.521902,50.493245],[30.521811,50.493235],[30.52172,50.49323],[30.521627,50.493228],[30.521535,50.493231],[30.521443,50.493237],[30.521353,50.493247],[30.521263,50.493261],[30.521175,50.493278],[30.521089,50.493299],[30.521005,50.493324],[30.520924,50.493352],[30.520847,50.493383],[30.520841,50.493378],[30.520782,50.493333],[30.520718,50.49329],[30.520651,50.49325],[30.520579,50.493213],[30.520567,50.493207],[30.520587,50.493191],[30.520641,50.493143],[30.520689,50.493093],[30.520732,50.493041],[30.520769,50.492987],[30.520801,50.492932],[30.520827,50.492875],[30.520847,50.492818],[30.520862,50.49276],[30.52087,50.492701],[30.520873,50.492642],[30.520869,50.492584],[30.520859,50.492525],[30.520844,50.492467],[30.520822,50.49241],[30.520795,50.492354],[30.520762,50.492299],[30.520723,50.492245],[30.520679,50.492194],[30.52063,50.492144],[30.520575,50.492096],[30.520516,50.492051],[30.520453,50.492009],[30.520385,50.491969],[30.520313,50.491932],[30.520238,50.491898],[30.520159,50.491867],[30.520078,50.49184],[30.519994,50.491816],[30.519907,50.491795],[30.519819,50.491779],[30.519729,50.491766],[30.519638,50.491757],[30.519546,50.491751],[30.519454,50.49175],[30.519361,50.491752],[30.51927,50.491758],[30.519182,50.491768],[30.519115,50.491742],[30.519033,50.491714],[30.518949,50.49169],[30.518862,50.49167],[30.518774,50.491653],[30.518684,50.49164],[30.518593,50.491631],[30.518501,50.491626],[30.518409,50.491624],[30.518317,50.491627],[30.518225,50.491633],[30.518134,50.491643],[30.518045,50.491657],[30.517957,50.491674],[30.51787,50.491695],[30.517787,50.49172],[30.517706,50.491748],[30.517628,50.491779],[30.517553,50.491814],[30.517482,50.491852],[30.517415,50.491892],[30.517353,50.491935],[30.517295,50.491981],[30.517242,50.492029],[30.517193,50.492079],[30.517151,50.492131],[30.517113,50.492185],[30.517081,50.49224],[30.517055,50.492297],[30.517035,50.492354],[30.51702,50.492412],[30.517012,50.492471],[30.51701,50.49253],[30.517013,50.492588],[30.517023,50.492647],[30.517039,50.492705],[30.51706,50.492762],[30.517088,50.492818],[30.517121,50.492873],[30.517159,50.492926],[30.517203,50.492978],[30.517253,50.493028],[30.517307,50.493075],[30.517337,50.493099],[30.517284,50.493081],[30.5172,50.493057],[30.517114,50.493037],[30.517025,50.49302],[30.516935,50.493007],[30.516844,50.492998],[30.516752,50.492993],[30.51666,50.492991],[30.516568,50.492993],[30.516476,50.493],[30.516385,50.49301],[30.516296,50.493023],[30.516208,50.493041],[30.516122,50.493062],[30.516038,50.493087],[30.515957,50.493115],[30.515879,50.493146],[30.515804,50.493181],[30.515733,50.493218],[30.515667,50.493259],[30.515612,50.493296],[30.515584,50.493291],[30.515494,50.493278],[30.515403,50.493269],[30.515311,50.493264],[30.515219,50.493262],[30.515127,50.493264],[30.515035,50.493271],[30.514944,50.493281],[30.514855,50.493294],[30.514767,50.493312],[30.514695,50.493329],[30.514648,50.493298],[30.51458,50.493258],[30.514508,50.493221],[30.514433,50.493187],[30.514354,50.493156],[30.514273,50.493129],[30.514188,50.493105],[30.514102,50.493085],[30.514013,50.493068],[30.513923,50.493055],[30.513832,50.493046],[30.51374,50.493041],[30.513648,50.493039],[30.513556,50.493041],[30.513464,50.493048],[30.513374,50.493058],[30.513284,50.493071],[30.513196,50.493089],[30.51311,50.49311],[30.513026,50.493135],[30.512945,50.493163],[30.512867,50.493194],[30.512792,50.493229],[30.512722,50.493266],[30.512655,50.493307],[30.512619,50.493331],[30.512556,50.493303],[30.512477,50.493272],[30.512396,50.493245],[30.512311,50.493221],[30.512225,50.4932],[30.512136,50.493184],[30.512047,50.493171],[30.511955,50.493162],[30.511864,50.493156],[30.511771,50.493155],[30.511679,50.493157],[30.511588,50.493163],[30.511573,50.493165],[30.511503,50.493133],[30.511424,50.493102],[30.511343,50.493075],[30.511258,50.493051],[30.511172,50.493031],[30.511083,50.493014],[30.510993,50.493001],[30.510902,50.492992],[30.510811,50.492987],[30.510718,50.492985],[30.510626,50.492987],[30.510534,50.492994],[30.510444,50.493004],[30.510354,50.493017],[30.510266,50.493035],[30.51018,50.493056],[30.510096,50.493081],[30.510015,50.493109],[30.509937,50.49314],[30.509862,50.493175],[30.509792,50.493212],[30.509725,50.493253],[30.509662,50.493296],[30.509607,50.49334],[30.509527,50.493328],[30.509436,50.493319],[30.509345,50.493314],[30.509252,50.493312],[30.50916,50.493314],[30.509068,50.493321],[30.508978,50.493331],[30.508888,50.493344],[30.5088,50.493362],[30.508714,50.493383],[30.508645,50.493403],[30.50863,50.493349],[30.508609,50.493291],[30.508581,50.493235],[30.508548,50.49318],[30.50851,50.493127],[30.508466,50.493075],[30.508416,50.493025],[30.508362,50.492978],[30.508303,50.492933],[30.50824,50.49289],[30.508215,50.492876],[30.508199,50.492859],[30.508145,50.492812],[30.508086,50.492767],[30.508023,50.492724],[30.507955,50.492684],[30.507883,50.492647],[30.507808,50.492613],[30.507729,50.492582],[30.507648,50.492555],[30.507563,50.492531],[30.507477,50.492511],[30.507388,50.492494],[30.507298,50.492481],[30.507207,50.492472],[30.507116,50.492467],[30.507023,50.492465],[30.506962,50.492467],[30.506939,50.49242],[30.506906,50.492365],[30.506868,50.492312],[30.506824,50.49226],[30.506774,50.49221],[30.50672,50.492163],[30.506661,50.492118],[30.506598,50.492075],[30.50653,50.492035]]],[[[30.505314,50.49394],[30.50526,50.493892],[30.505201,50.493847],[30.505138,50.493804],[30.50507,50.493764],[30.504998,50.493727],[30.504923,50.493693],[30.504844,50.493662],[30.504763,50.493635],[30.504678,50.493611],[30.504592,50.493591],[30.504503,50.493574],[30.504414,50.493561],[30.504322,50.493552],[30.504231,50.493547],[30.504138,50.493545],[30.504046,50.493547],[30.503955,50.493554],[30.503864,50.493564],[30.503774,50.493577],[30.503686,50.493595],[30.5036,50.493616],[30.503516,50.49364],[30.503435,50.493669],[30.503357,50.4937],[30.503283,50.493735],[30.503212,50.493772],[30.503145,50.493813],[30.503082,50.493856],[30.503024,50.493902],[30.502971,50.49395],[30.502923,50.494],[30.50288,50.494052],[30.502842,50.494106],[30.50281,50.494161],[30.502784,50.494217],[30.502764,50.494275],[30.50275,50.494333],[30.502741,50.494391],[30.502739,50.49445],[30.502742,50.494509],[30.502752,50.494567],[30.502768,50.494625],[30.502789,50.494683],[30.502817,50.494739],[30.50285,50.494794],[30.502888,50.494847],[30.502932,50.494899],[30.502982,50.494948],[30.503036,50.494996],[30.503095,50.495041],[30.503158,50.495084],[30.503226,50.495124],[30.503298,50.495161],[30.503373,50.495195],[30.503452,50.495226],[30.503533,50.495253],[30.503618,50.495277],[30.503704,50.495297],[30.503752,50.495306],[30.503739,50.495309],[30.503653,50.49533],[30.503569,50.495354],[30.503488,50.495383],[30.50341,50.495414],[30.503336,50.495449],[30.503265,50.495486],[30.503198,50.495527],[30.503135,50.49557],[30.503077,50.495616],[30.503042,50.495647],[30.502998,50.495624],[30.502923,50.49559],[30.502844,50.495559],[30.502763,50.495532],[30.502679,50.495508],[30.502592,50.495488],[30.502504,50.495471],[30.502414,50.495458],[30.502323,50.495449],[30.502231,50.495444],[30.502138,50.495442],[30.502046,50.495444],[30.501955,50.495451],[30.501864,50.495461],[30.501774,50.495474],[30.501686,50.495492],[30.5016,50.495513],[30.501516,50.495537],[30.501435,50.495566],[30.501357,50.495597],[30.501283,50.495632],[30.501212,50.495669],[30.501145,50.49571],[30.501082,50.495753],[30.501024,50.495799],[30.500971,50.495847],[30.500923,50.495897],[30.50088,50.495949],[30.500842,50.496003],[30.50081,50.496058],[30.500784,50.496114],[30.500764,50.496172],[30.50075,50.49623],[30.500741,50.496288],[30.500739,50.496347],[30.500742,50.496406],[30.500752,50.496464],[30.500768,50.496522],[30.500789,50.49658],[30.500817,50.496636],[30.50085,50.496691],[30.500888,50.496744],[30.500932,50.496796],[30.500982,50.496845],[30.501036,50.496893],[30.501095,50.496938],[30.501158,50.496981],[30.501226,50.497021],[30.501298,50.497058],[30.501373,50.497092],[30.501452,50.497123],[30.501533,50.49715],[30.501617,50.497174],[30.501704,50.497194],[30.501792,50.497211],[30.501882,50.497224],[30.501974,50.497233],[30.502065,50.497238],[30.502158,50.49724],[30.50225,50.497238],[30.502341,50.497231],[30.502432,50.497221],[30.502522,50.497208],[30.50261,50.49719],[30.502696,50.497169],[30.50278,50.497145],[30.502861,50.497116],[30.502939,50.497085],[30.503013,50.49705],[30.503084,50.497013],[30.503151,50.496972],[30.503214,50.496929],[30.503272,50.496883],[30.503307,50.496852],[30.503351,50.496875],[30.503426,50.496909],[30.503505,50.49694],[30.503586,50.496967],[30.503671,50.496991],[30.503757,50.497011],[30.503845,50.497028],[30.503935,50.497041],[30.504027,50.49705],[30.504118,50.497055],[30.504211,50.497057],[30.504303,50.497055],[30.504394,50.497048],[30.504485,50.497038],[30.504575,50.497025],[30.504663,50.497007],[30.504749,50.496986],[30.504833,50.496962],[30.504914,50.496933],[30.504992,50.496902],[30.505067,50.496867],[30.505137,50.49683],[30.505159,50.496817],[30.505176,50.496839],[30.50522,50.496891],[30.505269,50.496941],[30.505323,50.496988],[30.505382,50.497034],[30.505446,50.497076],[30.505513,50.497116],[30.505585,50.497153],[30.50566,50.497187],[30.505739,50.497218],[30.505821,50.497245],[30.505905,50.497269],[30.505991,50.49729],[30.50608,50.497306],[30.50617,50.497319],[30.506261,50.497328],[30.506353,50.497334],[30.506445,50.497335],[30.506537,50.497333],[30.506629,50.497327],[30.50672,50.497317],[30.506809,50.497303],[30.506897,50.497286],[30.506984,50.497265],[30.507067,50.49724],[30.507148,50.497212],[30.507226,50.49718],[30.507301,50.497146],[30.507372,50.497108],[30.507439,50.497068],[30.507501,50.497024],[30.507559,50.496979],[30.507612,50.496931],[30.507661,50.496881],[30.507704,50.496828],[30.507741,50.496775],[30.507773,50.49672],[30.507799,50.496663],[30.507819,50.496606],[30.507834,50.496548],[30.507842,50.496489],[30.507845,50.49643],[30.507841,50.496371],[30.507831,50.496313],[30.507816,50.496255],[30.507794,50.496198],[30.507767,50.496142],[30.507734,50.496087],[30.507695,50.496033],[30.507651,50.495982],[30.507602,50.495932],[30.507548,50.495884],[30.507489,50.495839],[30.507425,50.495796],[30.507357,50.495757],[30.507286,50.495719],[30.50721,50.495686],[30.507132,50.495655],[30.50705,50.495627],[30.506966,50.495604],[30.506879,50.495583],[30.506791,50.495567],[30.506701,50.495554],[30.50661,50.495544],[30.506518,50.495539],[30.506426,50.495537],[30.506334,50.49554],[30.506242,50.495546],[30.506151,50.495556],[30.506061,50.49557],[30.505973,50.495587],[30.505887,50.495608],[30.505803,50.495633],[30.505722,50.495661],[30.505644,50.495692],[30.50557,50.495727],[30.505499,50.495765],[30.505477,50.495778],[30.505461,50.495755],[30.505417,50.495703],[30.505367,50.495654],[30.505313,50.495606],[30.505254,50.495561],[30.505191,50.495518],[30.505123,50.495478],[30.505051,50.495441],[30.504976,50.495407],[30.504897,50.495376],[30.504816,50.495349],[30.504731,50.495325],[30.504645,50.495305],[30.504597,50.495296],[30.50461,50.495293],[30.504696,50.495272],[30.50478,50.495248],[30.504861,50.495219],[30.504939,50.495188],[30.505013,50.495153],[30.505084,50.495116],[30.505151,50.495075],[30.505214,50.495032],[30.505272,50.494986],[30.505325,50.494938],[30.505373,50.494888],[30.505416,50.494836],[30.505454,50.494782],[30.505486,50.494727],[30.505512,50.494671],[30.505532,50.494613],[30.505546,50.494555],[30.505555,50.494497],[30.505557,50.494438],[30.505554,50.494379],[30.505544,50.494321],[30.505528,50.494263],[30.505507,50.494205],[30.505479,50.494149],[30.505446,50.494094],[30.505408,50.494041],[30.505364,50.493989],[30.505314,50.49394]]],[[[30.503318,50.503582],[30.503263,50.503534],[30.503204,50.503489],[30.503141,50.503446],[30.503073,50.503406],[30.503001,50.503369],[30.502926,50.503335],[30.502847,50.503304],[30.502766,50.503277],[30.502682,50.503253],[30.502595,50.503233],[30.502507,50.503216],[30.502417,50.503203],[30.502326,50.503194],[30.502234,50.503189],[30.502141,50.503187],[30.502049,50.503189],[30.501958,50.503196],[30.501867,50.503206],[30.501777,50.503219],[30.501689,50.503237],[30.501603,50.503258],[30.501519,50.503282],[30.501438,50.503311],[30.50136,50.503342],[30.501285,50.503377],[30.501214,50.503414],[30.501148,50.503455],[30.501136,50.503463],[30.501123,50.50346],[30.501033,50.503447],[30.500942,50.503438],[30.50085,50.503433],[30.500757,50.503431],[30.500665,50.503433],[30.500574,50.50344],[30.500483,50.50345],[30.500393,50.503463],[30.500305,50.503481],[30.500219,50.503502],[30.500135,50.503526],[30.500054,50.503555],[30.499976,50.503586],[30.499901,50.503621],[30.499831,50.503658],[30.499764,50.503699],[30.499701,50.503742],[30.499643,50.503788],[30.49959,50.503836],[30.499542,50.503886],[30.499499,50.503938],[30.499461,50.503992],[30.499429,50.504047],[30.499403,50.504103],[30.499383,50.504161],[30.499368,50.504219],[30.49936,50.504277],[30.499357,50.504336],[30.499361,50.504395],[30.499371,50.504453],[30.499386,50.504511],[30.499408,50.504569],[30.499435,50.504625],[30.499468,50.50468],[30.499507,50.504733],[30.499551,50.504785],[30.4996,50.504834],[30.499655,50.504882],[30.499714,50.504927],[30.499777,50.50497],[30.499845,50.50501],[30.499916,50.505047],[30.499992,50.505081],[30.50007,50.505112],[30.500152,50.505139],[30.500236,50.505163],[30.500323,50.505183],[30.500411,50.5052],[30.500501,50.505213],[30.500592,50.505222],[30.500684,50.505227],[30.500777,50.505229],[30.500869,50.505227],[30.50096,50.50522],[30.501051,50.50521],[30.501141,50.505197],[30.501229,50.505179],[30.501315,50.505158],[30.501399,50.505134],[30.50148,50.505105],[30.501558,50.505074],[30.501633,50.505039],[30.501704,50.505002],[30.50177,50.504961],[30.501782,50.504953],[30.501795,50.504956],[30.501885,50.504969],[30.501976,50.504978],[30.502068,50.504983],[30.502161,50.504985],[30.502253,50.504983],[30.502344,50.504976],[30.502435,50.504966],[30.502525,50.504953],[30.502613,50.504935],[30.502699,50.504914],[30.502783,50.50489],[30.502864,50.504861],[30.502942,50.50483],[30.503017,50.504795],[30.503088,50.504758],[30.503154,50.504717],[30.503217,50.504674],[30.503275,50.504628],[30.503328,50.50458],[30.503376,50.50453],[30.503419,50.504478],[30.503457,50.504424],[30.503489,50.504369],[30.503515,50.504313],[30.503535,50.504255],[30.50355,50.504197],[30.503558,50.504139],[30.503561,50.50408],[30.503557,50.504021],[30.503547,50.503963],[30.503532,50.503905],[30.50351,50.503847],[30.503483,50.503791],[30.50345,50.503736],[30.503411,50.503683],[30.503367,50.503631],[30.503318,50.503582]]],[[[30.505491,50.510083],[30.505442,50.510033],[30.505388,50.509985],[30.505329,50.50994],[30.505265,50.509898],[30.505198,50.509858],[30.505126,50.509821],[30.50505,50.509787],[30.504972,50.509756],[30.50489,50.509729],[30.504806,50.509705],[30.504719,50.509684],[30.504631,50.509668],[30.504541,50.509655],[30.50445,50.509645],[30.504358,50.50964],[30.504266,50.509639],[30.504174,50.509641],[30.504082,50.509647],[30.503991,50.509657],[30.503901,50.509671],[30.503813,50.509688],[30.503727,50.509709],[30.503643,50.509734],[30.503562,50.509762],[30.503484,50.509793],[30.50341,50.509828],[30.503339,50.509866],[30.503272,50.509906],[30.503209,50.509949],[30.503151,50.509995],[30.503098,50.510043],[30.50305,50.510093],[30.503007,50.510145],[30.502969,50.510199],[30.502937,50.510254],[30.502911,50.510311],[30.502891,50.510368],[30.502876,50.510426],[30.502868,50.510485],[30.502866,50.510544],[30.502869,50.510602],[30.502879,50.510661],[30.502895,50.510719],[30.502916,50.510776],[30.502943,50.510832],[30.502977,50.510887],[30.503015,50.510941],[30.503059,50.510992],[30.503108,50.511042],[30.503163,50.51109],[30.503222,50.511135],[30.503285,50.511177],[30.503353,50.511217],[30.503425,50.511254],[30.5035,50.511288],[30.503579,50.511319],[30.50366,50.511346],[30.503745,50.51137],[30.503831,50.511391],[30.50392,50.511407],[30.50401,50.51142],[30.504101,50.51143],[30.504193,50.511435],[30.504285,50.511436],[30.504377,50.511434],[30.504469,50.511428],[30.50456,50.511418],[30.504649,50.511404],[30.504737,50.511387],[30.504824,50.511366],[30.504907,50.511341],[30.504988,50.511313],[30.505066,50.511282],[30.505141,50.511247],[30.505212,50.511209],[30.505279,50.511169],[30.505341,50.511126],[30.505399,50.51108],[30.505453,50.511032],[30.505501,50.510982],[30.505544,50.51093],[30.505581,50.510876],[30.505613,50.510821],[30.505639,50.510764],[30.50566,50.510707],[30.505674,50.510649],[30.505683,50.51059],[30.505685,50.510531],[30.505681,50.510473],[30.505672,50.510414],[30.505656,50.510356],[30.505634,50.510299],[30.505607,50.510243],[30.505574,50.510188],[30.505535,50.510134],[30.505491,50.510083]]],[[[30.506923,50.523666],[30.506874,50.523616],[30.50682,50.523569],[30.506761,50.523524],[30.506697,50.523481],[30.50663,50.523441],[30.506558,50.523404],[30.506482,50.52337],[30.506404,50.523339],[30.506322,50.523312],[30.506238,50.523288],[30.506151,50.523268],[30.506063,50.523251],[30.505973,50.523238],[30.505882,50.523229],[30.50579,50.523224],[30.505697,50.523222],[30.505605,50.523224],[30.505513,50.523231],[30.505422,50.523241],[30.505333,50.523254],[30.505245,50.523272],[30.505159,50.523293],[30.505075,50.523317],[30.504994,50.523346],[30.504916,50.523377],[30.504841,50.523412],[30.50477,50.523449],[30.504703,50.52349],[30.504641,50.523533],[30.504582,50.523579],[30.504529,50.523627],[30.504481,50.523677],[30.504438,50.523729],[30.504401,50.523783],[30.504369,50.523838],[30.504342,50.523894],[30.504322,50.523952],[30.504308,50.52401],[30.504299,50.524068],[30.504297,50.524127],[30.504301,50.524186],[30.50431,50.524244],[30.504326,50.524302],[30.504347,50.52436],[30.504375,50.524416],[30.504408,50.524471],[30.504447,50.524524],[30.504491,50.524576],[30.50454,50.524626],[30.504594,50.524673],[30.504653,50.524718],[30.504717,50.524761],[30.504784,50.524801],[30.504856,50.524838],[30.504932,50.524872],[30.50501,50.524903],[30.505092,50.52493],[30.505176,50.524954],[30.505263,50.524974],[30.505351,50.524991],[30.505441,50.525004],[30.505532,50.525013],[30.505624,50.525018],[30.505717,50.52502],[30.505809,50.525018],[30.505901,50.525011],[30.505992,50.525001],[30.506081,50.524988],[30.50611,50.524982],[30.506108,50.525025],[30.506112,50.525084],[30.506121,50.525142],[30.506137,50.5252],[30.506158,50.525258],[30.506186,50.525314],[30.506219,50.525369],[30.506258,50.525422],[30.506302,50.525474],[30.506351,50.525524],[30.506405,50.525571],[30.506464,50.525616],[30.506528,50.525659],[30.506595,50.525699],[30.506667,50.525736],[30.506743,50.52577],[30.506821,50.525801],[30.506903,50.525828],[30.506987,50.525852],[30.507074,50.525872],[30.507162,50.525889],[30.507252,50.525902],[30.507344,50.525911],[30.507435,50.525916],[30.507528,50.525918],[30.50762,50.525916],[30.507712,50.525909],[30.507803,50.525899],[30.507892,50.525886],[30.50798,50.525868],[30.508067,50.525847],[30.50815,50.525823],[30.508231,50.525794],[30.508309,50.525763],[30.508384,50.525728],[30.508455,50.525691],[30.508522,50.52565],[30.508585,50.525607],[30.508643,50.525561],[30.508696,50.525513],[30.508744,50.525463],[30.508787,50.525411],[30.508825,50.525357],[30.508856,50.525302],[30.508883,50.525246],[30.508903,50.525188],[30.508917,50.52513],[30.508919,50.525119],[30.508942,50.525126],[30.509029,50.525146],[30.509117,50.525163],[30.509207,50.525176],[30.509299,50.525185],[30.50939,50.52519],[30.509483,50.525192],[30.509575,50.52519],[30.509667,50.525183],[30.509758,50.525173],[30.509847,50.52516],[30.509935,50.525142],[30.510022,50.525121],[30.510105,50.525096],[30.510186,50.525068],[30.510264,50.525037],[30.510339,50.525002],[30.51041,50.524965],[30.510477,50.524924],[30.51054,50.524881],[30.510598,50.524835],[30.510651,50.524787],[30.510699,50.524737],[30.510742,50.524685],[30.510779,50.524631],[30.510811,50.524576],[30.510838,50.52452],[30.510858,50.524462],[30.510872,50.524404],[30.510881,50.524346],[30.510883,50.524287],[30.510879,50.524228],[30.51087,50.52417],[30.510854,50.524112],[30.510833,50.524054],[30.510805,50.523998],[30.510772,50.523943],[30.510733,50.52389],[30.510689,50.523838],[30.51064,50.523788],[30.510586,50.523741],[30.510527,50.523696],[30.510463,50.523653],[30.510395,50.523613],[30.510324,50.523576],[30.510248,50.523542],[30.51017,50.523511],[30.510088,50.523484],[30.510004,50.52346],[30.509917,50.52344],[30.509829,50.523423],[30.509739,50.52341],[30.509647,50.523401],[30.509556,50.523396],[30.509463,50.523394],[30.509371,50.523396],[30.509279,50.523403],[30.509188,50.523413],[30.509099,50.523426],[30.509011,50.523444],[30.508924,50.523465],[30.508841,50.52349],[30.50876,50.523518],[30.508682,50.523549],[30.508607,50.523584],[30.508536,50.523621],[30.508469,50.523662],[30.508406,50.523705],[30.508348,50.523751],[30.508295,50.523799],[30.508247,50.523849],[30.508204,50.523901],[30.508167,50.523955],[30.508135,50.52401],[30.508108,50.524066],[30.508088,50.524124],[30.508074,50.524182],[30.508072,50.524193],[30.508049,50.524186],[30.507962,50.524166],[30.507874,50.524149],[30.507784,50.524136],[30.507693,50.524127],[30.507601,50.524122],[30.507508,50.52412],[30.507416,50.524122],[30.507324,50.524129],[30.507233,50.524139],[30.507144,50.524152],[30.507115,50.524158],[30.507117,50.524115],[30.507113,50.524056],[30.507104,50.523998],[30.507088,50.52394],[30.507067,50.523882],[30.507039,50.523826],[30.507006,50.523771],[30.506967,50.523718],[30.506923,50.523666]]],[[[30.504752,50.525378],[30.504698,50.52533],[30.504639,50.525285],[30.504575,50.525242],[30.504508,50.525202],[30.504436,50.525165],[30.50436,50.525131],[30.504282,50.5251],[30.5042,50.525073],[30.504116,50.525049],[30.504029,50.525029],[30.503941,50.525012],[30.503851,50.524999],[30.50376,50.52499],[30.503668,50.524985],[30.503575,50.524983],[30.503483,50.524985],[30.503391,50.524992],[30.503301,50.525002],[30.503211,50.525015],[30.503123,50.525033],[30.503037,50.525054],[30.502953,50.525078],[30.502872,50.525107],[30.502794,50.525138],[30.502719,50.525173],[30.502648,50.52521],[30.502581,50.525251],[30.502518,50.525294],[30.50246,50.52534],[30.502407,50.525388],[30.502359,50.525438],[30.502316,50.52549],[30.502279,50.525544],[30.502247,50.525599],[30.50222,50.525655],[30.5022,50.525713],[30.502186,50.525771],[30.502177,50.525829],[30.502175,50.525888],[30.502178,50.525947],[30.502188,50.526005],[30.502195,50.526031],[30.502161,50.525984],[30.502117,50.525932],[30.502068,50.525882],[30.502013,50.525835],[30.501954,50.525789],[30.501891,50.525747],[30.501823,50.525707],[30.501751,50.52567],[30.501676,50.525636],[30.501597,50.525605],[30.501516,50.525578],[30.501431,50.525554],[30.501345,50.525534],[30.501256,50.525517],[30.501166,50.525504],[30.501075,50.525495],[30.500983,50.525489],[30.500891,50.525488],[30.500799,50.52549],[30.500707,50.525496],[30.500616,50.525506],[30.500526,50.52552],[30.500438,50.525537],[30.500352,50.525559],[30.500268,50.525583],[30.500187,50.525611],[30.500109,50.525643],[30.500034,50.525677],[30.499964,50.525715],[30.499931,50.525735],[30.499862,50.525745],[30.499774,50.525763],[30.499688,50.525784],[30.499604,50.525808],[30.499523,50.525837],[30.499445,50.525868],[30.49937,50.525903],[30.499299,50.52594],[30.499232,50.525981],[30.49917,50.526024],[30.499111,50.52607],[30.499058,50.526118],[30.49901,50.526168],[30.498967,50.52622],[30.49893,50.526274],[30.498898,50.526329],[30.498871,50.526385],[30.498851,50.526443],[30.498837,50.526501],[30.498828,50.526559],[30.498826,50.526618],[30.498829,50.526677],[30.498839,50.526735],[30.498855,50.526793],[30.498876,50.526851],[30.498904,50.526907],[30.498937,50.526962],[30.498975,50.527015],[30.499019,50.527067],[30.499069,50.527116],[30.499123,50.527164],[30.499182,50.527209],[30.499246,50.527252],[30.499313,50.527292],[30.499385,50.527329],[30.499399,50.527335],[30.499406,50.527355],[30.499434,50.527411],[30.499467,50.527466],[30.499505,50.527519],[30.499549,50.527571],[30.499599,50.52762],[30.499653,50.527668],[30.499712,50.527713],[30.499776,50.527756],[30.499843,50.527796],[30.499915,50.527833],[30.49999,50.527867],[30.500069,50.527898],[30.500151,50.527925],[30.500235,50.527949],[30.500322,50.527969],[30.50041,50.527986],[30.5005,50.527999],[30.500591,50.528008],[30.500683,50.528013],[30.500776,50.528015],[30.500868,50.528013],[30.50096,50.528006],[30.50105,50.527996],[30.50114,50.527983],[30.501228,50.527965],[30.501314,50.527944],[30.501398,50.52792],[30.501479,50.527891],[30.501557,50.52786],[30.501632,50.527825],[30.501703,50.527788],[30.50177,50.527747],[30.501833,50.527704],[30.501891,50.527658],[30.501944,50.52761],[30.501974,50.527579],[30.502015,50.52761],[30.502079,50.527653],[30.502146,50.527693],[30.502218,50.52773],[30.502293,50.527764],[30.502372,50.527795],[30.502454,50.527822],[30.502538,50.527846],[30.502605,50.527862],[30.502638,50.527907],[30.502682,50.527959],[30.502731,50.528009],[30.502786,50.528056],[30.502845,50.528102],[30.502908,50.528144],[30.502976,50.528184],[30.503048,50.528221],[30.503123,50.528255],[30.503202,50.528286],[30.503284,50.528313],[30.503368,50.528337],[30.503454,50.528358],[30.503543,50.528374],[30.503633,50.528387],[30.503724,50.528396],[30.503816,50.528402],[30.503908,50.528403],[30.504001,50.528401],[30.504092,50.528395],[30.504183,50.528385],[30.504273,50.528371],[30.504361,50.528354],[30.504447,50.528333],[30.504531,50.528308],[30.504612,50.52828],[30.50469,50.528248],[30.504765,50.528214],[30.504836,50.528176],[30.504903,50.528136],[30.504965,50.528092],[30.505023,50.528047],[30.505077,50.527999],[30.505125,50.527949],[30.505168,50.527896],[30.505187,50.527869],[30.505197,50.527876],[30.505264,50.527916],[30.505336,50.527953],[30.505412,50.527987],[30.50549,50.528018],[30.505572,50.528045],[30.505656,50.528069],[30.505743,50.528089],[30.505831,50.528106],[30.505921,50.528119],[30.506012,50.528128],[30.506104,50.528133],[30.506197,50.528135],[30.506289,50.528133],[30.506381,50.528126],[30.506472,50.528116],[30.506561,50.528103],[30.506649,50.528085],[30.506736,50.528064],[30.506762,50.528056],[30.506769,50.52806],[30.506845,50.528094],[30.506923,50.528125],[30.507005,50.528152],[30.507089,50.528176],[30.507176,50.528196],[30.507264,50.528213],[30.507354,50.528226],[30.507445,50.528235],[30.507537,50.52824],[30.50763,50.528242],[30.507722,50.52824],[30.507814,50.528233],[30.507905,50.528223],[30.507994,50.52821],[30.508082,50.528192],[30.508169,50.528171],[30.508252,50.528147],[30.508333,50.528118],[30.508412,50.528087],[30.508486,50.528052],[30.508557,50.528015],[30.508624,50.527974],[30.508687,50.527931],[30.508745,50.527885],[30.508798,50.527837],[30.508811,50.527824],[30.508812,50.527825],[30.508884,50.527862],[30.50896,50.527896],[30.509038,50.527927],[30.50912,50.527954],[30.509204,50.527978],[30.509291,50.527998],[30.509379,50.528015],[30.509469,50.528028],[30.509561,50.528037],[30.509652,50.528042],[30.509745,50.528044],[30.509837,50.528042],[30.509929,50.528035],[30.51002,50.528025],[30.510109,50.528012],[30.510197,50.527994],[30.510284,50.527973],[30.510367,50.527948],[30.510449,50.52792],[30.510527,50.527889],[30.510601,50.527854],[30.510672,50.527817],[30.510739,50.527776],[30.510802,50.527733],[30.51086,50.527687],[30.510913,50.527639],[30.510961,50.527589],[30.511004,50.527537],[30.511042,50.527483],[30.511073,50.527428],[30.5111,50.527372],[30.51112,50.527314],[30.511134,50.527256],[30.511143,50.527198],[30.511145,50.527139],[30.511144,50.527124],[30.511224,50.527139],[30.511314,50.527152],[30.511406,50.527161],[30.511497,50.527166],[30.51159,50.527168],[30.511682,50.527166],[30.511774,50.527159],[30.511865,50.527149],[30.511954,50.527136],[30.512043,50.527118],[30.512129,50.527097],[30.512212,50.527072],[30.512294,50.527044],[30.512372,50.527013],[30.512446,50.526978],[30.512517,50.526941],[30.512584,50.5269],[30.512647,50.526857],[30.512705,50.526811],[30.512758,50.526763],[30.512806,50.526713],[30.512849,50.526661],[30.512887,50.526607],[30.512918,50.526552],[30.512945,50.526496],[30.512965,50.526438],[30.512979,50.52638],[30.512988,50.526322],[30.51299,50.526263],[30.512987,50.526204],[30.512977,50.526146],[30.512961,50.526088],[30.51294,50.52603],[30.512912,50.525974],[30.512879,50.525919],[30.51284,50.525866],[30.512796,50.525814],[30.512747,50.525764],[30.512693,50.525717],[30.51265,50.525684],[30.512614,50.525648],[30.51256,50.5256],[30.512501,50.525555],[30.512437,50.525512],[30.512369,50.525472],[30.512297,50.525435],[30.512222,50.525401],[30.512143,50.525371],[30.512062,50.525343],[30.511977,50.525319],[30.511891,50.525299],[30.511802,50.525282],[30.511712,50.525269],[30.511621,50.52526],[30.511529,50.525255],[30.511437,50.525253],[30.511345,50.525256],[30.511253,50.525262],[30.511162,50.525272],[30.511072,50.525285],[30.510984,50.525303],[30.510898,50.525324],[30.510814,50.525349],[30.510733,50.525377],[30.510655,50.525408],[30.510581,50.525443],[30.51051,50.52548],[30.510443,50.525521],[30.51038,50.525564],[30.510322,50.52561],[30.510269,50.525658],[30.510221,50.525708],[30.510178,50.52576],[30.51014,50.525814],[30.510108,50.525869],[30.510082,50.525926],[30.510062,50.525983],[30.510047,50.526041],[30.510039,50.5261],[30.510037,50.526158],[30.51004,50.526217],[30.510049,50.526269],[30.510001,50.526262],[30.509909,50.526253],[30.509818,50.526248],[30.509725,50.526246],[30.509633,50.526248],[30.509541,50.526255],[30.50945,50.526265],[30.509361,50.526278],[30.509273,50.526296],[30.509186,50.526317],[30.509103,50.526342],[30.509022,50.52637],[30.508944,50.526401],[30.508869,50.526436],[30.508798,50.526473],[30.508731,50.526514],[30.508668,50.526557],[30.50861,50.526603],[30.508557,50.526651],[30.508544,50.526664],[30.508543,50.526663],[30.508471,50.526626],[30.508395,50.526592],[30.508317,50.526561],[30.508235,50.526534],[30.508151,50.52651],[30.508064,50.52649],[30.507976,50.526473],[30.507886,50.52646],[30.507795,50.526451],[30.507703,50.526446],[30.50761,50.526444],[30.507518,50.526446],[30.507426,50.526453],[30.507335,50.526463],[30.507246,50.526476],[30.507158,50.526494],[30.507071,50.526515],[30.507045,50.526523],[30.507038,50.526519],[30.506962,50.526485],[30.506884,50.526454],[30.506802,50.526427],[30.506718,50.526403],[30.506631,50.526383],[30.506543,50.526366],[30.506453,50.526353],[30.506362,50.526344],[30.50627,50.526339],[30.506177,50.526337],[30.506085,50.526339],[30.505993,50.526346],[30.505902,50.526356],[30.505813,50.526369],[30.505725,50.526387],[30.505638,50.526408],[30.505555,50.526432],[30.505474,50.526461],[30.505396,50.526492],[30.505321,50.526527],[30.50525,50.526564],[30.505183,50.526605],[30.50512,50.526648],[30.505062,50.526694],[30.505009,50.526742],[30.504961,50.526792],[30.504918,50.526844],[30.504899,50.526871],[30.504889,50.526864],[30.504821,50.526824],[30.50475,50.526787],[30.504674,50.526754],[30.504596,50.526723],[30.504514,50.526695],[30.50443,50.526672],[30.504363,50.526656],[30.504349,50.526637],[30.504376,50.526626],[30.504451,50.526591],[30.504522,50.526554],[30.504589,50.526513],[30.504652,50.52647],[30.50471,50.526424],[30.504763,50.526376],[30.504811,50.526326],[30.504854,50.526274],[30.504891,50.52622],[30.504923,50.526165],[30.50495,50.526109],[30.50497,50.526051],[30.504984,50.525993],[30.504993,50.525935],[30.504995,50.525876],[30.504992,50.525817],[30.504982,50.525759],[30.504966,50.525701],[30.504945,50.525643],[30.504917,50.525587],[30.504884,50.525532],[30.504846,50.525479],[30.504801,50.525427],[30.504752,50.525378]],[[30.502291,50.526238],[30.502305,50.526258],[30.502297,50.526261],[30.502291,50.526238]]],[[[30.51151,50.482486],[30.511456,50.482438],[30.511397,50.482393],[30.511333,50.48235],[30.511266,50.48231],[30.511194,50.482273],[30.511119,50.482239],[30.51104,50.482209],[30.510959,50.482181],[30.510874,50.482157],[30.510788,50.482137],[30.510699,50.48212],[30.510609,50.482107],[30.510518,50.482098],[30.510427,50.482093],[30.510334,50.482091],[30.510242,50.482094],[30.510151,50.4821],[30.51006,50.48211],[30.50997,50.482124],[30.509882,50.482141],[30.509796,50.482162],[30.509712,50.482187],[30.509631,50.482215],[30.509553,50.482246],[30.509479,50.482281],[30.509408,50.482319],[30.509341,50.482359],[30.509278,50.482402],[30.50922,50.482448],[30.509167,50.482496],[30.509119,50.482546],[30.509076,50.482598],[30.509039,50.482652],[30.509007,50.482707],[30.508981,50.482764],[30.50896,50.482821],[30.508946,50.482879],[30.508938,50.482938],[30.508935,50.482997],[30.508939,50.483055],[30.508949,50.483114],[30.508964,50.483172],[30.508986,50.483229],[30.509013,50.483285],[30.509046,50.48334],[30.509085,50.483393],[30.509129,50.483445],[30.509178,50.483495],[30.509232,50.483542],[30.509291,50.483588],[30.509355,50.48363],[30.509422,50.48367],[30.509494,50.483707],[30.509569,50.483741],[30.509648,50.483772],[30.50973,50.483799],[30.509814,50.483823],[30.5099,50.483844],[30.509989,50.48386],[30.510079,50.483873],[30.51017,50.483882],[30.510262,50.483888],[30.510354,50.483889],[30.510446,50.483887],[30.510538,50.483881],[30.510628,50.483871],[30.510718,50.483857],[30.510806,50.48384],[30.510892,50.483818],[30.510976,50.483794],[30.511057,50.483766],[30.511135,50.483734],[30.511209,50.4837],[30.51128,50.483662],[30.511347,50.483622],[30.51141,50.483578],[30.511468,50.483533],[30.511521,50.483485],[30.511569,50.483434],[30.511612,50.483382],[30.511649,50.483329],[30.511681,50.483273],[30.511708,50.483217],[30.511728,50.48316],[30.511742,50.483102],[30.511751,50.483043],[30.511753,50.482984],[30.511749,50.482925],[30.51174,50.482867],[30.511724,50.482809],[30.511702,50.482752],[30.511675,50.482696],[30.511642,50.482641],[30.511603,50.482587],[30.511559,50.482536],[30.51151,50.482486]]],[[[30.511194,50.491372],[30.51114,50.491325],[30.511081,50.49128],[30.511018,50.491237],[30.51095,50.491197],[30.510878,50.49116],[30.510803,50.491126],[30.510724,50.491095],[30.510643,50.491068],[30.510558,50.491044],[30.510472,50.491024],[30.510383,50.491007],[30.510293,50.490994],[30.510202,50.490985],[30.510111,50.49098],[30.510018,50.490978],[30.509926,50.49098],[30.509834,50.490987],[30.509744,50.490997],[30.509654,50.49101],[30.509566,50.491028],[30.50948,50.491049],[30.509396,50.491074],[30.509315,50.491102],[30.509237,50.491133],[30.509163,50.491168],[30.509092,50.491205],[30.509025,50.491246],[30.508962,50.491289],[30.508904,50.491335],[30.508851,50.491383],[30.508803,50.491433],[30.50876,50.491485],[30.508722,50.491539],[30.508691,50.491594],[30.508664,50.49165],[30.508644,50.491708],[30.50863,50.491766],[30.508621,50.491824],[30.508619,50.491883],[30.508623,50.491942],[30.508632,50.492],[30.508648,50.492058],[30.508669,50.492116],[30.508697,50.492172],[30.50873,50.492227],[30.508768,50.49228],[30.508812,50.492332],[30.508862,50.492382],[30.508916,50.492429],[30.508975,50.492474],[30.509038,50.492517],[30.509106,50.492557],[30.509178,50.492594],[30.509253,50.492628],[30.509332,50.492659],[30.509413,50.492686],[30.509498,50.49271],[30.509584,50.49273],[30.509673,50.492747],[30.509763,50.49276],[30.509854,50.492769],[30.509945,50.492774],[30.510038,50.492776],[30.51013,50.492774],[30.510222,50.492767],[30.510312,50.492757],[30.510402,50.492744],[30.51049,50.492726],[30.510576,50.492705],[30.51066,50.49268],[30.510741,50.492652],[30.510819,50.492621],[30.510894,50.492586],[30.510964,50.492549],[30.511031,50.492508],[30.511094,50.492465],[30.511152,50.492419],[30.511205,50.492371],[30.511253,50.492321],[30.511296,50.492269],[30.511334,50.492215],[30.511365,50.49216],[30.511392,50.492104],[30.511412,50.492046],[30.511426,50.491988],[30.511435,50.49193],[30.511437,50.491871],[30.511434,50.491812],[30.511424,50.491754],[30.511408,50.491696],[30.511387,50.491638],[30.511359,50.491582],[30.511326,50.491527],[30.511288,50.491474],[30.511244,50.491422],[30.511194,50.491372]]],[[[30.514251,50.495581],[30.514201,50.495531],[30.514147,50.495484],[30.514088,50.495439],[30.514025,50.495396],[30.513957,50.495356],[30.513885,50.495319],[30.51381,50.495285],[30.513731,50.495254],[30.51365,50.495227],[30.513565,50.495203],[30.513479,50.495183],[30.51339,50.495166],[30.5133,50.495153],[30.513209,50.495144],[30.513117,50.495139],[30.513025,50.495137],[30.512933,50.495139],[30.512841,50.495146],[30.512751,50.495156],[30.512661,50.495169],[30.512573,50.495187],[30.512487,50.495208],[30.512403,50.495233],[30.512322,50.495261],[30.512244,50.495292],[30.512169,50.495327],[30.512099,50.495364],[30.512032,50.495405],[30.511969,50.495448],[30.511911,50.495494],[30.511858,50.495542],[30.51181,50.495592],[30.511767,50.495644],[30.511729,50.495698],[30.511697,50.495753],[30.511671,50.495809],[30.511651,50.495867],[30.511637,50.495925],[30.511628,50.495983],[30.511626,50.496042],[30.511629,50.496101],[30.511639,50.496159],[30.511655,50.496217],[30.511676,50.496275],[30.511704,50.496331],[30.511737,50.496386],[30.51176,50.496418],[30.51174,50.496408],[30.511665,50.496374],[30.511586,50.496343],[30.511505,50.496316],[30.51142,50.496292],[30.511334,50.496272],[30.511245,50.496255],[30.511155,50.496242],[30.511142,50.496241],[30.511128,50.496202],[30.5111,50.496146],[30.511067,50.496091],[30.511029,50.496038],[30.510985,50.495986],[30.510935,50.495936],[30.510881,50.495889],[30.510822,50.495844],[30.510759,50.495801],[30.510691,50.495761],[30.510619,50.495724],[30.510544,50.49569],[30.510465,50.495659],[30.510384,50.495632],[30.510299,50.495608],[30.510213,50.495588],[30.510124,50.495571],[30.510034,50.495558],[30.509943,50.495549],[30.509852,50.495544],[30.509759,50.495542],[30.509667,50.495544],[30.509575,50.495551],[30.509485,50.495561],[30.509395,50.495574],[30.509307,50.495592],[30.509221,50.495613],[30.509137,50.495638],[30.509056,50.495666],[30.508978,50.495697],[30.508903,50.495732],[30.508833,50.495769],[30.508766,50.49581],[30.508703,50.495853],[30.508645,50.495899],[30.508592,50.495947],[30.508544,50.495997],[30.508501,50.496049],[30.508463,50.496103],[30.508431,50.496158],[30.508405,50.496214],[30.508385,50.496272],[30.508371,50.49633],[30.508362,50.496388],[30.50836,50.496447],[30.508363,50.496506],[30.508373,50.496564],[30.508389,50.496622],[30.50841,50.49668],[30.508438,50.496736],[30.508471,50.496791],[30.508509,50.496844],[30.508553,50.496896],[30.508603,50.496946],[30.508657,50.496993],[30.508716,50.497038],[30.508779,50.497081],[30.508847,50.497121],[30.508919,50.497158],[30.508994,50.497192],[30.509073,50.497223],[30.509154,50.49725],[30.509239,50.497274],[30.509325,50.497294],[30.509414,50.497311],[30.509504,50.497324],[30.509517,50.497325],[30.509531,50.497364],[30.509559,50.49742],[30.509592,50.497475],[30.50963,50.497528],[30.509674,50.49758],[30.509724,50.49763],[30.509778,50.497677],[30.509837,50.497722],[30.5099,50.497765],[30.509968,50.497805],[30.51004,50.497842],[30.510115,50.497876],[30.510194,50.497907],[30.510275,50.497934],[30.51036,50.497958],[30.510446,50.497978],[30.510535,50.497995],[30.510625,50.498008],[30.510716,50.498017],[30.510808,50.498022],[30.5109,50.498024],[30.510992,50.498022],[30.511084,50.498015],[30.511174,50.498005],[30.511264,50.497992],[30.511352,50.497974],[30.511438,50.497953],[30.511522,50.497928],[30.511603,50.4979],[30.511681,50.497869],[30.511756,50.497834],[30.511827,50.497797],[30.511893,50.497756],[30.511956,50.497713],[30.512014,50.497667],[30.512067,50.497619],[30.512115,50.497569],[30.512158,50.497517],[30.512196,50.497463],[30.512228,50.497408],[30.512254,50.497352],[30.512274,50.497294],[30.512289,50.497236],[30.512297,50.497178],[30.512299,50.497119],[30.512296,50.49706],[30.512286,50.497002],[30.51227,50.496944],[30.512249,50.496886],[30.512221,50.49683],[30.512188,50.496775],[30.512165,50.496743],[30.512185,50.496753],[30.51226,50.496787],[30.512339,50.496818],[30.51242,50.496845],[30.512505,50.496869],[30.512591,50.496889],[30.51268,50.496906],[30.51277,50.496919],[30.512861,50.496928],[30.512953,50.496933],[30.513045,50.496935],[30.513137,50.496933],[30.513229,50.496926],[30.513319,50.496916],[30.513409,50.496903],[30.513497,50.496885],[30.513583,50.496864],[30.513667,50.496839],[30.513748,50.496811],[30.513826,50.49678],[30.513901,50.496745],[30.513972,50.496708],[30.514038,50.496667],[30.514101,50.496624],[30.514159,50.496578],[30.514212,50.49653],[30.51426,50.49648],[30.514303,50.496428],[30.514341,50.496374],[30.514373,50.496319],[30.514399,50.496263],[30.514419,50.496205],[30.514433,50.496147],[30.514442,50.496089],[30.514444,50.49603],[30.514441,50.495971],[30.514431,50.495913],[30.514415,50.495855],[30.514394,50.495797],[30.514366,50.495741],[30.514333,50.495686],[30.514295,50.495633],[30.514251,50.495581]]],[[[30.513054,50.498948],[30.513,50.4989],[30.512941,50.498855],[30.512877,50.498812],[30.512809,50.498772],[30.512738,50.498735],[30.512662,50.498701],[30.512584,50.498671],[30.512502,50.498643],[30.512418,50.498619],[30.512331,50.498599],[30.512243,50.498582],[30.512153,50.498569],[30.512062,50.49856],[30.51197,50.498555],[30.511878,50.498553],[30.511785,50.498556],[30.511694,50.498562],[30.511603,50.498572],[30.511513,50.498585],[30.511425,50.498603],[30.511339,50.498624],[30.511255,50.498649],[30.511174,50.498677],[30.511096,50.498708],[30.511022,50.498743],[30.510951,50.49878],[30.510884,50.498821],[30.510821,50.498864],[30.510763,50.49891],[30.51071,50.498958],[30.510662,50.499008],[30.510619,50.49906],[30.510582,50.499114],[30.51055,50.499169],[30.510523,50.499225],[30.510503,50.499283],[30.510489,50.499341],[30.51048,50.4994],[30.510478,50.499458],[30.510482,50.499517],[30.510491,50.499576],[30.510507,50.499634],[30.510529,50.499691],[30.510556,50.499747],[30.510589,50.499802],[30.510628,50.499855],[30.510672,50.499907],[30.510721,50.499957],[30.510775,50.500004],[30.510834,50.500049],[30.510898,50.500092],[30.510965,50.500132],[30.511037,50.500169],[30.511112,50.500203],[30.511191,50.500234],[30.511273,50.500261],[30.511357,50.500285],[30.511444,50.500305],[30.511532,50.500322],[30.511622,50.500335],[30.511713,50.500344],[30.511805,50.50035],[30.511897,50.500351],[30.511989,50.500349],[30.512081,50.500343],[30.512172,50.500333],[30.512262,50.500319],[30.51235,50.500301],[30.512436,50.50028],[30.512519,50.500256],[30.5126,50.500228],[30.512678,50.500196],[30.512753,50.500162],[30.512824,50.500124],[30.512891,50.500083],[30.512953,50.50004],[30.513011,50.499994],[30.513065,50.499946],[30.513113,50.499896],[30.513156,50.499844],[30.513193,50.49979],[30.513225,50.499735],[30.513251,50.499679],[30.513272,50.499621],[30.513286,50.499563],[30.513294,50.499505],[30.513297,50.499446],[30.513293,50.499387],[30.513283,50.499329],[30.513268,50.499271],[30.513246,50.499213],[30.513219,50.499157],[30.513186,50.499102],[30.513147,50.499049],[30.513103,50.498997],[30.513054,50.498948]]],[[[30.512288,50.501338],[30.512239,50.501288],[30.512185,50.501241],[30.512126,50.501195],[30.512062,50.501153],[30.511994,50.501113],[30.511923,50.501076],[30.511847,50.501042],[30.511769,50.501011],[30.511687,50.500984],[30.511603,50.50096],[30.511516,50.50094],[30.511428,50.500923],[30.511338,50.50091],[30.511247,50.500901],[30.511155,50.500895],[30.511063,50.500894],[30.51097,50.500896],[30.510879,50.500902],[30.510788,50.500912],[30.510698,50.500926],[30.51061,50.500944],[30.510524,50.500965],[30.51044,50.500989],[30.510359,50.501017],[30.510281,50.501049],[30.510207,50.501083],[30.510136,50.501121],[30.510069,50.501161],[30.510006,50.501205],[30.509948,50.50125],[30.509895,50.501298],[30.509847,50.501349],[30.509804,50.501401],[30.509766,50.501454],[30.509735,50.50151],[30.509708,50.501566],[30.509688,50.501623],[30.509674,50.501682],[30.509665,50.50174],[30.509663,50.501799],[30.509666,50.501858],[30.509676,50.501916],[30.509692,50.501974],[30.509713,50.502031],[30.509741,50.502088],[30.509774,50.502142],[30.509812,50.502196],[30.509857,50.502248],[30.509906,50.502297],[30.50996,50.502345],[30.510019,50.50239],[30.510083,50.502433],[30.51015,50.502473],[30.510222,50.50251],[30.510297,50.502544],[30.510376,50.502574],[30.510458,50.502602],[30.510542,50.502626],[30.510628,50.502646],[30.510717,50.502663],[30.510807,50.502676],[30.510898,50.502685],[30.51099,50.50269],[30.511082,50.502692],[30.511174,50.502689],[30.511266,50.502683],[30.511357,50.502673],[30.511446,50.502659],[30.511535,50.502642],[30.511621,50.502621],[30.511704,50.502596],[30.511785,50.502568],[30.511863,50.502537],[30.511938,50.502502],[30.512009,50.502465],[30.512076,50.502424],[30.512138,50.502381],[30.512196,50.502335],[30.51225,50.502287],[30.512298,50.502237],[30.512341,50.502185],[30.512378,50.502131],[30.51241,50.502076],[30.512436,50.502019],[30.512457,50.501962],[30.512471,50.501904],[30.512479,50.501845],[30.512482,50.501787],[30.512478,50.501728],[30.512468,50.501669],[30.512453,50.501611],[30.512431,50.501554],[30.512404,50.501498],[30.512371,50.501443],[30.512332,50.50139],[30.512288,50.501338]]],[[[30.513631,50.514567],[30.51355,50.51454],[30.513466,50.514516],[30.513379,50.514496],[30.51329,50.514479],[30.5132,50.514466],[30.513109,50.514457],[30.513017,50.514452],[30.512925,50.51445],[30.512833,50.514452],[30.512741,50.514459],[30.51265,50.514469],[30.512561,50.514482],[30.512473,50.5145],[30.512386,50.514521],[30.512303,50.514546],[30.512222,50.514574],[30.512144,50.514605],[30.512069,50.51464],[30.511998,50.514677],[30.511931,50.514718],[30.511869,50.514761],[30.511811,50.514807],[30.511757,50.514855],[30.511709,50.514905],[30.511666,50.514957],[30.511629,50.515011],[30.511597,50.515066],[30.511571,50.515122],[30.51155,50.51518],[30.511536,50.515238],[30.511528,50.515296],[30.511525,50.515355],[30.511529,50.515414],[30.511538,50.515472],[30.511554,50.51553],[30.511576,50.515588],[30.511603,50.515644],[30.511636,50.515699],[30.511675,50.515752],[30.511713,50.515797],[30.511682,50.515799],[30.511591,50.515809],[30.511502,50.515822],[30.511414,50.51584],[30.511327,50.515861],[30.511244,50.515886],[30.511163,50.515914],[30.511085,50.515945],[30.51101,50.51598],[30.510939,50.516017],[30.510872,50.516058],[30.51081,50.516101],[30.510752,50.516147],[30.510698,50.516195],[30.51065,50.516245],[30.510607,50.516297],[30.510595,50.516314],[30.510582,50.516326],[30.510534,50.516376],[30.510491,50.516428],[30.510454,50.516482],[30.510422,50.516537],[30.510396,50.516593],[30.510375,50.516651],[30.510361,50.516709],[30.510352,50.516767],[30.51035,50.516826],[30.510354,50.516885],[30.510363,50.516943],[30.510379,50.517001],[30.510401,50.517059],[30.510403,50.517064],[30.510371,50.517071],[30.510284,50.517092],[30.510201,50.517117],[30.51012,50.517145],[30.510042,50.517176],[30.509967,50.517211],[30.509896,50.517248],[30.509829,50.517289],[30.509767,50.517332],[30.509709,50.517378],[30.509655,50.517426],[30.509607,50.517476],[30.509564,50.517528],[30.509527,50.517582],[30.509495,50.517637],[30.509469,50.517693],[30.509448,50.517751],[30.509434,50.517809],[30.509425,50.517867],[30.509423,50.517926],[30.509427,50.517985],[30.509436,50.518043],[30.509452,50.518101],[30.509474,50.518159],[30.509501,50.518215],[30.509534,50.51827],[30.509573,50.518323],[30.509617,50.518375],[30.509666,50.518425],[30.50972,50.518472],[30.509779,50.518517],[30.509843,50.51856],[30.509911,50.5186],[30.509982,50.518637],[30.510058,50.518671],[30.510081,50.51868],[30.510003,50.518689],[30.509914,50.518702],[30.509826,50.51872],[30.509739,50.518741],[30.509656,50.518766],[30.509575,50.518794],[30.509497,50.518825],[30.509422,50.51886],[30.509351,50.518897],[30.509284,50.518938],[30.509222,50.518981],[30.509164,50.519027],[30.50911,50.519075],[30.509062,50.519125],[30.509019,50.519177],[30.508982,50.519231],[30.50895,50.519286],[30.508924,50.519342],[30.508903,50.5194],[30.508889,50.519458],[30.50888,50.519516],[30.508878,50.519575],[30.508882,50.519634],[30.508891,50.519692],[30.508907,50.51975],[30.508929,50.519808],[30.508956,50.519864],[30.508989,50.519919],[30.509028,50.519972],[30.509072,50.520024],[30.509121,50.520074],[30.509175,50.520121],[30.509234,50.520166],[30.509298,50.520209],[30.509366,50.520249],[30.509437,50.520286],[30.509513,50.52032],[30.509591,50.520351],[30.509673,50.520378],[30.509757,50.520402],[30.509844,50.520422],[30.509932,50.520439],[30.509988,50.520447],[30.509989,50.52046],[30.509998,50.520518],[30.510014,50.520576],[30.510036,50.520634],[30.510063,50.52069],[30.510096,50.520745],[30.510135,50.520798],[30.510179,50.52085],[30.510228,50.5209],[30.510282,50.520947],[30.510341,50.520992],[30.510405,50.521035],[30.510473,50.521075],[30.510544,50.521112],[30.51062,50.521146],[30.510698,50.521177],[30.51078,50.521204],[30.510785,50.521205],[30.510788,50.521248],[30.510797,50.521306],[30.510813,50.521364],[30.510835,50.521422],[30.510862,50.521478],[30.510895,50.521533],[30.510934,50.521586],[30.510978,50.521638],[30.511027,50.521688],[30.511081,50.521735],[30.51114,50.52178],[30.511204,50.521823],[30.511272,50.521863],[30.511282,50.521868],[30.511297,50.521922],[30.511319,50.52198],[30.511346,50.522036],[30.511379,50.522091],[30.511418,50.522144],[30.511462,50.522196],[30.511511,50.522246],[30.511565,50.522293],[30.511624,50.522338],[30.511688,50.522381],[30.511756,50.522421],[30.511827,50.522458],[30.511872,50.522478],[30.51188,50.522529],[30.511896,50.522587],[30.511918,50.522645],[30.511945,50.522701],[30.511978,50.522756],[30.512017,50.522809],[30.512061,50.522861],[30.51211,50.522911],[30.512164,50.522958],[30.512223,50.523003],[30.512287,50.523046],[30.512355,50.523086],[30.512426,50.523123],[30.512502,50.523157],[30.512515,50.523162],[30.512503,50.523174],[30.51246,50.523226],[30.512423,50.52328],[30.512391,50.523335],[30.512364,50.523391],[30.512344,50.523449],[30.51233,50.523507],[30.512321,50.523565],[30.512319,50.523624],[30.512323,50.523683],[30.512332,50.523741],[30.512348,50.523799],[30.512369,50.523857],[30.512397,50.523913],[30.51243,50.523968],[30.512469,50.524021],[30.512513,50.524073],[30.512562,50.524123],[30.512616,50.52417],[30.512675,50.524215],[30.512739,50.524258],[30.512807,50.524298],[30.512878,50.524335],[30.512954,50.524369],[30.513032,50.5244],[30.513114,50.524427],[30.513198,50.524451],[30.513285,50.524471],[30.513373,50.524488],[30.513463,50.524501],[30.513555,50.52451],[30.513647,50.524515],[30.513739,50.524517],[30.513831,50.524515],[30.513923,50.524508],[30.514014,50.524498],[30.514103,50.524485],[30.514192,50.524467],[30.514278,50.524446],[30.514361,50.524421],[30.514443,50.524393],[30.514521,50.524362],[30.514595,50.524327],[30.514666,50.52429],[30.514733,50.524249],[30.514796,50.524206],[30.514854,50.52416],[30.514907,50.524112],[30.514955,50.524062],[30.514998,50.52401],[30.515036,50.523956],[30.515067,50.523901],[30.515094,50.523845],[30.515114,50.523787],[30.515128,50.523729],[30.515137,50.523671],[30.515139,50.523612],[30.515135,50.523553],[30.515126,50.523494],[30.51511,50.523437],[30.515089,50.523379],[30.515061,50.523323],[30.515028,50.523268],[30.514989,50.523215],[30.514945,50.523163],[30.514896,50.523113],[30.514842,50.523066],[30.514783,50.523021],[30.514719,50.522978],[30.514651,50.522938],[30.51458,50.522901],[30.514504,50.522867],[30.514491,50.522862],[30.514503,50.52285],[30.514546,50.522798],[30.51457,50.522763],[30.514593,50.522781],[30.514657,50.522824],[30.514725,50.522863],[30.514796,50.5229],[30.514872,50.522934],[30.51495,50.522965],[30.515032,50.522993],[30.515116,50.523016],[30.515203,50.523037],[30.515291,50.523053],[30.515381,50.523066],[30.515473,50.523076],[30.515564,50.523081],[30.515657,50.523082],[30.515749,50.52308],[30.515841,50.523074],[30.515932,50.523064],[30.516021,50.52305],[30.516109,50.523033],[30.516196,50.523012],[30.516279,50.522987],[30.51636,50.522959],[30.516438,50.522927],[30.516513,50.522893],[30.516584,50.522855],[30.516651,50.522815],[30.516714,50.522772],[30.516772,50.522726],[30.516825,50.522678],[30.516873,50.522628],[30.516916,50.522576],[30.516953,50.522522],[30.51698,50.522475],[30.516983,50.522509],[30.516992,50.522568],[30.517008,50.522626],[30.51703,50.522683],[30.517057,50.522739],[30.51709,50.522794],[30.517129,50.522847],[30.517173,50.522899],[30.517222,50.522949],[30.517276,50.522996],[30.517335,50.523041],[30.517399,50.523084],[30.517467,50.523124],[30.517538,50.523161],[30.517614,50.523195],[30.517692,50.523226],[30.517774,50.523253],[30.517858,50.523277],[30.517945,50.523297],[30.518034,50.523314],[30.518124,50.523327],[30.518215,50.523336],[30.518307,50.523341],[30.518399,50.523343],[30.518491,50.523341],[30.518509,50.523339],[30.518508,50.52334],[30.518433,50.523374],[30.518363,50.523412],[30.518296,50.523452],[30.518233,50.523496],[30.518175,50.523541],[30.518122,50.523589],[30.518074,50.52364],[30.518031,50.523692],[30.517993,50.523745],[30.517961,50.523801],[30.517935,50.523857],[30.517915,50.523914],[30.5179,50.523973],[30.517892,50.524031],[30.51789,50.52409],[30.517893,50.524149],[30.517903,50.524207],[30.517919,50.524265],[30.51794,50.524322],[30.517968,50.524379],[30.518001,50.524433],[30.518039,50.524487],[30.518083,50.524539],[30.518133,50.524588],[30.518187,50.524636],[30.518246,50.524681],[30.51831,50.524724],[30.518377,50.524764],[30.518449,50.524801],[30.518525,50.524835],[30.518603,50.524865],[30.518685,50.524893],[30.518769,50.524917],[30.518856,50.524937],[30.518944,50.524954],[30.519034,50.524967],[30.519125,50.524976],[30.519217,50.524981],[30.51931,50.524983],[30.519402,50.52498],[30.519494,50.524974],[30.519585,50.524964],[30.519674,50.52495],[30.519762,50.524933],[30.519848,50.524912],[30.519932,50.524887],[30.520013,50.524859],[30.520091,50.524828],[30.520166,50.524793],[30.520237,50.524755],[30.520304,50.524715],[30.52034,50.52469],[30.520389,50.524691],[30.520481,50.524689],[30.520573,50.524682],[30.520664,50.524672],[30.520754,50.524659],[30.520842,50.524641],[30.520928,50.52462],[30.521012,50.524595],[30.521093,50.524567],[30.521171,50.524536],[30.521245,50.524501],[30.521316,50.524464],[30.521383,50.524423],[30.521446,50.52438],[30.521504,50.524334],[30.521557,50.524286],[30.521605,50.524236],[30.521648,50.524184],[30.521686,50.52413],[30.521717,50.524075],[30.521744,50.524019],[30.521764,50.523961],[30.521778,50.523903],[30.521787,50.523844],[30.521789,50.523786],[30.521785,50.523727],[30.521776,50.523668],[30.52176,50.52361],[30.521738,50.523553],[30.521711,50.523497],[30.521678,50.523442],[30.521639,50.523389],[30.521595,50.523337],[30.521546,50.523287],[30.521492,50.52324],[30.521433,50.523195],[30.521369,50.523152],[30.521301,50.523112],[30.52123,50.523075],[30.521154,50.523041],[30.521075,50.52301],[30.520994,50.522983],[30.520909,50.522959],[30.520823,50.522939],[30.520825,50.522939],[30.520909,50.522914],[30.52099,50.522886],[30.521068,50.522854],[30.521142,50.52282],[30.521213,50.522782],[30.52128,50.522742],[30.521343,50.522698],[30.521401,50.522653],[30.521454,50.522605],[30.521502,50.522554],[30.521545,50.522502],[30.521583,50.522449],[30.521614,50.522393],[30.521641,50.522337],[30.521661,50.52228],[30.521675,50.522222],[30.521684,50.522163],[30.521686,50.522104],[30.521682,50.522045],[30.521673,50.521987],[30.521657,50.521929],[30.521635,50.521872],[30.521608,50.521816],[30.521575,50.521761],[30.521536,50.521707],[30.521492,50.521656],[30.521443,50.521606],[30.521389,50.521558],[30.52133,50.521513],[30.521266,50.52147],[30.521198,50.52143],[30.521127,50.521393],[30.521051,50.52136],[30.520972,50.521329],[30.520891,50.521301],[30.520806,50.521278],[30.52072,50.521257],[30.520631,50.521241],[30.520541,50.521228],[30.52045,50.521218],[30.520358,50.521213],[30.520266,50.521212],[30.520174,50.521214],[30.520082,50.52122],[30.519991,50.52123],[30.519902,50.521244],[30.519813,50.521261],[30.519727,50.521282],[30.519644,50.521307],[30.519562,50.521335],[30.519484,50.521367],[30.51941,50.521401],[30.519339,50.521439],[30.519272,50.521479],[30.519209,50.521523],[30.519151,50.521568],[30.519098,50.521616],[30.519062,50.521654],[30.519004,50.521635],[30.51892,50.521611],[30.518833,50.521591],[30.518744,50.521574],[30.518654,50.521561],[30.518563,50.521552],[30.518471,50.521547],[30.518379,50.521545],[30.518287,50.521547],[30.518195,50.521554],[30.518104,50.521564],[30.518015,50.521577],[30.517926,50.521595],[30.51784,50.521616],[30.517757,50.521641],[30.517675,50.521669],[30.517597,50.5217],[30.517523,50.521735],[30.517452,50.521772],[30.517385,50.521813],[30.517322,50.521856],[30.517264,50.521902],[30.517211,50.52195],[30.517163,50.522],[30.51712,50.522052],[30.517083,50.522106],[30.517055,50.522153],[30.517053,50.522118],[30.517044,50.52206],[30.517028,50.522002],[30.517006,50.521945],[30.516979,50.521889],[30.516946,50.521834],[30.516907,50.52178],[30.516863,50.521729],[30.516814,50.521679],[30.51676,50.521631],[30.516701,50.521586],[30.516637,50.521543],[30.516569,50.521504],[30.516498,50.521467],[30.516422,50.521433],[30.516343,50.521402],[30.516262,50.521375],[30.516177,50.521351],[30.516091,50.52133],[30.516002,50.521314],[30.515912,50.521301],[30.515821,50.521291],[30.515729,50.521286],[30.515637,50.521285],[30.515545,50.521287],[30.515453,50.521293],[30.515362,50.521303],[30.515273,50.521317],[30.515184,50.521334],[30.515098,50.521355],[30.515015,50.52138],[30.514933,50.521408],[30.514855,50.52144],[30.514781,50.521474],[30.51471,50.521512],[30.514643,50.521552],[30.51458,50.521596],[30.514522,50.521641],[30.514469,50.521689],[30.514421,50.521739],[30.514378,50.521792],[30.514354,50.521826],[30.514331,50.521809],[30.514276,50.521772],[30.514279,50.521753],[30.514281,50.521694],[30.514277,50.521635],[30.514268,50.521577],[30.514252,50.52152],[30.514292,50.521472],[30.514329,50.521418],[30.514361,50.521363],[30.514388,50.521307],[30.514408,50.521249],[30.514422,50.521191],[30.514431,50.521133],[30.514433,50.521074],[30.514429,50.521015],[30.51442,50.520956],[30.514404,50.520899],[30.514382,50.520841],[30.514355,50.520785],[30.514322,50.52073],[30.514283,50.520677],[30.514239,50.520625],[30.51419,50.520575],[30.514136,50.520528],[30.514077,50.520483],[30.514013,50.52044],[30.514005,50.520435],[30.514006,50.520417],[30.514002,50.520358],[30.513993,50.5203],[30.513977,50.520242],[30.513968,50.520217],[30.514011,50.520187],[30.514069,50.520141],[30.514122,50.520093],[30.51417,50.520043],[30.514213,50.519991],[30.51425,50.519937],[30.514282,50.519882],[30.514308,50.519826],[30.514329,50.519768],[30.514343,50.51971],[30.514352,50.519652],[30.514354,50.519593],[30.51435,50.519534],[30.514341,50.519476],[30.514325,50.519418],[30.514303,50.51936],[30.51429,50.519333],[30.514293,50.519328],[30.514325,50.519273],[30.514351,50.519217],[30.514372,50.519159],[30.514386,50.519101],[30.514395,50.519043],[30.514397,50.518984],[30.514393,50.518925],[30.514384,50.518866],[30.514368,50.518809],[30.514346,50.518751],[30.514319,50.518695],[30.514286,50.51864],[30.514247,50.518587],[30.514203,50.518535],[30.514154,50.518485],[30.5141,50.518438],[30.514041,50.518393],[30.513977,50.51835],[30.513909,50.51831],[30.513838,50.518273],[30.513762,50.518239],[30.513684,50.518208],[30.513602,50.518181],[30.513518,50.518157],[30.513431,50.518137],[30.513343,50.51812],[30.513253,50.518107],[30.513161,50.518098],[30.513069,50.518093],[30.512977,50.518091],[30.512885,50.518093],[30.512793,50.5181],[30.512702,50.51811],[30.512613,50.518123],[30.512525,50.518141],[30.512438,50.518162],[30.512355,50.518187],[30.512274,50.518215],[30.512196,50.518246],[30.512125,50.518279],[30.512139,50.518258],[30.512171,50.518203],[30.512197,50.518147],[30.512218,50.518089],[30.512232,50.518031],[30.512241,50.517973],[30.512243,50.517914],[30.512239,50.517855],[30.51223,50.517797],[30.512214,50.517739],[30.512192,50.517681],[30.51219,50.517676],[30.512222,50.517669],[30.512309,50.517648],[30.512392,50.517623],[30.512473,50.517595],[30.512551,50.517564],[30.512626,50.517529],[30.512697,50.517492],[30.512764,50.517451],[30.512826,50.517408],[30.512884,50.517362],[30.512938,50.517314],[30.512986,50.517264],[30.513029,50.517212],[30.513041,50.517195],[30.513054,50.517183],[30.513102,50.517133],[30.513145,50.517081],[30.513182,50.517027],[30.513214,50.516972],[30.51324,50.516916],[30.513261,50.516858],[30.513275,50.5168],[30.513284,50.516742],[30.513286,50.516683],[30.513282,50.516624],[30.513273,50.516566],[30.513257,50.516508],[30.513235,50.51645],[30.513208,50.516394],[30.513175,50.516339],[30.513136,50.516286],[30.513098,50.516241],[30.513129,50.516239],[30.51322,50.516229],[30.513309,50.516216],[30.513397,50.516198],[30.513484,50.516177],[30.513567,50.516152],[30.513648,50.516124],[30.513726,50.516093],[30.513801,50.516058],[30.513872,50.516021],[30.513939,50.51598],[30.514001,50.515937],[30.514059,50.515891],[30.514113,50.515843],[30.514161,50.515793],[30.514204,50.515741],[30.514241,50.515687],[30.514273,50.515632],[30.514299,50.515576],[30.514307,50.515555],[30.514376,50.515591],[30.514451,50.515625],[30.51453,50.515656],[30.514611,50.515683],[30.514696,50.515707],[30.514782,50.515727],[30.514871,50.515744],[30.514961,50.515757],[30.515052,50.515766],[30.515144,50.515771],[30.515236,50.515773],[30.515328,50.515771],[30.51542,50.515764],[30.515511,50.515754],[30.5156,50.515741],[30.515688,50.515723],[30.515775,50.515702],[30.515858,50.515677],[30.515939,50.515649],[30.516017,50.515618],[30.516092,50.515583],[30.516163,50.515546],[30.51623,50.515505],[30.516292,50.515462],[30.51635,50.515416],[30.516404,50.515368],[30.516452,50.515318],[30.516495,50.515266],[30.516532,50.515212],[30.516564,50.515157],[30.51659,50.515101],[30.516611,50.515043],[30.516625,50.514985],[30.516633,50.514927],[30.516636,50.514868],[30.516632,50.514809],[30.516622,50.51475],[30.516607,50.514693],[30.516585,50.514635],[30.516558,50.514579],[30.516525,50.514524],[30.516486,50.514471],[30.516442,50.514419],[30.516393,50.514369],[30.516339,50.514322],[30.51628,50.514277],[30.516216,50.514234],[30.516148,50.514194],[30.516076,50.514157],[30.516001,50.514123],[30.515922,50.514092],[30.515841,50.514065],[30.515756,50.514041],[30.51567,50.514021],[30.515581,50.514004],[30.515491,50.513991],[30.5154,50.513982],[30.515308,50.513977],[30.515216,50.513975],[30.515124,50.513977],[30.515032,50.513984],[30.514941,50.513994],[30.514852,50.514007],[30.514764,50.514025],[30.514677,50.514046],[30.514594,50.514071],[30.514513,50.514099],[30.514435,50.51413],[30.51436,50.514165],[30.514289,50.514202],[30.514222,50.514243],[30.51416,50.514286],[30.514102,50.514332],[30.514048,50.51438],[30.514,50.51443],[30.513957,50.514482],[30.51392,50.514536],[30.513888,50.514591],[30.513862,50.514647],[30.513855,50.514668],[30.513786,50.514632],[30.51371,50.514598],[30.513631,50.514567]],[[30.519665,50.523017],[30.519587,50.523048],[30.519513,50.523083],[30.519442,50.52312],[30.519375,50.523161],[30.519339,50.523186],[30.51929,50.523185],[30.519198,50.523187],[30.51918,50.523188],[30.519181,50.523188],[30.519255,50.523153],[30.519326,50.523116],[30.519393,50.523075],[30.519456,50.523032],[30.519514,50.522986],[30.519567,50.522938],[30.519603,50.5229],[30.519661,50.522919],[30.519746,50.522943],[30.519832,50.522964],[30.51983,50.522964],[30.519746,50.522989],[30.519665,50.523017]]],[[[30.510754,50.521575],[30.5107,50.521527],[30.510641,50.521482],[30.510577,50.521439],[30.510509,50.5214],[30.510438,50.521363],[30.510362,50.521329],[30.510284,50.521298],[30.510202,50.52127],[30.510118,50.521247],[30.510031,50.521226],[30.509943,50.52121],[30.509853,50.521197],[30.509761,50.521187],[30.50967,50.521182],[30.509577,50.521181],[30.509485,50.521183],[30.509393,50.521189],[30.509302,50.521199],[30.509213,50.521213],[30.509125,50.52123],[30.509038,50.521251],[30.508955,50.521276],[30.508874,50.521304],[30.508796,50.521335],[30.508721,50.52137],[30.50865,50.521408],[30.508583,50.521448],[30.508521,50.521491],[30.508462,50.521537],[30.508409,50.521585],[30.508361,50.521635],[30.508318,50.521687],[30.508281,50.521741],[30.508249,50.521796],[30.508223,50.521853],[30.508202,50.52191],[30.508188,50.521968],[30.508179,50.522027],[30.508177,50.522086],[30.508181,50.522144],[30.50819,50.522203],[30.508206,50.522261],[30.508228,50.522318],[30.508255,50.522374],[30.508288,50.522429],[30.508327,50.522483],[30.508371,50.522534],[30.50842,50.522584],[30.508474,50.522632],[30.508533,50.522677],[30.508597,50.522719],[30.508665,50.522759],[30.508736,50.522796],[30.508812,50.52283],[30.50889,50.522861],[30.508972,50.522888],[30.509056,50.522912],[30.509143,50.522933],[30.509231,50.522949],[30.509321,50.522962],[30.509413,50.522971],[30.509504,50.522977],[30.509597,50.522978],[30.509689,50.522976],[30.509781,50.52297],[30.509872,50.52296],[30.509961,50.522946],[30.510049,50.522929],[30.510136,50.522908],[30.510219,50.522883],[30.5103,50.522855],[30.510378,50.522823],[30.510453,50.522789],[30.510524,50.522751],[30.510591,50.522711],[30.510654,50.522668],[30.510712,50.522622],[30.510765,50.522574],[30.510813,50.522524],[30.510856,50.522471],[30.510893,50.522418],[30.510925,50.522363],[30.510952,50.522306],[30.510972,50.522249],[30.510986,50.522191],[30.510995,50.522132],[30.510997,50.522073],[30.510993,50.522014],[30.510984,50.521956],[30.510968,50.521898],[30.510947,50.521841],[30.510919,50.521785],[30.510886,50.52173],[30.510847,50.521676],[30.510803,50.521625],[30.510754,50.521575]]],[[[30.520241,50.481849],[30.520186,50.481801],[30.520128,50.481756],[30.520064,50.481713],[30.519996,50.481673],[30.519925,50.481636],[30.519849,50.481602],[30.519771,50.481572],[30.519689,50.481544],[30.519605,50.48152],[30.519518,50.4815],[30.51943,50.481483],[30.51934,50.48147],[30.519249,50.481461],[30.519157,50.481456],[30.519065,50.481454],[30.518973,50.481457],[30.518881,50.481463],[30.51879,50.481473],[30.518701,50.481486],[30.518613,50.481504],[30.518527,50.481525],[30.518443,50.48155],[30.518362,50.481578],[30.518284,50.481609],[30.518209,50.481644],[30.518138,50.481681],[30.518072,50.481722],[30.518009,50.481765],[30.517951,50.481811],[30.517898,50.481859],[30.51785,50.481909],[30.517807,50.481961],[30.517769,50.482015],[30.517738,50.48207],[30.517711,50.482127],[30.517691,50.482184],[30.517677,50.482242],[30.517668,50.482301],[30.517666,50.482359],[30.51767,50.482418],[30.517679,50.482477],[30.517695,50.482535],[30.517716,50.482592],[30.517744,50.482648],[30.517777,50.482703],[30.517816,50.482756],[30.51786,50.482808],[30.517909,50.482858],[30.517963,50.482905],[30.518022,50.482951],[30.518086,50.482993],[30.518153,50.483033],[30.518225,50.48307],[30.5183,50.483104],[30.518379,50.483135],[30.51846,50.483162],[30.518545,50.483186],[30.518631,50.483206],[30.51872,50.483223],[30.51881,50.483236],[30.518901,50.483245],[30.518992,50.483251],[30.519085,50.483252],[30.519177,50.48325],[30.519268,50.483244],[30.519359,50.483234],[30.519449,50.48322],[30.519537,50.483202],[30.519623,50.483181],[30.519707,50.483157],[30.519788,50.483129],[30.519866,50.483097],[30.51994,50.483062],[30.520011,50.483025],[30.520078,50.482984],[30.520141,50.482941],[30.520199,50.482895],[30.520252,50.482847],[30.5203,50.482797],[30.520343,50.482745],[30.52038,50.482691],[30.520412,50.482636],[30.520438,50.48258],[30.520458,50.482522],[30.520473,50.482464],[30.520481,50.482406],[30.520484,50.482347],[30.52048,50.482288],[30.52047,50.48223],[30.520455,50.482172],[30.520433,50.482114],[30.520406,50.482058],[30.520373,50.482003],[30.520334,50.48195],[30.52029,50.481898],[30.520241,50.481849]]],[[[30.525076,50.484839],[30.525022,50.484791],[30.524963,50.484746],[30.524899,50.484704],[30.524832,50.484664],[30.52476,50.484627],[30.524685,50.484593],[30.524606,50.484562],[30.524524,50.484535],[30.52444,50.484511],[30.524354,50.48449],[30.524265,50.484474],[30.524175,50.484461],[30.524084,50.484452],[30.523992,50.484446],[30.5239,50.484445],[30.523808,50.484447],[30.523716,50.484453],[30.523626,50.484463],[30.523536,50.484477],[30.523448,50.484495],[30.523362,50.484516],[30.523278,50.48454],[30.523197,50.484568],[30.523119,50.4846],[30.523045,50.484634],[30.522974,50.484672],[30.522907,50.484713],[30.522844,50.484756],[30.522786,50.484801],[30.522733,50.48485],[30.522685,50.4849],[30.522642,50.484952],[30.522605,50.485006],[30.522573,50.485061],[30.522547,50.485117],[30.522526,50.485175],[30.522512,50.485233],[30.522504,50.485291],[30.522501,50.48535],[30.522505,50.485409],[30.522515,50.485467],[30.52253,50.485525],[30.522552,50.485582],[30.522579,50.485639],[30.522612,50.485694],[30.522651,50.485747],[30.522695,50.485799],[30.522744,50.485848],[30.522798,50.485896],[30.522857,50.485941],[30.522921,50.485984],[30.522989,50.486024],[30.52306,50.486061],[30.523136,50.486095],[30.523214,50.486125],[30.523296,50.486153],[30.52338,50.486177],[30.523467,50.486197],[30.523555,50.486214],[30.523645,50.486227],[30.523736,50.486236],[30.523828,50.486241],[30.52392,50.486243],[30.524012,50.48624],[30.524104,50.486234],[30.524195,50.486224],[30.524284,50.48621],[30.524373,50.486193],[30.524459,50.486172],[30.524542,50.486147],[30.524623,50.486119],[30.524701,50.486088],[30.524776,50.486053],[30.524847,50.486015],[30.524914,50.485975],[30.524976,50.485932],[30.525034,50.485886],[30.525087,50.485838],[30.525135,50.485788],[30.525178,50.485736],[30.525216,50.485682],[30.525248,50.485627],[30.525274,50.48557],[30.525294,50.485513],[30.525308,50.485455],[30.525317,50.485396],[30.525319,50.485337],[30.525315,50.485279],[30.525306,50.48522],[30.52529,50.485162],[30.525269,50.485105],[30.525241,50.485049],[30.525208,50.484994],[30.525169,50.48494],[30.525125,50.484889],[30.525076,50.484839]]],[[[30.53477,50.485295],[30.534716,50.485248],[30.534657,50.485202],[30.534593,50.48516],[30.534525,50.48512],[30.534454,50.485083],[30.534378,50.485049],[30.5343,50.485018],[30.534218,50.484991],[30.534134,50.484967],[30.534047,50.484947],[30.533959,50.48493],[30.533869,50.484917],[30.533778,50.484908],[30.533686,50.484903],[30.533594,50.484901],[30.533502,50.484903],[30.53341,50.48491],[30.533319,50.48492],[30.53323,50.484933],[30.533142,50.484951],[30.533055,50.484972],[30.532972,50.484997],[30.532891,50.485025],[30.532813,50.485056],[30.532738,50.485091],[30.532667,50.485128],[30.532601,50.485169],[30.532538,50.485212],[30.53248,50.485258],[30.532427,50.485306],[30.532379,50.485356],[30.532336,50.485408],[30.532298,50.485462],[30.532267,50.485517],[30.53224,50.485574],[30.53222,50.485631],[30.532206,50.485689],[30.532197,50.485748],[30.532195,50.485806],[30.532199,50.485865],[30.532208,50.485924],[30.532224,50.485982],[30.532246,50.486039],[30.532273,50.486095],[30.532306,50.48615],[30.532345,50.486203],[30.532389,50.486255],[30.532438,50.486305],[30.532492,50.486352],[30.532551,50.486398],[30.532615,50.48644],[30.532683,50.48648],[30.532754,50.486517],[30.53283,50.486551],[30.532908,50.486582],[30.53299,50.486609],[30.533074,50.486633],[30.533161,50.486653],[30.533249,50.48667],[30.533339,50.486683],[30.53343,50.486692],[30.533522,50.486697],[30.533614,50.486699],[30.533706,50.486697],[30.533798,50.48669],[30.533889,50.48668],[30.533978,50.486667],[30.534066,50.486649],[30.534153,50.486628],[30.534236,50.486603],[30.534317,50.486575],[30.534395,50.486544],[30.53447,50.486509],[30.534541,50.486472],[30.534607,50.486431],[30.53467,50.486388],[30.534728,50.486342],[30.534781,50.486294],[30.534829,50.486244],[30.534872,50.486192],[30.53491,50.486138],[30.534941,50.486083],[30.534968,50.486026],[30.534988,50.485969],[30.535002,50.485911],[30.535011,50.485852],[30.535013,50.485794],[30.535009,50.485735],[30.535,50.485676],[30.534984,50.485618],[30.534962,50.485561],[30.534935,50.485505],[30.534902,50.48545],[30.534863,50.485397],[30.534819,50.485345],[30.53477,50.485295]]],[[[30.530449,50.489446],[30.530395,50.489399],[30.530336,50.489353],[30.530272,50.489311],[30.530205,50.489271],[30.530133,50.489234],[30.530057,50.4892],[30.529979,50.489169],[30.529897,50.489142],[30.529813,50.489118],[30.529726,50.489098],[30.529638,50.489081],[30.529548,50.489068],[30.529457,50.489059],[30.529365,50.489054],[30.529273,50.489052],[30.529181,50.489054],[30.529089,50.489061],[30.528998,50.489071],[30.528909,50.489084],[30.528821,50.489102],[30.528735,50.489123],[30.528651,50.489148],[30.52857,50.489176],[30.528492,50.489207],[30.528417,50.489242],[30.528346,50.489279],[30.52828,50.48932],[30.528217,50.489363],[30.528159,50.489409],[30.528106,50.489457],[30.528058,50.489507],[30.528015,50.489559],[30.527977,50.489613],[30.527945,50.489668],[30.527919,50.489725],[30.527899,50.489782],[30.527885,50.48984],[30.527876,50.489899],[30.527874,50.489957],[30.527878,50.490016],[30.527887,50.490075],[30.527903,50.490133],[30.527925,50.49019],[30.527952,50.490246],[30.527985,50.490301],[30.528024,50.490354],[30.528068,50.490406],[30.528117,50.490456],[30.528171,50.490503],[30.52823,50.490549],[30.528294,50.490591],[30.528361,50.490631],[30.528433,50.490668],[30.528508,50.490702],[30.528587,50.490733],[30.528669,50.49076],[30.528753,50.490784],[30.52884,50.490804],[30.528928,50.490821],[30.529018,50.490834],[30.529109,50.490843],[30.529201,50.490848],[30.529293,50.49085],[30.529385,50.490848],[30.529477,50.490841],[30.529568,50.490831],[30.529657,50.490818],[30.529745,50.4908],[30.529832,50.490779],[30.529915,50.490754],[30.529996,50.490726],[30.530074,50.490695],[30.530149,50.49066],[30.53022,50.490623],[30.530286,50.490582],[30.530349,50.490539],[30.530407,50.490493],[30.53046,50.490445],[30.530508,50.490395],[30.530551,50.490343],[30.530589,50.490289],[30.530621,50.490234],[30.530647,50.490177],[30.530667,50.49012],[30.530681,50.490062],[30.53069,50.490003],[30.530692,50.489945],[30.530688,50.489886],[30.530679,50.489827],[30.530663,50.489769],[30.530641,50.489712],[30.530614,50.489656],[30.530581,50.489601],[30.530542,50.489548],[30.530498,50.489496],[30.530449,50.489446]]],[[[30.523717,50.500728],[30.523663,50.50068],[30.523604,50.500635],[30.523541,50.500592],[30.523473,50.500552],[30.523401,50.500515],[30.523326,50.500481],[30.523247,50.500451],[30.523166,50.500423],[30.523081,50.500399],[30.522995,50.500379],[30.522906,50.500362],[30.522816,50.500349],[30.522725,50.50034],[30.522633,50.500335],[30.522541,50.500333],[30.522449,50.500336],[30.522357,50.500342],[30.522266,50.500352],[30.522177,50.500366],[30.522089,50.500383],[30.522003,50.500404],[30.521919,50.500429],[30.521838,50.500457],[30.52176,50.500488],[30.521685,50.500523],[30.521654,50.50054],[30.521643,50.500545],[30.521572,50.500582],[30.521505,50.500623],[30.521442,50.500666],[30.521384,50.500712],[30.521331,50.50076],[30.521283,50.50081],[30.52124,50.500862],[30.521203,50.500916],[30.521171,50.500971],[30.521145,50.501028],[30.521124,50.501085],[30.52111,50.501143],[30.521101,50.501202],[30.521099,50.50126],[30.521103,50.501319],[30.521112,50.501378],[30.521128,50.501436],[30.52115,50.501493],[30.521177,50.501549],[30.52121,50.501604],[30.521249,50.501657],[30.521293,50.501709],[30.521342,50.501759],[30.521396,50.501806],[30.521455,50.501852],[30.521519,50.501894],[30.521587,50.501934],[30.521658,50.501971],[30.521734,50.502005],[30.521812,50.502036],[30.521894,50.502063],[30.521978,50.502087],[30.522065,50.502107],[30.522153,50.502124],[30.522243,50.502137],[30.522334,50.502146],[30.522426,50.502152],[30.522518,50.502153],[30.522611,50.502151],[30.522702,50.502145],[30.522793,50.502135],[30.522883,50.502121],[30.522971,50.502103],[30.523057,50.502082],[30.523141,50.502058],[30.523222,50.502029],[30.5233,50.501998],[30.523374,50.501963],[30.523406,50.501947],[30.523417,50.501942],[30.523488,50.501904],[30.523555,50.501863],[30.523617,50.50182],[30.523675,50.501774],[30.523729,50.501726],[30.523777,50.501676],[30.52382,50.501624],[30.523857,50.50157],[30.523889,50.501515],[30.523915,50.501459],[30.523935,50.501401],[30.52395,50.501343],[30.523958,50.501285],[30.523961,50.501226],[30.523957,50.501167],[30.523947,50.501109],[30.523931,50.501051],[30.52391,50.500994],[30.523883,50.500937],[30.523849,50.500882],[30.523811,50.500829],[30.523767,50.500777],[30.523717,50.500728]]],[[[30.517523,50.517121],[30.517469,50.517074],[30.51741,50.517029],[30.517346,50.516986],[30.517278,50.516946],[30.517207,50.516909],[30.517131,50.516875],[30.517052,50.516844],[30.516971,50.516817],[30.516886,50.516793],[30.5168,50.516773],[30.516711,50.516756],[30.516621,50.516743],[30.51653,50.516734],[30.516438,50.516729],[30.516346,50.516727],[30.516254,50.516729],[30.516162,50.516736],[30.516071,50.516746],[30.515982,50.516759],[30.515894,50.516777],[30.515807,50.516798],[30.515724,50.516823],[30.515643,50.516851],[30.515565,50.516882],[30.51549,50.516917],[30.515419,50.516954],[30.515352,50.516995],[30.51529,50.517038],[30.515231,50.517084],[30.515178,50.517132],[30.51513,50.517182],[30.515087,50.517234],[30.51505,50.517288],[30.515018,50.517343],[30.514992,50.517399],[30.514971,50.517457],[30.514957,50.517515],[30.514948,50.517573],[30.514946,50.517632],[30.51495,50.517691],[30.514959,50.51775],[30.514975,50.517807],[30.514997,50.517865],[30.515024,50.517921],[30.515057,50.517976],[30.515096,50.518029],[30.51514,50.518081],[30.515189,50.518131],[30.515243,50.518178],[30.515302,50.518223],[30.515366,50.518266],[30.515434,50.518306],[30.515505,50.518343],[30.515581,50.518377],[30.51566,50.518408],[30.515741,50.518435],[30.515826,50.518459],[30.515912,50.518479],[30.516001,50.518496],[30.516091,50.518509],[30.516182,50.518518],[30.516274,50.518523],[30.516366,50.518525],[30.516458,50.518523],[30.51655,50.518516],[30.516641,50.518506],[30.51673,50.518493],[30.516819,50.518475],[30.516905,50.518454],[30.516988,50.518429],[30.517069,50.518401],[30.517147,50.51837],[30.517222,50.518335],[30.517293,50.518298],[30.51736,50.518257],[30.517423,50.518214],[30.517481,50.518168],[30.517534,50.51812],[30.517582,50.51807],[30.517625,50.518018],[30.517662,50.517964],[30.517694,50.517909],[30.51772,50.517853],[30.517741,50.517795],[30.517755,50.517737],[30.517764,50.517679],[30.517766,50.51762],[30.517762,50.517561],[30.517753,50.517502],[30.517737,50.517444],[30.517715,50.517387],[30.517688,50.517331],[30.517655,50.517276],[30.517616,50.517223],[30.517572,50.517171],[30.517523,50.517121]]],[[[30.519824,50.519356],[30.51977,50.519308],[30.519711,50.519263],[30.519647,50.519221],[30.519579,50.519181],[30.519508,50.519144],[30.519432,50.51911],[30.519353,50.519079],[30.519272,50.519052],[30.519187,50.519028],[30.519101,50.519007],[30.519012,50.518991],[30.518922,50.518978],[30.518831,50.518969],[30.518739,50.518963],[30.518647,50.518962],[30.518555,50.518964],[30.518463,50.51897],[30.518372,50.51898],[30.518283,50.518994],[30.518194,50.519011],[30.518108,50.519033],[30.518025,50.519057],[30.517943,50.519085],[30.517865,50.519117],[30.517791,50.519151],[30.51772,50.519189],[30.517653,50.519229],[30.51759,50.519273],[30.517532,50.519318],[30.517479,50.519366],[30.517431,50.519417],[30.517388,50.519469],[30.517351,50.519522],[30.517319,50.519578],[30.517293,50.519634],[30.517272,50.519691],[30.517258,50.51975],[30.517252,50.519791],[30.517244,50.519792],[30.517153,50.519802],[30.517064,50.519815],[30.516975,50.519833],[30.516889,50.519854],[30.516806,50.519879],[30.516724,50.519907],[30.516646,50.519938],[30.516572,50.519973],[30.516501,50.52001],[30.516434,50.520051],[30.516371,50.520094],[30.516313,50.52014],[30.51626,50.520188],[30.516212,50.520238],[30.516169,50.52029],[30.516132,50.520344],[30.5161,50.520399],[30.516074,50.520456],[30.516053,50.520513],[30.516039,50.520571],[30.51603,50.52063],[30.516028,50.520688],[30.516032,50.520747],[30.516041,50.520806],[30.516057,50.520864],[30.516079,50.520921],[30.516106,50.520977],[30.516139,50.521032],[30.516178,50.521085],[30.516222,50.521137],[30.516271,50.521187],[30.516325,50.521234],[30.516384,50.52128],[30.516448,50.521322],[30.516516,50.521362],[30.516587,50.521399],[30.516663,50.521433],[30.516741,50.521464],[30.516823,50.521491],[30.516907,50.521515],[30.516994,50.521535],[30.517083,50.521552],[30.517173,50.521565],[30.517264,50.521574],[30.517356,50.52158],[30.517448,50.521581],[30.51754,50.521579],[30.517632,50.521573],[30.517723,50.521563],[30.517812,50.521549],[30.517901,50.521531],[30.517987,50.52151],[30.51807,50.521486],[30.518152,50.521458],[30.51823,50.521426],[30.518304,50.521391],[30.518375,50.521354],[30.518442,50.521313],[30.518505,50.52127],[30.518563,50.521224],[30.518616,50.521176],[30.518664,50.521126],[30.518707,50.521074],[30.518744,50.52102],[30.518776,50.520965],[30.518803,50.520909],[30.518823,50.520851],[30.518837,50.520793],[30.518843,50.520752],[30.518851,50.520751],[30.518942,50.520741],[30.519031,50.520727],[30.51912,50.52071],[30.519206,50.520689],[30.519289,50.520664],[30.519371,50.520636],[30.519449,50.520605],[30.519523,50.52057],[30.519594,50.520532],[30.519661,50.520492],[30.519724,50.520449],[30.519782,50.520403],[30.519835,50.520355],[30.519883,50.520305],[30.519926,50.520253],[30.519963,50.520199],[30.519995,50.520144],[30.520021,50.520087],[30.520042,50.52003],[30.520056,50.519972],[30.520065,50.519913],[30.520067,50.519854],[30.520063,50.519796],[30.520054,50.519737],[30.520038,50.519679],[30.520016,50.519622],[30.519989,50.519566],[30.519956,50.519511],[30.519917,50.519457],[30.519873,50.519406],[30.519824,50.519356]]],[[[30.517438,50.525378],[30.517348,50.525365],[30.517256,50.525356],[30.517165,50.525351],[30.517072,50.525349],[30.51698,50.525351],[30.516888,50.525358],[30.516797,50.525367],[30.516708,50.525381],[30.51662,50.525399],[30.516533,50.52542],[30.51645,50.525444],[30.516369,50.525473],[30.516291,50.525504],[30.516216,50.525539],[30.516145,50.525576],[30.516078,50.525617],[30.516015,50.52566],[30.515957,50.525706],[30.515904,50.525754],[30.515856,50.525804],[30.515813,50.525856],[30.515776,50.52591],[30.515744,50.525965],[30.515717,50.526021],[30.515697,50.526079],[30.515683,50.526137],[30.515674,50.526195],[30.515672,50.526254],[30.515676,50.526313],[30.515685,50.526371],[30.515701,50.526429],[30.515723,50.526487],[30.51575,50.526543],[30.515783,50.526598],[30.515822,50.526651],[30.515866,50.526703],[30.515915,50.526753],[30.515969,50.5268],[30.516028,50.526845],[30.516092,50.526888],[30.51616,50.526928],[30.516231,50.526965],[30.516307,50.526999],[30.516386,50.52703],[30.516467,50.527057],[30.516487,50.527063],[30.516407,50.527086],[30.516326,50.527114],[30.516248,50.527146],[30.516174,50.52718],[30.516103,50.527218],[30.516036,50.527258],[30.515973,50.527302],[30.515915,50.527347],[30.515862,50.527395],[30.515814,50.527446],[30.515771,50.527498],[30.515733,50.527551],[30.515701,50.527607],[30.515675,50.527663],[30.515655,50.52772],[30.51564,50.527778],[30.515632,50.527837],[30.51563,50.527896],[30.515633,50.527955],[30.515643,50.528013],[30.515659,50.528071],[30.51568,50.528128],[30.515708,50.528184],[30.515741,50.528239],[30.515779,50.528293],[30.515823,50.528344],[30.515873,50.528394],[30.515927,50.528442],[30.515986,50.528487],[30.51605,50.52853],[30.516117,50.52857],[30.516189,50.528607],[30.516264,50.528641],[30.516343,50.528671],[30.516425,50.528699],[30.516509,50.528722],[30.516596,50.528743],[30.516684,50.52876],[30.516774,50.528772],[30.516865,50.528782],[30.516957,50.528787],[30.51705,50.528789],[30.517142,50.528786],[30.517234,50.52878],[30.517325,50.52877],[30.517414,50.528756],[30.517502,50.528739],[30.517589,50.528718],[30.517672,50.528693],[30.517753,50.528665],[30.517831,50.528634],[30.517906,50.528599],[30.517977,50.528561],[30.518044,50.528521],[30.518107,50.528478],[30.518165,50.528432],[30.518218,50.528384],[30.518266,50.528334],[30.518309,50.528282],[30.518346,50.528228],[30.518378,50.528173],[30.518405,50.528116],[30.518425,50.528059],[30.518439,50.528001],[30.518448,50.527942],[30.51845,50.527883],[30.518446,50.527825],[30.518437,50.527766],[30.518421,50.527708],[30.518399,50.527651],[30.518372,50.527595],[30.518339,50.52754],[30.5183,50.527486],[30.518256,50.527435],[30.518214,50.527392],[30.518301,50.527386],[30.518392,50.527376],[30.518482,50.527363],[30.51857,50.527345],[30.518656,50.527324],[30.51874,50.527299],[30.518821,50.527271],[30.518899,50.52724],[30.518973,50.527205],[30.519044,50.527168],[30.519111,50.527127],[30.519174,50.527084],[30.519232,50.527038],[30.519285,50.52699],[30.519333,50.52694],[30.519376,50.526888],[30.519414,50.526834],[30.519446,50.526779],[30.519472,50.526723],[30.519492,50.526665],[30.519506,50.526607],[30.519515,50.526549],[30.519517,50.52649],[30.519514,50.526431],[30.519504,50.526372],[30.519488,50.526314],[30.519467,50.526257],[30.519439,50.526201],[30.519406,50.526146],[30.519367,50.526093],[30.519323,50.526041],[30.519274,50.525991],[30.51922,50.525944],[30.519161,50.525899],[30.519097,50.525856],[30.519029,50.525816],[30.518958,50.525779],[30.518882,50.525745],[30.518804,50.525714],[30.518722,50.525687],[30.518638,50.525663],[30.518551,50.525643],[30.518462,50.525626],[30.518372,50.525613],[30.518281,50.525604],[30.518189,50.525599],[30.518097,50.525597],[30.518056,50.525598],[30.518005,50.525568],[30.517933,50.525531],[30.517857,50.525497],[30.517779,50.525466],[30.517697,50.525439],[30.517613,50.525415],[30.517526,50.525395],[30.517438,50.525378]]]]}}]}